return_id,order_id,return_date,customer_id,product_id,store_id,returned_qty,refund_amount,return_reason
1,41,2024-01-19,17123,303,6,2,55.22,Damaged
2,67,2024-01-20,23105,71,14,1,3.22,Not Needed
3,160,2024-01-11,15321,185,2,1,11.35,Damaged
4,178,2024-01-19,5005,394,17,1,13.78,Quality Issue
5,190,2024-01-07,17129,165,7,1,30.33,Not Needed
6,196,2024-01-06,22209,104,18,2,13.79,Not Needed
7,206,2024-01-08,16432,40,4,1,3.81,Quality Issue
8,304,2024-01-21,9439,104,10,1,21.5,Late Delivery
9,352,2024-01-07,15081,150,23,1,3.63,Late Delivery
10,390,2024-01-04,8588,316,33,1,6.93,Damaged
11,407,2024-01-16,896,125,30,2,19.48,Not Needed
12,414,2024-01-15,21905,212,1,1,17.35,Late Delivery
13,494,2024-01-08,21770,46,14,1,7.6,Damaged
14,578,2024-01-20,12702,330,20,1,14.85,Late Delivery
15,587,2024-01-06,19488,695,10,1,355.62,Not Needed
16,603,2024-01-11,5397,399,6,1,14.83,Not Needed
17,667,2024-01-21,12110,18,3,1,1.0,Damaged
18,674,2024-01-14,12195,288,11,2,59.67,Late Delivery
19,676,2024-01-19,10637,556,19,2,62.78,Not Needed
20,684,2024-01-03,14793,7,8,2,23.24,Not Needed
21,779,2024-01-05,148,175,16,1,5.71,Late Delivery
22,820,2024-01-15,876,2,29,2,15.89,Quality Issue
23,865,2024-01-08,4728,234,32,2,17.39,Not Needed
24,887,2024-01-15,15821,11,11,1,22.62,Not Needed
25,888,2024-01-08,6641,108,32,1,5.47,Late Delivery
26,903,2024-01-15,4179,101,15,1,8.4,Quality Issue
27,924,2024-01-14,13895,453,33,1,14.56,Damaged
28,982,2024-01-15,2399,68,21,2,45.21,Not Needed
29,1031,2024-01-20,1705,600,19,2,69.13,Not Needed
30,1162,2024-01-10,17679,78,19,1,6.69,Damaged
31,1192,2024-01-12,21976,376,17,1,25.75,Quality Issue
32,1283,2024-01-18,20451,122,8,1,3.78,Not Needed
33,1308,2024-01-18,10330,196,13,2,9.61,Not Needed
34,1408,2024-01-05,9091,320,20,1,11.86,Wrong Item
35,1411,2024-01-11,7740,571,34,1,90.43,Quality Issue
36,1447,2024-01-19,14507,625,10,1,416.7,Wrong Item
37,1458,2024-01-22,3652,314,31,1,14.16,Wrong Item
38,1499,2024-01-08,3916,197,10,2,7.71,Late Delivery
39,1663,2024-01-14,2431,211,13,2,33.37,Not Needed
40,1668,2024-01-13,9580,302,32,2,15.52,Not Needed
41,1812,2024-01-06,12231,420,19,1,13.64,Damaged
42,1885,2024-01-11,1698,346,32,2,29.39,Quality Issue
43,1974,2024-01-23,5921,450,14,2,21.13,Quality Issue
44,1985,2024-01-21,11638,550,13,1,19.31,Not Needed
45,2098,2024-01-11,6734,630,14,1,250.84,Quality Issue
46,2169,2024-01-15,3736,141,27,2,21.34,Not Needed
47,2189,2024-01-12,10940,526,14,1,24.68,Not Needed
48,2203,2024-01-20,19081,195,4,2,4.69,Not Needed
49,2228,2024-01-26,20823,78,9,2,23.19,Wrong Item
50,2244,2024-01-13,8119,146,28,1,10.61,Late Delivery
51,2288,2024-01-19,1889,251,26,1,16.38,Quality Issue
52,2406,2024-01-21,11501,180,14,2,2.55,Damaged
53,2431,2024-01-22,19772,597,29,1,97.74,Damaged
54,2446,2024-01-16,12707,136,9,2,12.88,Not Needed
55,2540,2024-01-24,19856,182,11,1,3.25,Quality Issue
56,2616,2024-01-13,12857,549,33,1,4.79,Wrong Item
57,2652,2024-01-23,7036,242,34,1,19.74,Quality Issue
58,2710,2024-01-08,5692,218,29,1,13.84,Wrong Item
59,2783,2024-01-16,22026,321,14,1,58.73,Wrong Item
60,2792,2024-01-24,2954,23,26,1,7.85,Not Needed
61,3019,2024-01-09,8617,606,27,1,303.46,Not Needed
62,3066,2024-01-16,2922,192,5,1,20.3,Damaged
63,3122,2024-01-18,19515,88,7,2,14.21,Not Needed
64,3152,2024-01-11,11284,447,29,1,26.93,Damaged
65,3166,2024-01-21,6356,326,34,1,24.7,Wrong Item
66,3173,2024-01-09,11165,106,34,1,8.26,Quality Issue
67,3329,2024-01-10,14482,188,12,1,10.15,Quality Issue
68,3422,2024-01-12,18960,160,10,1,10.44,Not Needed
69,3462,2024-01-18,7428,225,30,2,13.78,Not Needed
70,3541,2024-01-15,870,571,6,1,24.54,Quality Issue
71,3607,2024-01-24,21101,1,7,2,2.17,Wrong Item
72,3684,2024-01-13,22789,593,8,1,14.74,Quality Issue
73,3749,2024-01-17,20693,107,22,2,6.1,Wrong Item
74,3757,2024-01-22,21167,303,15,1,10.18,Damaged
75,3785,2024-01-20,5224,109,3,1,11.33,Quality Issue
76,3858,2024-01-13,1272,258,14,1,7.36,Quality Issue
77,3923,2024-01-21,18549,584,33,2,44.89,Quality Issue
78,3980,2024-01-19,24414,46,25,1,7.51,Not Needed
79,3985,2024-01-22,4411,672,12,1,99.37,Not Needed
80,4052,2024-01-30,4177,124,5,2,28.22,Late Delivery
81,4067,2024-01-11,8607,16,26,1,3.9,Quality Issue
82,4101,2024-01-21,21726,101,22,1,5.26,Wrong Item
83,4140,2024-01-30,2491,507,34,1,4.68,Damaged
84,4192,2024-01-13,14806,255,14,1,80.6,Not Needed
85,4253,2024-01-19,2763,236,9,1,8.16,Damaged
86,4291,2024-01-26,21315,367,2,1,12.02,Not Needed
87,4372,2024-01-12,1746,300,30,2,50.26,Not Needed
88,4457,2024-01-27,15680,271,33,1,4.79,Damaged
89,4513,2024-01-14,22882,135,31,1,16.44,Damaged
90,4596,2024-01-18,18048,416,21,1,8.29,Wrong Item
91,4606,2024-01-12,6365,41,18,1,13.89,Not Needed
92,4640,2024-01-29,7661,421,21,1,3.99,Not Needed
93,4664,2024-01-19,584,482,4,2,29.09,Damaged
94,4826,2024-01-14,12185,195,18,1,17.55,Damaged
95,4851,2024-01-15,20782,520,19,2,15.46,Quality Issue
96,4948,2024-02-01,20589,696,32,1,178.59,Not Needed
97,4973,2024-02-01,20007,682,20,1,171.54,Not Needed
98,5011,2024-02-01,13601,43,20,2,35.51,Quality Issue
99,5028,2024-01-27,6897,274,9,1,16.25,Damaged
100,5051,2024-01-14,23681,149,23,1,1.65,Not Needed
101,5080,2024-01-17,21026,704,21,1,313.92,Not Needed
102,5148,2024-01-25,5419,498,25,2,63.0,Wrong Item
103,5172,2024-01-14,22441,157,19,1,8.43,Not Needed
104,5250,2024-02-02,14158,216,25,1,14.17,Not Needed
105,5285,2024-01-26,14538,531,27,1,7.11,Damaged
106,5343,2024-01-23,7643,120,24,1,6.58,Not Needed
107,5426,2024-01-16,1945,299,1,2,79.99,Quality Issue
108,5446,2024-01-22,15139,186,19,1,2.81,Late Delivery
109,5490,2024-01-18,17289,507,19,1,4.42,Damaged
110,5562,2024-01-17,4933,10,15,1,16.98,Not Needed
111,5595,2024-01-20,14206,226,23,1,30.25,Quality Issue
112,5620,2024-01-26,23960,570,34,1,41.65,Not Needed
113,5621,2024-01-28,13915,480,7,1,6.07,Quality Issue
114,5622,2024-01-14,8892,273,20,1,17.44,Quality Issue
115,5728,2024-01-25,13548,520,8,1,4.82,Damaged
116,5758,2024-01-19,7159,306,9,1,89.63,Late Delivery
117,5765,2024-02-01,14408,630,16,1,360.45,Not Needed
118,5783,2024-01-24,6088,291,18,1,19.11,Not Needed
119,5813,2024-01-19,13541,622,17,1,89.53,Not Needed
120,5847,2024-02-01,5459,606,16,1,568.04,Not Needed
121,5856,2024-01-31,21884,61,14,1,6.59,Late Delivery
122,5859,2024-01-23,13632,257,26,1,6.86,Not Needed
123,5861,2024-01-28,22385,669,22,1,97.11,Quality Issue
124,5867,2024-01-21,13815,152,23,1,3.02,Not Needed
125,5876,2024-01-30,17926,209,21,2,7.08,Late Delivery
126,5937,2024-01-26,18975,603,18,1,302.62,Late Delivery
127,5942,2024-01-25,2824,271,33,1,3.91,Late Delivery
128,5970,2024-01-18,10982,1,21,1,4.64,Quality Issue
129,6001,2024-01-17,8395,134,26,1,25.57,Wrong Item
130,6094,2024-01-25,24958,62,32,1,14.96,Damaged
131,6162,2024-01-29,1100,573,19,2,23.51,Not Needed
132,6174,2024-01-27,3835,195,33,1,7.93,Wrong Item
133,6268,2024-01-22,23041,165,4,1,35.3,Quality Issue
134,6269,2024-01-31,10310,357,3,1,15.52,Not Needed
135,6309,2024-01-25,5112,556,25,1,45.39,Not Needed
136,6351,2024-01-30,13530,78,15,2,21.79,Not Needed
137,6397,2024-02-02,16451,245,30,1,9.89,Quality Issue
138,6412,2024-01-31,10662,103,26,1,9.92,Not Needed
139,6417,2024-01-18,10619,26,26,1,4.38,Not Needed
140,6463,2024-01-27,6506,678,14,1,282.64,Not Needed
141,6595,2024-01-18,4503,256,1,1,18.57,Not Needed
142,6706,2024-01-26,19575,37,18,2,44.83,Not Needed
143,6708,2024-01-25,3936,218,17,1,9.99,Late Delivery
144,6723,2024-02-02,8256,531,31,2,15.71,Quality Issue
145,6743,2024-01-22,6519,32,29,2,11.87,Damaged
146,6760,2024-01-18,20062,238,9,2,112.62,Wrong Item
147,6761,2024-01-19,8337,214,8,2,7.09,Late Delivery
148,6778,2024-01-29,18667,576,23,1,13.09,Quality Issue
149,6793,2024-01-20,7500,650,23,1,248.06,Damaged
150,6852,2024-02-02,15169,640,14,1,197.6,Not Needed
151,6853,2024-01-22,14669,5,8,1,50.63,Not Needed
152,6888,2024-01-26,14825,112,33,1,6.44,Wrong Item
153,6899,2024-02-05,11097,624,23,1,27.17,Quality Issue
154,6947,2024-01-31,6260,433,31,1,61.45,Not Needed
155,6956,2024-02-05,22093,389,33,2,45.36,Late Delivery
156,6992,2024-02-04,14421,80,21,1,23.93,Not Needed
157,7012,2024-01-31,3102,713,6,1,219.99,Late Delivery
158,7034,2024-02-03,17743,440,29,1,27.81,Wrong Item
159,7113,2024-01-30,9293,109,32,2,18.12,Late Delivery
160,7146,2024-01-19,4672,416,26,1,18.93,Wrong Item
161,7159,2024-01-20,6284,27,20,2,30.53,Not Needed
162,7173,2024-01-24,982,259,20,2,36.23,Quality Issue
163,7225,2024-01-21,13079,214,32,1,3.83,Not Needed
164,7244,2024-02-01,2149,20,9,1,63.16,Late Delivery
165,7263,2024-01-18,11005,399,18,1,19.39,Not Needed
166,7281,2024-01-28,14613,605,16,1,196.71,Not Needed
167,7291,2024-01-19,5131,138,19,1,19.54,Not Needed
168,7321,2024-01-25,44,98,9,1,9.42,Damaged
169,7411,2024-01-28,3469,651,32,1,29.48,Damaged
170,7458,2024-02-04,746,190,28,1,6.1,Wrong Item
171,7571,2024-01-26,24854,62,27,1,28.65,Wrong Item
172,7589,2024-02-01,1778,555,26,2,44.97,Late Delivery
173,7687,2024-01-22,20339,430,33,1,6.62,Quality Issue
174,7769,2024-01-27,8267,305,14,1,16.5,Quality Issue
175,7837,2024-02-05,17335,100,18,1,17.09,Late Delivery
176,7867,2024-02-04,3809,423,14,1,24.56,Not Needed
177,7887,2024-01-30,18534,126,14,1,5.34,Damaged
178,7921,2024-02-01,18270,511,34,1,18.59,Wrong Item
179,7928,2024-01-23,4314,214,18,2,27.24,Not Needed
180,7934,2024-01-31,8065,260,12,1,10.97,Damaged
181,8001,2024-01-28,7322,520,9,1,16.89,Late Delivery
182,8002,2024-02-08,16164,55,34,1,10.87,Quality Issue
183,8130,2024-01-30,5444,18,9,2,4.75,Quality Issue
184,8158,2024-01-30,7874,6,14,2,2.47,Late Delivery
185,8259,2024-01-27,14860,545,15,1,13.33,Damaged
186,8268,2024-02-04,24788,145,3,1,7.46,Not Needed
187,8336,2024-02-06,24976,366,7,2,8.98,Damaged
188,8338,2024-01-28,24928,505,26,1,18.03,Not Needed
189,8380,2024-01-29,6138,262,9,2,85.54,Late Delivery
190,8581,2024-02-03,17374,262,16,1,15.8,Damaged
191,8764,2024-02-03,10248,388,17,1,16.64,Late Delivery
192,8808,2024-01-22,13665,310,9,1,11.79,Quality Issue
193,8852,2024-02-02,6556,534,32,1,14.46,Wrong Item
194,8918,2024-01-27,8098,97,20,2,1.3,Not Needed
195,8929,2024-02-01,22453,326,33,1,7.03,Not Needed
196,8960,2024-02-04,21278,20,28,1,11.37,Late Delivery
197,9084,2024-02-04,12548,364,29,1,15.19,Wrong Item
198,9086,2024-02-08,10139,394,1,2,50.74,Wrong Item
199,9099,2024-01-26,8660,344,3,2,33.57,Not Needed
200,9211,2024-01-26,21813,209,21,2,18.74,Wrong Item
201,9274,2024-01-24,7910,392,27,1,15.61,Not Needed
202,9388,2024-02-05,18524,159,5,1,12.89,Late Delivery
203,9416,2024-01-29,10951,92,11,2,2.98,Quality Issue
204,9465,2024-02-01,4895,21,8,1,10.91,Quality Issue
205,9477,2024-02-01,5510,451,27,1,58.01,Damaged
206,9491,2024-01-27,13104,601,2,1,361.6,Late Delivery
207,9873,2024-01-31,1239,428,32,1,23.12,Quality Issue
208,9913,2024-02-12,6787,539,5,2,18.28,Late Delivery
209,9937,2024-02-04,1670,172,7,1,14.02,Damaged
210,9960,2024-01-30,673,497,11,1,14.0,Late Delivery
211,10095,2024-02-05,8930,449,9,1,56.66,Quality Issue
212,10113,2024-02-08,17318,413,28,1,7.64,Late Delivery
213,10200,2024-01-27,12953,30,11,1,8.32,Wrong Item
214,10205,2024-01-27,9186,197,12,2,3.17,Quality Issue
215,10224,2024-02-02,8390,51,22,1,5.43,Not Needed
216,10282,2024-02-12,4851,96,33,1,3.59,Not Needed
217,10293,2024-02-12,23210,330,17,1,8.45,Damaged
218,10299,2024-01-26,1944,95,15,1,1.86,Not Needed
219,10346,2024-02-07,22906,44,16,2,17.04,Not Needed
220,10352,2024-02-01,23212,579,18,1,24.7,Not Needed
221,10384,2024-01-25,7297,174,9,1,4.06,Damaged
222,10519,2024-02-05,6566,204,13,2,10.79,Damaged
223,10598,2024-01-31,23919,530,20,2,26.16,Quality Issue
224,10679,2024-02-06,5100,170,17,1,0.66,Wrong Item
225,10709,2024-02-02,15930,402,1,1,18.35,Not Needed
226,10765,2024-02-05,19350,556,8,1,69.21,Not Needed
227,10861,2024-02-08,2640,383,32,1,8.47,Quality Issue
228,10889,2024-02-14,23257,140,34,1,9.57,Quality Issue
229,11081,2024-02-07,5234,290,28,2,66.3,Not Needed
230,11109,2024-02-08,3505,255,19,2,97.27,Late Delivery
231,11123,2024-02-03,14777,526,26,1,17.25,Not Needed
232,11127,2024-02-07,22332,664,14,1,462.38,Not Needed
233,11224,2024-01-29,12982,98,18,2,6.71,Damaged
234,11236,2024-01-27,22599,354,3,1,8.24,Not Needed
235,11244,2024-02-10,19882,117,22,1,3.95,Not Needed
236,11294,2024-01-30,16051,495,24,1,30.37,Late Delivery
237,11358,2024-01-29,15817,453,21,1,22.9,Quality Issue
238,11379,2024-01-28,22719,506,30,1,8.48,Not Needed
239,11434,2024-01-29,6621,437,24,1,16.42,Quality Issue
240,11440,2024-02-02,18604,54,26,2,13.08,Not Needed
241,11452,2024-02-01,4366,348,11,2,108.35,Not Needed
242,11533,2024-02-06,21294,102,7,2,8.02,Wrong Item
243,11541,2024-02-03,15348,138,13,2,17.58,Late Delivery
244,11644,2024-02-05,17684,39,24,1,5.7,Quality Issue
245,11671,2024-01-30,14338,506,4,1,4.94,Not Needed
246,11692,2024-01-28,12146,417,33,2,15.66,Not Needed
247,11745,2024-02-09,10101,5,10,1,5.76,Damaged
248,11880,2024-02-08,21465,635,30,1,546.28,Not Needed
249,12041,2024-02-10,18092,431,26,1,49.7,Damaged
250,12072,2024-02-02,21260,162,3,1,44.4,Quality Issue
251,12103,2024-02-11,779,160,26,1,16.88,Damaged
252,12127,2024-02-04,6800,185,24,1,9.14,Wrong Item
253,12150,2024-02-14,17553,682,5,1,225.93,Damaged
254,12178,2024-02-07,5411,450,8,2,17.75,Quality Issue
255,12180,2024-02-10,24311,151,26,2,12.85,Not Needed
256,12202,2024-02-09,23410,497,7,1,6.62,Quality Issue
257,12225,2024-02-13,18990,479,29,2,46.9,Quality Issue
258,12255,2024-02-06,6922,474,9,2,13.91,Not Needed
259,12346,2024-02-04,16623,183,9,2,4.28,Quality Issue
260,12400,2024-02-09,10249,328,29,1,8.14,Late Delivery
261,12454,2024-02-08,8006,57,13,1,0.76,Late Delivery
262,12628,2024-02-05,8955,401,30,1,54.45,Late Delivery
263,12631,2024-02-08,22213,280,11,2,59.43,Not Needed
264,12721,2024-02-06,11223,140,25,2,15.61,Late Delivery
265,12734,2024-02-14,9000,717,34,1,395.73,Quality Issue
266,12735,2024-02-14,2421,167,22,2,41.02,Quality Issue
267,12759,2024-02-05,4533,63,2,1,9.6,Quality Issue
268,12784,2024-02-15,17439,33,22,2,7.34,Quality Issue
269,12872,2024-02-10,1415,143,3,2,29.09,Not Needed
270,12905,2024-02-03,11201,5,34,1,10.53,Not Needed
271,12920,2024-02-13,14876,510,21,2,43.88,Late Delivery
272,12933,2024-02-17,9984,477,24,2,30.97,Quality Issue
273,13077,2024-02-15,22446,380,13,2,52.43,Wrong Item
274,13142,2024-02-04,24908,33,9,1,5.02,Late Delivery
275,13191,2024-02-09,24157,55,3,1,9.81,Quality Issue
276,13212,2024-02-12,24528,500,30,2,34.21,Not Needed
277,13327,2024-02-14,23825,326,9,1,15.05,Quality Issue
278,13369,2024-02-09,4734,166,29,1,4.89,Late Delivery
279,13399,2024-02-15,15323,140,25,1,17.67,Wrong Item
280,13508,2024-02-12,19297,523,10,1,25.13,Wrong Item
281,13591,2024-02-01,11839,296,9,2,19.38,Not Needed
282,13634,2024-02-06,10578,23,14,1,10.64,Not Needed
283,13736,2024-02-14,15059,457,26,1,40.91,Quality Issue
284,13881,2024-02-09,2370,25,23,2,42.44,Not Needed
285,13944,2024-02-04,5931,635,24,1,410.06,Quality Issue
286,13994,2024-02-14,18917,577,11,1,29.5,Wrong Item
287,14167,2024-02-16,23404,570,12,2,56.24,Damaged
288,14215,2024-02-10,11930,577,6,2,31.53,Damaged
289,14219,2024-02-10,4664,126,2,2,10.21,Not Needed
290,14256,2024-02-02,11855,560,31,1,7.69,Late Delivery
291,14418,2024-02-06,11830,546,16,1,11.65,Quality Issue
292,14424,2024-02-20,15428,147,16,2,21.49,Not Needed
293,14514,2024-02-19,1537,81,14,1,8.79,Not Needed
294,14670,2024-02-20,10204,74,4,2,25.42,Damaged
295,14720,2024-02-06,10266,172,16,1,19.38,Not Needed
296,14778,2024-02-18,8101,290,11,1,23.23,Late Delivery
297,14893,2024-02-13,395,80,20,1,20.45,Damaged
298,14906,2024-02-18,5876,129,27,1,5.83,Quality Issue
299,14926,2024-02-14,7847,174,33,2,5.76,Damaged
300,14994,2024-02-15,23897,407,27,1,9.65,Not Needed
301,15001,2024-02-20,9548,334,12,1,32.27,Wrong Item
302,15032,2024-02-11,6640,570,20,1,31.18,Quality Issue
303,15108,2024-02-05,6242,31,21,1,1.6,Quality Issue
304,15130,2024-02-21,14498,612,29,1,304.99,Late Delivery
305,15315,2024-02-24,20485,30,4,2,6.41,Quality Issue
306,15371,2024-02-07,18798,217,6,1,16.04,Not Needed
307,15381,2024-02-22,21076,297,27,1,24.08,Not Needed
308,15396,2024-02-16,23805,142,21,2,17.47,Damaged
309,15429,2024-02-20,13400,123,16,2,16.35,Quality Issue
310,15431,2024-02-23,1961,573,20,1,18.34,Quality Issue
311,15446,2024-02-06,13485,143,14,1,7.17,Late Delivery
312,15513,2024-02-14,19292,593,21,1,16.56,Wrong Item
313,15538,2024-02-19,4280,640,9,1,228.88,Not Needed
314,15549,2024-02-23,15168,439,25,1,18.21,Quality Issue
315,15690,2024-02-17,17915,495,10,1,30.02,Damaged
316,15705,2024-02-10,20083,79,14,1,9.07,Wrong Item
317,15880,2024-02-06,9773,20,2,2,30.61,Wrong Item
318,16070,2024-02-09,607,339,19,1,7.64,Not Needed
319,16167,2024-02-19,14828,332,10,1,14.37,Quality Issue
320,16234,2024-02-11,9228,71,20,1,11.76,Not Needed
321,16307,2024-02-19,5281,49,29,1,14.46,Wrong Item
322,16312,2024-02-25,20143,200,18,1,9.5,Damaged
323,16314,2024-02-23,4369,70,29,2,8.28,Wrong Item
324,16419,2024-02-18,22010,293,3,1,15.89,Wrong Item
325,16454,2024-02-22,9990,281,20,1,54.08,Wrong Item
326,16456,2024-02-18,12105,54,18,1,6.09,Not Needed
327,16601,2024-02-10,4125,258,22,1,6.35,Late Delivery
328,16654,2024-02-13,15865,344,9,2,29.23,Quality Issue
329,16717,2024-02-15,23577,32,9,1,4.82,Late Delivery
330,16718,2024-02-21,23933,206,14,2,27.4,Wrong Item
331,16748,2024-02-22,10415,639,29,1,110.52,Not Needed
332,16919,2024-02-15,9113,607,9,1,42.12,Quality Issue
333,17013,2024-02-16,3414,203,17,1,0.63,Not Needed
334,17059,2024-02-20,23433,299,14,1,46.13,Damaged
335,17083,2024-02-28,7439,322,21,2,38.56,Not Needed
336,17130,2024-02-10,10378,18,3,1,5.1,Quality Issue
337,17157,2024-02-15,3509,292,3,1,27.81,Not Needed
338,17304,2024-02-11,4980,295,29,1,30.27,Late Delivery
339,17333,2024-02-25,10436,130,8,2,2.39,Quality Issue
340,17342,2024-02-22,11708,367,15,2,15.33,Not Needed
341,17369,2024-02-15,16748,57,15,2,1.11,Quality Issue
342,17375,2024-02-18,19248,270,8,1,18.88,Not Needed
343,17419,2024-02-12,14824,189,20,1,8.79,Quality Issue
344,17456,2024-02-22,7796,18,15,1,2.85,Quality Issue
345,17580,2024-02-16,17418,82,18,1,8.67,Quality Issue
346,17607,2024-02-12,12740,241,29,1,28.09,Damaged
347,17653,2024-02-26,7464,68,29,1,8.39,Not Needed
348,17966,2024-02-17,22080,113,33,1,19.78,Late Delivery
349,18149,2024-03-01,3869,720,29,1,49.74,Not Needed
350,18176,2024-03-01,8386,391,29,1,3.53,Quality Issue
351,18217,2024-02-23,2895,161,8,1,51.22,Not Needed
352,18323,2024-02-19,1005,131,17,2,3.23,Not Needed
353,18339,2024-02-11,34,101,12,1,4.22,Late Delivery
354,18344,2024-02-24,6939,672,9,1,123.03,Not Needed
355,18348,2024-02-27,13080,249,5,2,48.7,Damaged
356,18454,2024-02-19,15491,48,19,2,1.8,Late Delivery
357,18631,2024-02-22,7946,7,7,1,4.53,Not Needed
358,18646,2024-02-20,14045,120,34,1,9.33,Late Delivery
359,18678,2024-02-28,10915,167,24,1,16.22,Not Needed
360,18715,2024-02-15,17679,555,2,1,53.89,Not Needed
361,18843,2024-02-26,7988,287,18,1,45.69,Not Needed
362,18959,2024-02-21,8341,435,13,1,5.95,Damaged
363,18983,2024-02-27,5704,111,29,1,41.34,Late Delivery
364,19060,2024-03-03,13048,211,15,1,12.04,Late Delivery
365,19071,2024-02-14,2988,152,21,1,15.69,Not Needed
366,19092,2024-02-22,11613,131,30,1,2.35,Not Needed
367,19140,2024-02-20,18802,708,17,1,102.27,Wrong Item
368,19172,2024-02-20,19817,481,3,2,41.11,Damaged
369,19206,2024-02-13,14403,136,3,1,7.02,Wrong Item
370,19221,2024-02-25,18140,479,1,1,17.73,Late Delivery
371,19229,2024-02-19,17046,146,27,1,7.88,Not Needed
372,19283,2024-02-24,18723,419,34,1,42.81,Quality Issue
373,19377,2024-03-04,19415,212,18,2,4.61,Quality Issue
374,19396,2024-02-17,4178,514,22,1,12.79,Quality Issue
375,19403,2024-02-24,5765,204,14,1,2.23,Wrong Item
376,19427,2024-02-21,9619,348,7,2,85.23,Quality Issue
377,19486,2024-02-16,14495,599,5,1,123.69,Quality Issue
378,19538,2024-02-16,941,90,22,1,4.86,Not Needed
379,19559,2024-02-15,4758,94,30,1,9.21,Not Needed
380,19570,2024-03-01,5732,412,5,2,82.11,Damaged
381,19583,2024-02-19,9380,308,5,1,13.87,Late Delivery
382,19584,2024-03-02,6901,30,27,2,11.05,Not Needed
383,19611,2024-02-27,18481,613,34,1,373.45,Late Delivery
384,19645,2024-02-21,12740,199,5,2,16.63,Not Needed
385,19713,2024-02-25,16495,276,24,1,20.38,Not Needed
386,19715,2024-02-23,21523,482,18,2,11.44,Damaged
387,19815,2024-02-25,16950,661,33,1,362.0,Quality Issue
388,19825,2024-02-22,12381,62,20,2,24.02,Quality Issue
389,19897,2024-02-27,19644,168,26,1,2.27,Wrong Item
390,19924,2024-02-26,8645,79,34,2,8.06,Late Delivery
391,20015,2024-02-20,18535,218,26,1,12.1,Quality Issue
392,20137,2024-02-19,2260,284,29,1,49.31,Late Delivery
393,20144,2024-02-15,21408,157,13,1,8.12,Damaged
394,20170,2024-02-26,11719,191,33,2,1.59,Quality Issue
395,20188,2024-02-27,22412,510,18,2,18.5,Not Needed
396,20203,2024-02-26,22055,480,11,1,13.08,Wrong Item
397,20290,2024-02-18,20496,298,1,2,19.06,Damaged
398,20348,2024-02-20,1839,133,29,1,2.9,Late Delivery
399,20404,2024-03-04,15354,86,30,2,11.22,Late Delivery
400,20554,2024-02-25,19289,512,32,1,56.37,Not Needed
401,20666,2024-03-03,7434,438,13,1,11.91,Not Needed
402,20777,2024-02-17,10684,218,30,2,9.16,Late Delivery
403,20792,2024-03-01,9315,452,4,1,6.21,Late Delivery
404,20802,2024-02-20,21624,561,25,1,19.47,Damaged
405,20896,2024-03-06,19855,169,13,2,36.98,Late Delivery
406,20979,2024-02-22,16000,222,32,1,8.36,Late Delivery
407,21083,2024-02-19,11276,143,27,1,4.68,Damaged
408,21094,2024-02-28,5793,383,21,1,3.23,Quality Issue
409,21097,2024-02-28,13850,167,8,1,7.54,Not Needed
410,21133,2024-03-07,13088,342,9,2,34.26,Late Delivery
411,21207,2024-03-01,6941,342,33,1,6.72,Not Needed
412,21269,2024-02-23,4782,18,34,1,5.89,Not Needed
413,21285,2024-02-24,3140,220,18,1,25.14,Quality Issue
414,21334,2024-03-07,21720,207,9,2,8.01,Quality Issue
415,21349,2024-02-19,14398,62,9,2,9.4,Damaged
416,21400,2024-02-21,21706,33,10,2,13.1,Wrong Item
417,21405,2024-03-07,20351,273,18,2,19.64,Not Needed
418,21546,2024-02-28,4936,61,23,2,43.07,Quality Issue
419,21664,2024-02-19,9847,248,15,2,18.24,Not Needed
420,21845,2024-03-04,7833,640,33,1,154.16,Not Needed
421,21847,2024-02-26,12723,98,34,1,3.26,Not Needed
422,21955,2024-02-26,20760,15,9,2,10.25,Not Needed
423,21959,2024-03-02,2072,252,21,1,7.52,Damaged
424,21960,2024-02-22,13013,198,30,1,6.5,Not Needed
425,21973,2024-02-23,20737,668,28,1,135.18,Quality Issue
426,22107,2024-03-08,21462,149,10,2,2.79,Late Delivery
427,22146,2024-02-24,17538,206,9,2,30.43,Damaged
428,22287,2024-02-28,21531,559,18,1,17.59,Not Needed
429,22305,2024-03-05,527,57,10,1,1.49,Quality Issue
430,22324,2024-03-10,16200,221,34,2,5.02,Quality Issue
431,22327,2024-03-04,14,404,29,2,41.31,Not Needed
432,22422,2024-02-28,19005,100,18,2,9.77,Not Needed
433,22462,2024-03-04,20039,84,24,2,5.5,Not Needed
434,22478,2024-03-09,7809,459,21,1,16.96,Not Needed
435,22524,2024-02-20,3501,408,33,1,7.84,Quality Issue
436,22538,2024-03-08,15627,224,32,1,9.72,Quality Issue
437,22673,2024-02-22,21970,436,9,1,11.48,Not Needed
438,22703,2024-02-27,20605,13,18,2,10.58,Wrong Item
439,22732,2024-02-22,9406,241,22,1,15.72,Late Delivery
440,22759,2024-03-07,9733,142,2,1,4.72,Wrong Item
441,22785,2024-02-28,1984,389,10,1,8.39,Damaged
442,22822,2024-03-04,24519,203,9,1,4.3,Not Needed
443,22857,2024-03-06,138,163,29,1,1.07,Late Delivery
444,23003,2024-02-26,13372,385,19,2,23.72,Quality Issue
445,23036,2024-02-24,11546,206,7,2,30.42,Damaged
446,23042,2024-03-12,20986,353,32,1,35.68,Late Delivery
447,23074,2024-03-12,12800,73,33,1,7.56,Damaged
448,23156,2024-02-23,191,205,34,2,3.95,Not Needed
449,23182,2024-02-27,10169,74,6,1,5.13,Not Needed
450,23215,2024-03-06,8650,535,21,1,6.84,Quality Issue
451,23284,2024-02-29,5838,318,32,2,15.51,Late Delivery
452,23296,2024-03-09,16521,320,3,1,11.21,Damaged
453,23303,2024-02-22,8156,198,34,2,19.88,Late Delivery
454,23351,2024-02-23,21027,427,5,1,2.41,Damaged
455,23355,2024-02-23,2115,202,25,1,5.79,Damaged
456,23407,2024-03-02,8704,239,9,1,18.34,Quality Issue
457,23415,2024-03-05,7783,381,11,1,20.21,Quality Issue
458,23543,2024-03-09,15863,193,14,1,4.18,Damaged
459,23577,2024-03-01,19417,178,9,1,20.63,Quality Issue
460,23601,2024-02-24,23815,339,30,1,7.79,Damaged
461,23670,2024-03-13,17311,20,6,1,47.6,Not Needed
462,23681,2024-03-11,15640,77,22,1,9.22,Not Needed
463,23746,2024-03-06,5533,406,14,1,42.53,Late Delivery
464,23751,2024-02-23,14755,374,14,1,27.71,Not Needed
465,23760,2024-02-27,24754,564,5,2,10.23,Damaged
466,23819,2024-03-01,20825,519,19,1,11.68,Not Needed
467,23873,2024-03-04,226,378,9,2,12.0,Not Needed
468,23918,2024-03-05,11480,618,23,1,157.22,Quality Issue
469,23977,2024-02-25,20786,614,16,1,100.46,Quality Issue
470,24033,2024-03-09,14352,234,34,1,4.41,Damaged
471,24054,2024-03-04,9845,562,21,1,9.31,Quality Issue
472,24067,2024-03-02,14021,693,10,1,261.02,Not Needed
473,24070,2024-02-29,14340,636,22,1,256.36,Late Delivery
474,24091,2024-03-11,23743,75,34,2,25.5,Damaged
475,24204,2024-03-03,11337,88,14,1,10.31,Late Delivery
476,24206,2024-03-12,24416,115,4,1,1.7,Wrong Item
477,24217,2024-03-09,20177,223,21,2,19.7,Damaged
478,24219,2024-03-01,3035,557,6,2,7.69,Late Delivery
479,24239,2024-03-11,1652,223,22,1,11.26,Not Needed
480,24243,2024-03-06,23968,108,6,1,3.87,Quality Issue
481,24268,2024-03-05,16921,623,18,1,606.87,Late Delivery
482,24342,2024-03-12,14274,180,11,2,6.7,Late Delivery
483,24367,2024-03-06,12128,405,18,1,11.99,Damaged
484,24417,2024-03-05,10295,262,7,2,54.23,Damaged
485,24435,2024-03-02,15855,580,4,1,3.37,Not Needed
486,24488,2024-03-02,5450,125,15,1,28.1,Not Needed
487,24544,2024-03-05,12126,410,8,2,37.18,Damaged
488,24584,2024-03-15,4382,524,34,1,28.03,Not Needed
489,24627,2024-03-09,13337,201,24,1,7.74,Not Needed
490,24653,2024-03-12,6777,97,14,2,1.23,Quality Issue
491,24681,2024-03-07,12053,482,32,1,11.11,Wrong Item
492,24699,2024-03-13,17654,265,1,1,9.07,Not Needed
493,24725,2024-02-26,10027,128,3,2,15.85,Not Needed
494,24798,2024-02-27,9552,158,15,1,15.76,Not Needed
495,24816,2024-03-02,22404,44,2,1,9.91,Not Needed
496,24879,2024-03-08,4184,151,18,2,31.61,Wrong Item
497,24899,2024-02-29,5757,220,13,2,40.22,Late Delivery
498,24945,2024-03-10,21999,152,20,2,6.97,Not Needed
499,24970,2024-03-06,22641,675,14,1,102.91,Quality Issue
500,25026,2024-02-28,16728,283,5,2,5.22,Not Needed
501,25076,2024-02-28,19789,516,24,1,14.04,Not Needed
502,25105,2024-02-26,10225,228,26,1,27.46,Late Delivery
503,25136,2024-02-29,18473,93,17,1,14.47,Not Needed
504,25257,2024-03-15,16989,451,26,1,14.69,Damaged
505,25417,2024-03-08,11026,43,13,1,26.49,Not Needed
506,25448,2024-03-04,19227,164,8,1,10.25,Not Needed
507,25485,2024-03-05,15769,389,8,2,44.96,Late Delivery
508,25519,2024-03-04,14617,178,2,1,18.78,Damaged
509,25619,2024-03-01,7054,35,30,2,15.01,Quality Issue
510,25777,2024-03-04,15250,576,18,1,12.49,Late Delivery
511,25808,2024-03-17,8358,162,14,1,13.02,Quality Issue
512,25850,2024-03-12,19759,325,13,1,79.56,Quality Issue
513,25874,2024-03-13,14317,614,6,1,215.41,Not Needed
514,25905,2024-02-28,4431,415,32,1,24.03,Wrong Item
515,25955,2024-03-11,13832,35,23,1,14.63,Quality Issue
516,25957,2024-03-12,3976,628,21,1,747.88,Not Needed
517,25994,2024-03-01,22847,130,29,1,1.46,Not Needed
518,26003,2024-03-08,2269,152,21,2,17.83,Quality Issue
519,26011,2024-02-29,3253,45,19,2,7.94,Quality Issue
520,26023,2024-03-07,19668,302,9,1,7.62,Quality Issue
521,26053,2024-03-02,9881,60,5,2,6.8,Quality Issue
522,26078,2024-03-05,16276,118,9,1,10.19,Not Needed
523,26120,2024-03-10,11787,569,28,1,25.13,Late Delivery
524,26186,2024-03-14,15333,150,1,2,2.83,Not Needed
525,26214,2024-03-02,12831,551,19,1,12.71,Not Needed
526,26246,2024-03-01,17402,511,8,1,18.69,Wrong Item
527,26282,2024-03-11,9479,45,33,1,5.93,Late Delivery
528,26284,2024-03-12,5053,108,28,1,1.9,Late Delivery
529,26350,2024-03-08,9192,542,18,1,6.5,Wrong Item
530,26368,2024-03-11,12023,248,23,2,30.56,Not Needed
531,26438,2024-03-05,10755,56,30,1,13.61,Wrong Item
532,26488,2024-03-03,11450,649,26,1,155.64,Damaged
533,26489,2024-03-14,14439,430,31,1,4.74,Damaged
534,26518,2024-03-06,6108,692,11,1,219.1,Not Needed
535,26527,2024-03-10,8919,393,4,1,12.93,Not Needed
536,26606,2024-03-09,13185,230,31,1,25.43,Late Delivery
537,26607,2024-03-10,14490,56,30,1,13.03,Late Delivery
538,26640,2024-03-13,18446,41,15,1,8.47,Damaged
539,26709,2024-03-16,19701,534,30,1,5.09,Quality Issue
540,26768,2024-03-03,17147,286,14,1,54.44,Wrong Item
541,26847,2024-03-05,22538,466,32,1,52.22,Damaged
542,26861,2024-03-07,7697,190,29,1,7.01,Wrong Item
543,26896,2024-03-07,13411,431,22,2,55.24,Quality Issue
544,26968,2024-03-05,18083,102,16,2,15.29,Quality Issue
545,27003,2024-03-18,16976,321,21,2,73.09,Wrong Item
546,27055,2024-03-09,5587,27,30,1,19.27,Not Needed
547,27171,2024-03-19,24731,583,34,1,6.69,Damaged
548,27230,2024-03-08,3524,498,23,1,101.54,Not Needed
549,27259,2024-03-07,14581,352,17,1,55.43,Not Needed
550,27262,2024-03-10,21486,338,34,1,20.37,Damaged
551,27303,2024-03-14,23453,285,21,2,59.08,Not Needed
552,27354,2024-03-17,22896,306,32,1,26.47,Not Needed
553,27373,2024-03-02,11475,456,9,1,21.39,Quality Issue
554,27381,2024-03-14,9812,257,1,1,8.55,Not Needed
555,27413,2024-03-17,15764,100,32,2,20.4,Late Delivery
556,27499,2024-03-21,14369,207,29,2,15.25,Not Needed
557,27500,2024-03-06,6132,310,8,2,7.84,Late Delivery
558,27516,2024-03-04,20256,505,4,2,34.25,Quality Issue
559,27588,2024-03-03,7902,62,8,1,20.82,Quality Issue
560,27597,2024-03-05,23603,536,29,1,8.75,Not Needed
561,27655,2024-03-05,12348,138,30,1,31.16,Quality Issue
562,27659,2024-03-11,18695,481,29,1,15.04,Not Needed
563,27662,2024-03-06,18249,584,24,1,17.94,Not Needed
564,27710,2024-03-10,14832,206,31,1,36.28,Damaged
565,27749,2024-03-09,19604,53,27,2,17.98,Not Needed
566,27896,2024-03-17,8639,20,21,1,20.55,Wrong Item
567,27962,2024-03-13,13452,210,9,1,21.43,Quality Issue
568,28048,2024-03-16,3032,539,24,1,11.91,Not Needed
569,28088,2024-03-21,17087,127,18,1,9.67,Quality Issue
570,28229,2024-03-05,22159,144,29,1,3.66,Not Needed
571,28253,2024-03-08,19973,674,15,1,64.06,Damaged
572,28279,2024-03-09,15845,131,12,1,8.07,Damaged
573,28392,2024-03-10,18730,638,11,1,25.47,Quality Issue
574,28410,2024-03-12,10775,231,9,1,25.5,Not Needed
575,28453,2024-03-20,22183,517,33,1,3.1,Damaged
576,28480,2024-03-23,16612,175,23,1,4.08,Damaged
577,28506,2024-03-09,1917,716,10,1,321.05,Wrong Item
578,28606,2024-03-22,5336,614,23,1,68.45,Late Delivery
579,28629,2024-03-23,9116,362,13,1,29.56,Quality Issue
580,28672,2024-03-12,10003,456,20,1,6.87,Late Delivery
581,28736,2024-03-22,17875,392,17,1,13.4,Late Delivery
582,28755,2024-03-07,12308,34,11,1,9.48,Not Needed
583,28803,2024-03-22,12850,63,9,1,7.18,Quality Issue
584,28861,2024-03-09,2506,30,21,2,4.15,Quality Issue
585,28877,2024-03-06,23427,89,33,2,16.93,Not Needed
586,28912,2024-03-21,8041,84,13,2,10.16,Quality Issue
587,28913,2024-03-10,7036,154,24,2,17.55,Not Needed
588,28995,2024-03-18,10041,220,9,1,19.3,Not Needed
589,29048,2024-03-19,14491,126,19,2,24.65,Damaged
590,29078,2024-03-11,24122,367,17,1,21.08,Quality Issue
591,29095,2024-03-07,1036,69,7,1,2.38,Wrong Item
592,29106,2024-03-13,3591,510,34,1,9.11,Quality Issue
593,29219,2024-03-09,11735,5,24,1,15.14,Not Needed
594,29273,2024-03-07,11873,464,29,1,14.62,Quality Issue
595,29296,2024-03-11,10434,61,18,2,22.51,Late Delivery
596,29318,2024-03-23,5151,379,30,1,9.43,Quality Issue
597,29341,2024-03-07,23772,296,5,2,17.97,Not Needed
598,29387,2024-03-12,19921,289,34,2,22.86,Not Needed
599,29400,2024-03-16,6508,81,7,1,4.06,Quality Issue
600,29416,2024-03-21,7382,223,7,1,4.61,Damaged
601,29554,2024-03-11,7414,654,29,1,217.22,Quality Issue
602,29555,2024-03-08,1657,335,33,2,22.47,Late Delivery
603,29603,2024-03-08,11338,227,15,1,6.93,Damaged
604,29604,2024-03-12,20409,72,2,2,2.47,Not Needed
605,29659,2024-03-07,1046,162,5,2,20.73,Quality Issue
606,29701,2024-03-13,20737,419,14,1,25.2,Quality Issue
607,29710,2024-03-25,10395,363,27,1,4.91,Quality Issue
608,29829,2024-03-18,12813,487,14,1,16.7,Damaged
609,29917,2024-03-13,12831,77,15,2,32.45,Quality Issue
610,29936,2024-03-23,13761,344,19,1,17.83,Late Delivery
611,30007,2024-03-17,4892,173,28,2,23.46,Not Needed
612,30061,2024-03-10,24536,90,15,1,13.44,Quality Issue
613,30098,2024-03-23,8730,44,12,2,10.13,Late Delivery
614,30102,2024-03-27,2734,12,18,2,15.42,Late Delivery
615,30150,2024-03-10,13764,40,15,1,10.18,Not Needed
616,30155,2024-03-25,8686,251,30,1,12.47,Not Needed
617,30311,2024-03-18,3621,335,30,1,21.58,Not Needed
618,30314,2024-03-27,3578,81,21,2,26.32,Damaged
619,30379,2024-03-21,17202,540,12,1,29.1,Quality Issue
620,30384,2024-03-16,14158,37,26,2,27.06,Damaged
621,30397,2024-03-21,393,447,7,1,39.84,Damaged
622,30402,2024-03-23,2147,511,16,1,67.53,Wrong Item
623,30489,2024-03-09,2568,325,17,2,142.95,Not Needed
624,30496,2024-03-27,8250,666,6,1,384.66,Not Needed
625,30531,2024-03-25,9770,57,11,2,2.37,Damaged
626,30571,2024-03-10,21462,375,11,1,37.11,Quality Issue
627,30616,2024-03-16,13202,58,33,1,5.21,Wrong Item
628,30684,2024-03-21,274,103,14,1,22.82,Late Delivery
629,30724,2024-03-27,24880,378,24,1,10.43,Quality Issue
630,30838,2024-03-17,18952,419,24,1,19.79,Not Needed
631,30921,2024-03-23,1486,97,12,1,1.85,Not Needed
632,30935,2024-03-29,8182,279,28,1,15.15,Damaged
633,31034,2024-03-24,17372,717,3,1,378.92,Quality Issue
634,31143,2024-03-24,14628,336,34,1,7.08,Not Needed
635,31195,2024-03-11,20446,620,14,1,26.43,Wrong Item
636,31327,2024-03-17,6823,691,33,1,258.27,Damaged
637,31360,2024-03-23,13907,438,32,2,18.99,Wrong Item
638,31433,2024-03-28,14104,215,30,2,8.02,Quality Issue
639,31511,2024-03-15,14580,210,12,2,22.82,Late Delivery
640,31576,2024-03-30,9063,579,29,1,27.42,Wrong Item
641,31615,2024-03-19,20131,291,17,1,31.69,Wrong Item
642,31620,2024-03-28,8102,224,19,1,11.7,Quality Issue
643,31663,2024-03-28,1327,134,15,2,16.66,Late Delivery
644,31670,2024-03-27,18426,621,14,1,316.47,Quality Issue
645,31712,2024-03-29,2518,134,5,1,9.81,Not Needed
646,31734,2024-03-21,12934,92,34,2,2.76,Late Delivery
647,31762,2024-03-29,23400,309,15,1,121.41,Not Needed
648,31885,2024-03-28,7704,515,11,1,38.19,Not Needed
649,31965,2024-03-22,336,236,10,1,4.15,Late Delivery
650,31969,2024-03-18,13617,152,33,1,10.64,Damaged
651,31985,2024-03-31,3475,189,21,2,7.62,Damaged
652,32041,2024-03-13,4042,478,10,1,13.45,Quality Issue
653,32043,2024-03-31,17071,501,15,1,13.15,Damaged
654,32054,2024-03-17,21493,51,34,2,11.33,Damaged
655,32059,2024-03-16,7482,178,31,2,34.55,Damaged
656,32156,2024-03-26,24343,271,30,1,13.21,Quality Issue
657,32197,2024-03-28,22626,198,7,1,20.31,Late Delivery
658,32252,2024-03-15,24024,521,33,1,4.46,Damaged
659,32270,2024-03-25,8523,143,8,2,24.6,Quality Issue
660,32394,2024-03-30,8538,56,4,1,8.83,Wrong Item
661,32420,2024-03-22,24147,4,22,2,35.14,Quality Issue
662,32450,2024-03-30,12665,476,9,1,19.83,Not Needed
663,32533,2024-03-22,4045,587,22,1,44.09,Quality Issue
664,32595,2024-03-22,10894,139,34,1,14.0,Late Delivery
665,32650,2024-03-17,19511,138,8,1,9.75,Wrong Item
666,32656,2024-03-15,14156,133,21,1,3.06,Damaged
667,32788,2024-04-02,5215,116,9,1,15.47,Damaged
668,32878,2024-03-29,15538,451,34,1,22.85,Late Delivery
669,32906,2024-03-28,2627,686,23,1,1008.1,Late Delivery
670,32913,2024-03-27,7352,615,21,1,468.6,Wrong Item
671,32959,2024-03-15,5630,534,32,1,8.39,Not Needed
672,33055,2024-03-21,7834,207,16,1,17.29,Not Needed
673,33189,2024-03-24,23064,137,3,1,19.65,Quality Issue
674,33223,2024-03-25,12792,450,13,1,4.15,Quality Issue
675,33250,2024-03-17,7184,537,20,1,9.26,Not Needed
676,33320,2024-03-16,24972,302,31,1,11.29,Quality Issue
677,33347,2024-03-29,23476,135,1,1,7.54,Quality Issue
678,33371,2024-04-03,797,86,19,2,18.14,Not Needed
679,33389,2024-03-24,14281,306,32,1,25.23,Not Needed
680,33404,2024-03-22,19925,341,3,1,13.92,Not Needed
681,33435,2024-03-15,23460,34,21,2,28.01,Quality Issue
682,33441,2024-04-03,17614,100,18,2,11.2,Damaged
683,33459,2024-04-03,17191,631,7,1,442.38,Not Needed
684,33487,2024-03-18,4363,64,26,2,17.09,Quality Issue
685,33622,2024-03-22,16218,299,17,1,48.46,Quality Issue
686,33685,2024-03-20,18178,343,6,1,12.88,Damaged
687,33704,2024-03-20,601,380,34,1,10.51,Not Needed
688,33732,2024-03-31,15097,669,17,1,104.07,Damaged
689,33795,2024-04-04,3845,606,20,1,338.6,Late Delivery
690,33809,2024-03-16,6879,3,33,2,21.22,Not Needed
691,33817,2024-03-24,6008,257,33,1,10.66,Damaged
692,33829,2024-03-22,3984,25,13,2,12.1,Not Needed
693,33856,2024-03-27,21911,105,24,1,8.27,Late Delivery
694,33927,2024-03-20,13512,712,29,1,416.98,Not Needed
695,33937,2024-03-31,4841,42,4,2,4.37,Damaged
696,33985,2024-04-02,24963,537,21,2,31.41,Not Needed
697,34065,2024-03-26,3394,221,30,2,8.35,Not Needed
698,34193,2024-03-30,11329,421,32,2,11.88,Late Delivery
699,34196,2024-03-20,13804,374,4,1,11.55,Damaged
700,34226,2024-04-02,4520,214,9,1,5.8,Not Needed
701,34396,2024-03-26,24655,176,7,2,5.78,Late Delivery
702,34451,2024-03-25,7194,205,32,1,9.9,Not Needed
703,34489,2024-04-04,8669,245,29,2,15.97,Wrong Item
704,34607,2024-03-28,4707,7,8,1,4.14,Quality Issue
705,34695,2024-03-31,23874,272,3,1,15.1,Late Delivery
706,34708,2024-03-20,23655,400,13,1,21.99,Damaged
707,34747,2024-03-20,2288,350,20,1,25.5,Late Delivery
708,35085,2024-03-18,7812,352,13,1,14.99,Quality Issue
709,35143,2024-03-19,3300,444,18,1,2.28,Damaged
710,35191,2024-03-31,15584,113,3,2,12.83,Late Delivery
711,35387,2024-03-24,2882,679,1,1,111.92,Damaged
712,35390,2024-04-05,7434,114,2,1,16.23,Not Needed
713,35415,2024-03-29,15448,443,14,1,12.16,Not Needed
714,35418,2024-03-23,14341,62,21,2,18.99,Not Needed
715,35458,2024-03-24,5840,650,13,1,344.39,Quality Issue
716,35505,2024-03-22,19662,423,15,2,94.97,Quality Issue
717,35506,2024-04-02,21411,72,12,1,7.65,Not Needed
718,35657,2024-04-04,15131,262,29,2,105.55,Quality Issue
719,35709,2024-03-29,20321,14,34,2,9.86,Quality Issue
720,35794,2024-04-01,8701,72,10,1,3.87,Quality Issue
721,35964,2024-04-08,12424,166,13,1,4.48,Late Delivery
722,36039,2024-03-30,22344,59,21,1,14.49,Quality Issue
723,36112,2024-03-24,22412,178,24,1,20.28,Quality Issue
724,36121,2024-04-03,5483,264,13,1,17.64,Not Needed
725,36206,2024-03-27,12763,170,33,1,2.3,Late Delivery
726,36230,2024-03-21,6017,159,14,1,5.88,Damaged
727,36232,2024-03-21,20175,185,23,2,8.99,Late Delivery
728,36320,2024-03-30,13614,554,8,1,6.86,Late Delivery
729,36340,2024-04-04,6644,340,21,2,64.94,Damaged
730,36456,2024-03-25,6007,54,20,1,6.37,Not Needed
731,36478,2024-04-02,23039,375,3,1,15.28,Damaged
732,36565,2024-03-22,21013,186,29,2,7.84,Not Needed
733,36599,2024-04-04,9544,502,10,2,63.03,Damaged
734,36649,2024-04-07,14223,250,31,1,11.77,Damaged
735,36700,2024-04-01,21728,570,6,2,33.61,Damaged
736,36751,2024-03-25,5924,151,11,2,26.07,Damaged
737,36822,2024-03-28,24552,459,1,1,34.62,Wrong Item
738,36910,2024-03-22,18710,129,14,2,6.06,Damaged
739,36953,2024-03-24,16396,444,13,2,14.39,Not Needed
740,36955,2024-03-27,12353,19,18,2,27.4,Quality Issue
741,36996,2024-03-31,8456,177,3,1,7.68,Damaged
742,37063,2024-04-03,11087,292,10,1,26.03,Not Needed
743,37117,2024-04-05,22200,410,11,1,24.12,Late Delivery
744,37154,2024-03-24,18014,505,13,1,15.7,Damaged
745,37296,2024-03-29,3371,210,1,1,4.04,Not Needed
746,37307,2024-03-31,21151,11,9,1,12.21,Damaged
747,37312,2024-03-26,18980,441,14,1,26.15,Quality Issue
748,37329,2024-04-06,45,559,8,1,61.13,Late Delivery
749,37370,2024-04-08,15614,111,12,2,9.08,Late Delivery
750,37405,2024-03-23,3576,208,2,1,9.52,Wrong Item
751,37424,2024-03-30,6743,137,29,1,9.8,Late Delivery
752,37444,2024-04-08,18344,220,27,1,23.95,Not Needed
753,37455,2024-04-09,17166,135,20,2,14.99,Not Needed
754,37512,2024-03-28,15020,3,15,2,10.83,Quality Issue
755,37525,2024-03-25,6988,83,34,1,2.45,Late Delivery
756,37546,2024-03-31,8182,22,6,1,7.62,Not Needed
757,37560,2024-04-08,19048,83,19,1,20.38,Late Delivery
758,37575,2024-04-08,17610,128,18,1,20.91,Quality Issue
759,37580,2024-04-03,2379,135,4,1,29.98,Not Needed
760,37652,2024-04-03,15890,8,28,1,8.08,Quality Issue
761,37667,2024-03-28,13571,377,30,1,19.51,Late Delivery
762,37695,2024-03-27,23688,189,17,2,13.27,Quality Issue
763,37739,2024-03-25,23926,450,4,1,12.14,Damaged
764,37754,2024-04-06,408,269,11,1,18.95,Late Delivery
765,37809,2024-04-12,8683,3,33,1,11.52,Not Needed
766,37812,2024-04-05,1717,275,20,1,13.86,Not Needed
767,37835,2024-04-11,19856,547,20,2,4.04,Quality Issue
768,37879,2024-04-05,10216,301,18,1,39.46,Damaged
769,37904,2024-03-24,8511,189,7,1,13.15,Not Needed
770,37987,2024-03-26,19711,75,29,1,15.45,Not Needed
771,38010,2024-03-28,8445,48,5,2,1.39,Not Needed
772,38043,2024-04-06,14777,387,23,1,8.83,Not Needed
773,38061,2024-04-11,5253,53,25,1,2.59,Quality Issue
774,38083,2024-03-27,15384,645,5,1,111.35,Late Delivery
775,38229,2024-04-10,12562,346,22,2,10.68,Quality Issue
776,38288,2024-04-02,24778,91,5,2,8.91,Quality Issue
777,38312,2024-04-11,5049,276,5,2,21.36,Quality Issue
778,38361,2024-03-26,13620,144,16,1,3.39,Damaged
779,38385,2024-03-27,14265,519,14,1,10.93,Not Needed
780,38468,2024-03-28,2926,511,1,2,34.43,Late Delivery
781,38515,2024-03-31,23978,497,18,1,6.11,Late Delivery
782,38556,2024-04-01,7535,298,31,1,22.73,Late Delivery
783,38631,2024-03-30,9328,74,30,1,2.71,Not Needed
784,38634,2024-03-26,14272,535,2,2,25.7,Damaged
785,38677,2024-04-10,22759,562,24,1,24.98,Wrong Item
786,38771,2024-03-27,24139,644,11,1,275.96,Late Delivery
787,38796,2024-04-04,15407,78,22,1,5.07,Wrong Item
788,38804,2024-03-29,21137,63,6,1,6.19,Not Needed
789,38902,2024-04-07,11000,194,30,2,7.13,Quality Issue
790,38911,2024-03-31,533,210,19,1,7.68,Damaged
791,38919,2024-04-05,7009,525,19,1,28.63,Late Delivery
792,38998,2024-04-02,12603,237,9,1,37.46,Quality Issue
793,39007,2024-04-04,24612,220,16,2,36.58,Wrong Item
794,39050,2024-03-29,22702,189,18,1,18.37,Not Needed
795,39108,2024-04-13,9115,506,18,1,6.99,Damaged
796,39180,2024-04-01,14925,523,4,1,35.38,Not Needed
797,39214,2024-03-30,17214,53,18,2,7.36,Not Needed
798,39278,2024-04-06,13338,252,17,1,7.16,Damaged
799,39299,2024-04-12,18225,43,28,2,12.88,Not Needed
800,39435,2024-04-05,23200,177,16,2,25.63,Damaged
801,39465,2024-04-04,16098,149,29,1,1.54,Late Delivery
802,39494,2024-04-15,6043,285,27,1,31.57,Late Delivery
803,39531,2024-04-03,22454,109,23,1,8.11,Late Delivery
804,39565,2024-04-12,6067,354,17,2,11.17,Damaged
805,39587,2024-04-12,11610,450,26,1,8.29,Late Delivery
806,39648,2024-04-06,6542,138,11,1,46.02,Late Delivery
807,39671,2024-04-10,650,670,22,1,334.26,Not Needed
808,39739,2024-04-13,19165,40,9,2,9.98,Not Needed
809,39773,2024-03-29,7635,653,33,1,235.21,Wrong Item
810,39838,2024-04-16,16395,589,34,1,227.96,Late Delivery
811,39846,2024-04-02,9943,104,4,1,10.25,Damaged
812,39849,2024-03-30,16760,69,30,1,4.74,Not Needed
813,39883,2024-04-04,4052,617,26,1,305.06,Late Delivery
814,40002,2024-04-03,3896,648,29,1,111.05,Late Delivery
815,40009,2024-04-10,2659,357,4,1,7.67,Damaged
816,40140,2024-03-31,11203,576,17,1,26.1,Damaged
817,40287,2024-04-09,13680,462,12,1,61.02,Not Needed
818,40401,2024-04-15,4294,114,30,2,8.16,Damaged
819,40412,2024-04-01,3966,430,18,2,22.75,Not Needed
820,40470,2024-04-07,19846,523,31,2,59.7,Damaged
821,40478,2024-04-14,2524,482,4,1,11.31,Damaged
822,40486,2024-04-17,11827,179,34,1,10.57,Not Needed
823,40499,2024-04-10,21200,530,15,1,18.65,Not Needed
824,40510,2024-03-30,18631,134,18,1,8.96,Damaged
825,40513,2024-04-15,15546,210,1,1,39.93,Wrong Item
826,40537,2024-04-09,7155,221,29,1,4.72,Quality Issue
827,40703,2024-04-13,23979,400,29,2,21.82,Not Needed
828,40710,2024-04-12,13157,100,13,2,28.73,Quality Issue
829,40765,2024-04-07,5602,321,28,1,63.65,Quality Issue
830,40779,2024-04-02,10969,50,33,2,46.17,Late Delivery
831,40809,2024-04-14,8333,302,20,1,16.82,Late Delivery
832,40870,2024-04-05,24110,527,9,1,20.49,Damaged
833,41222,2024-04-05,22769,659,14,1,464.54,Late Delivery
834,41245,2024-04-09,18734,131,31,2,4.86,Damaged
835,41284,2024-04-08,12803,148,18,1,9.24,Quality Issue
836,41366,2024-04-09,10206,534,14,1,19.51,Wrong Item
837,41394,2024-04-10,24293,97,14,2,3.97,Not Needed
838,41492,2024-04-11,120,281,24,2,55.05,Quality Issue
839,41505,2024-04-18,5959,107,24,1,2.77,Quality Issue
840,41539,2024-04-09,15524,160,20,1,2.77,Not Needed
841,41553,2024-04-03,13771,99,16,1,2.73,Damaged
842,41643,2024-04-11,11977,507,3,1,2.61,Late Delivery
843,41649,2024-04-20,18398,299,14,1,20.58,Quality Issue
844,41713,2024-04-10,14442,20,33,2,19.87,Not Needed
845,41817,2024-04-15,15028,34,5,1,23.12,Not Needed
846,41821,2024-04-17,14655,101,3,2,15.65,Damaged
847,41843,2024-04-05,9381,101,1,1,5.07,Damaged
848,41876,2024-04-08,3478,424,23,1,50.25,Late Delivery
849,41900,2024-04-02,20051,173,33,1,11.44,Not Needed
850,41906,2024-04-01,3415,88,14,1,8.84,Quality Issue
851,41941,2024-04-11,6329,330,34,1,11.08,Not Needed
852,41949,2024-04-13,12431,462,7,1,13.82,Quality Issue
853,42059,2024-04-16,4370,226,12,1,81.77,Wrong Item
854,42134,2024-04-16,16351,382,9,1,6.35,Quality Issue
855,42346,2024-04-11,20621,40,13,1,6.08,Quality Issue
856,42360,2024-04-13,2216,383,23,2,16.07,Damaged
857,42395,2024-04-07,22941,77,33,1,9.59,Damaged
858,42450,2024-04-08,22436,232,7,2,22.19,Late Delivery
859,42516,2024-04-21,3157,156,16,2,1.84,Quality Issue
860,42550,2024-04-06,21386,211,1,1,7.74,Damaged
861,42598,2024-04-18,24227,277,24,1,29.94,Wrong Item
862,42606,2024-04-03,8066,522,7,2,52.32,Quality Issue
863,42631,2024-04-19,11986,691,22,1,380.04,Not Needed
864,42728,2024-04-20,9396,543,17,1,9.41,Not Needed
865,42746,2024-04-08,12621,605,23,1,187.47,Not Needed
866,42751,2024-04-22,10518,171,30,1,4.19,Late Delivery
867,42753,2024-04-09,4006,175,6,1,3.99,Wrong Item
868,42761,2024-04-11,10330,165,21,1,21.27,Late Delivery
869,42914,2024-04-07,8713,388,33,1,115.92,Not Needed
870,42941,2024-04-17,12529,372,13,1,50.36,Quality Issue
871,43014,2024-04-19,7576,57,2,1,2.56,Not Needed
872,43034,2024-04-17,16622,223,12,1,4.92,Late Delivery
873,43072,2024-04-17,7575,643,11,1,192.34,Quality Issue
874,43144,2024-04-18,6550,668,21,1,558.59,Damaged
875,43160,2024-04-18,19040,133,33,1,5.57,Quality Issue
876,43187,2024-04-16,2302,449,2,1,21.57,Not Needed
877,43232,2024-04-22,8120,79,29,1,7.35,Late Delivery
878,43264,2024-04-10,3868,41,33,1,21.8,Damaged
879,43270,2024-04-06,14456,68,18,2,42.85,Late Delivery
880,43277,2024-04-12,23636,238,13,1,24.51,Damaged
881,43278,2024-04-10,5983,176,30,1,8.29,Quality Issue
882,43400,2024-04-11,19664,270,20,1,16.04,Not Needed
883,43450,2024-04-22,19178,215,16,2,7.74,Quality Issue
884,43563,2024-04-23,2573,512,18,1,9.12,Wrong Item
885,43569,2024-04-07,23736,168,2,1,6.59,Not Needed
886,43781,2024-04-10,1426,430,7,1,20.4,Not Needed
887,43910,2024-04-21,17524,120,28,1,9.21,Not Needed
888,43965,2024-04-11,2573,24,18,2,18.18,Not Needed
889,44016,2024-04-13,7470,118,17,1,3.08,Quality Issue
890,44159,2024-04-22,19820,161,20,1,23.1,Wrong Item
891,44166,2024-04-21,15612,200,20,2,22.71,Not Needed
892,44180,2024-04-13,19257,366,3,2,5.55,Late Delivery
893,44213,2024-04-12,12458,115,26,1,14.41,Not Needed
894,44385,2024-04-09,8800,222,12,1,2.96,Damaged
895,44391,2024-04-15,15104,262,12,1,31.49,Not Needed
896,44461,2024-04-15,6183,119,34,2,28.52,Not Needed
897,44509,2024-04-20,5927,570,3,2,26.73,Not Needed
898,44510,2024-04-14,20029,89,11,1,4.01,Late Delivery
899,44531,2024-04-18,16025,245,23,1,11.13,Late Delivery
900,44552,2024-04-13,4062,36,7,1,20.4,Wrong Item
901,44655,2024-04-18,11673,560,23,2,28.29,Quality Issue
902,44658,2024-04-11,753,313,22,1,3.75,Quality Issue
903,44680,2024-04-22,6256,131,1,2,7.52,Quality Issue
904,44813,2024-04-14,21838,1,19,2,1.29,Not Needed
905,44846,2024-04-17,19596,531,20,1,14.09,Late Delivery
906,44891,2024-04-11,16143,218,17,1,11.84,Quality Issue
907,44955,2024-04-26,3680,106,30,1,5.86,Damaged
908,45066,2024-04-18,7871,198,17,1,12.37,Damaged
909,45079,2024-04-09,6445,416,33,1,11.91,Not Needed
910,45125,2024-04-19,9987,554,27,1,7.02,Not Needed
911,45222,2024-04-16,14787,234,7,1,7.87,Not Needed
912,45236,2024-04-16,5632,286,9,1,11.94,Quality Issue
913,45350,2024-04-28,18994,407,21,1,14.12,Not Needed
914,45364,2024-04-14,22032,77,16,1,46.92,Not Needed
915,45402,2024-04-27,20170,647,15,1,156.14,Not Needed
916,45436,2024-04-24,15112,26,25,2,13.52,Not Needed
917,45444,2024-04-11,15208,200,11,2,6.77,Late Delivery
918,45465,2024-04-16,17280,183,19,2,6.96,Not Needed
919,45481,2024-04-22,5294,512,24,1,10.29,Damaged
920,45516,2024-04-25,19503,104,17,1,10.93,Quality Issue
921,45552,2024-04-11,9615,112,5,1,3.59,Not Needed
922,45591,2024-04-12,24355,681,18,1,83.11,Not Needed
923,45633,2024-04-23,21446,110,4,2,23.37,Wrong Item
924,45672,2024-04-20,23484,365,31,1,8.09,Damaged
925,45756,2024-04-24,21061,178,8,2,8.73,Not Needed
926,45865,2024-04-26,9366,298,15,1,46.05,Late Delivery
927,45899,2024-04-11,10312,136,14,1,6.14,Not Needed
928,45913,2024-04-27,9925,524,27,2,31.07,Quality Issue
929,46053,2024-04-14,20165,47,4,1,11.8,Not Needed
930,46138,2024-04-12,10083,165,33,2,15.38,Damaged
931,46263,2024-04-16,18372,114,29,2,13.34,Late Delivery
932,46282,2024-04-20,9431,601,9,2,470.37,Damaged
933,46284,2024-04-25,15900,562,16,1,67.69,Not Needed
934,46500,2024-04-17,7624,198,33,2,6.67,Not Needed
935,46506,2024-04-27,7451,393,11,1,25.48,Damaged
936,46525,2024-04-17,20587,292,26,1,35.42,Not Needed
937,46527,2024-04-15,13403,241,8,2,29.61,Late Delivery
938,46550,2024-04-22,11531,397,29,2,38.85,Not Needed
939,46622,2024-04-15,16188,579,25,2,51.32,Quality Issue
940,46720,2024-05-01,15402,594,15,1,123.77,Wrong Item
941,46764,2024-04-15,19554,638,23,1,36.88,Damaged
942,46839,2024-04-26,14878,116,8,2,17.16,Not Needed
943,46898,2024-04-29,5139,198,6,2,12.45,Wrong Item
944,46911,2024-04-21,14769,283,29,1,3.23,Not Needed
945,46943,2024-04-27,4157,452,26,1,6.01,Quality Issue
946,46984,2024-04-29,18814,139,23,2,9.99,Not Needed
947,46986,2024-04-24,2257,412,28,1,14.65,Damaged
948,47104,2024-04-20,2931,428,20,1,49.96,Late Delivery
949,47138,2024-04-26,20823,158,8,1,21.22,Wrong Item
950,47173,2024-04-21,9829,207,8,1,4.21,Quality Issue
951,47295,2024-04-15,13053,148,17,2,25.56,Not Needed
952,47308,2024-04-21,24854,13,4,2,6.44,Not Needed
953,47311,2024-04-20,17580,337,19,1,33.59,Quality Issue
954,47369,2024-04-30,7761,105,27,2,24.73,Not Needed
955,47407,2024-04-17,14333,401,34,1,19.41,Damaged
956,47436,2024-04-26,22155,381,17,2,22.73,Late Delivery
957,47438,2024-04-29,20912,373,12,1,43.44,Damaged
958,47531,2024-05-01,16097,103,27,2,27.71,Not Needed
959,47627,2024-04-26,22449,532,32,1,15.87,Damaged
960,47740,2024-04-27,21453,581,34,2,2.77,Damaged
961,47747,2024-05-01,19367,65,29,1,15.99,Not Needed
962,47811,2024-04-29,1500,38,21,2,2.05,Quality Issue
963,47856,2024-05-03,5135,613,21,1,255.38,Wrong Item
964,47903,2024-04-26,11370,26,21,1,15.1,Not Needed
965,47904,2024-04-17,15202,60,14,1,25.78,Wrong Item
966,47942,2024-04-17,22868,187,26,1,56.22,Damaged
967,47988,2024-04-28,15796,323,25,2,6.59,Late Delivery
968,47999,2024-04-25,22289,201,34,2,26.28,Late Delivery
969,48052,2024-04-18,19832,558,24,2,22.36,Not Needed
970,48121,2024-04-17,1349,280,3,1,45.64,Not Needed
971,48193,2024-04-15,16326,14,29,2,6.21,Quality Issue
972,48278,2024-05-01,91,180,8,1,4.28,Not Needed
973,48359,2024-05-01,1477,448,14,1,19.29,Quality Issue
974,48392,2024-04-21,20534,211,9,2,10.63,Damaged
975,48400,2024-04-29,13110,56,15,2,15.13,Quality Issue
976,48425,2024-04-17,11239,46,8,2,13.01,Not Needed
977,48426,2024-04-18,4411,682,1,1,143.75,Not Needed
978,48457,2024-04-24,23251,572,14,1,9.29,Late Delivery
979,48575,2024-05-02,2343,410,32,2,35.04,Not Needed
980,48640,2024-04-21,22734,416,31,1,6.39,Quality Issue
981,48736,2024-04-24,3490,62,2,2,13.93,Late Delivery
982,48737,2024-04-26,8443,117,21,2,29.47,Late Delivery
983,48808,2024-04-23,4906,103,16,2,25.41,Not Needed
984,48861,2024-04-16,12441,236,10,1,8.11,Not Needed
985,48942,2024-05-03,7632,210,9,1,33.9,Quality Issue
986,48998,2024-04-30,19321,191,20,1,1.95,Quality Issue
987,49009,2024-04-19,7401,125,20,2,31.92,Wrong Item
988,49027,2024-04-29,22953,577,8,1,14.05,Quality Issue
989,49084,2024-04-27,19283,133,19,1,6.45,Not Needed
990,49109,2024-04-20,1320,32,33,2,11.21,Not Needed
991,49153,2024-04-20,24058,67,7,2,9.63,Quality Issue
992,49157,2024-04-22,812,416,32,1,11.71,Damaged
993,49160,2024-04-24,21188,86,34,2,11.88,Not Needed
994,49232,2024-05-02,9896,231,12,1,27.13,Damaged
995,49275,2024-04-30,13843,639,33,1,145.35,Quality Issue
996,49324,2024-04-19,16104,626,24,1,547.32,Not Needed
997,49380,2024-05-05,17294,334,14,1,15.93,Damaged
998,49394,2024-04-20,4412,354,20,1,7.8,Not Needed
999,49472,2024-04-28,8714,84,4,1,10.45,Damaged
1000,49500,2024-04-29,1755,96,2,1,18.77,Late Delivery
1001,49506,2024-04-25,1183,93,23,1,6.63,Late Delivery
1002,49513,2024-04-22,21274,447,20,1,11.38,Quality Issue
1003,49520,2024-05-03,470,47,24,2,16.64,Quality Issue
1004,49547,2024-05-05,9835,300,15,1,20.7,Damaged
1005,49593,2024-05-01,15679,577,25,1,10.47,Not Needed
1006,49631,2024-04-29,1696,369,18,2,23.15,Quality Issue
1007,49632,2024-04-23,18223,332,28,1,22.82,Quality Issue
1008,49707,2024-04-23,20717,638,31,1,31.32,Damaged
1009,49792,2024-04-23,10514,541,9,1,26.36,Not Needed
1010,49824,2024-04-27,3662,67,5,1,48.44,Damaged
1011,49937,2024-05-06,918,655,14,1,152.11,Not Needed
1012,49964,2024-04-27,23889,428,20,1,52.11,Not Needed
1013,50008,2024-04-20,3315,679,21,1,112.64,Damaged
1014,50063,2024-05-07,3332,20,30,2,15.75,Quality Issue
1015,50142,2024-04-27,24910,201,33,2,10.77,Damaged
1016,50144,2024-04-29,4569,297,8,1,11.57,Damaged
1017,50259,2024-04-29,10454,332,5,1,12.63,Damaged
1018,50287,2024-04-24,13697,296,19,1,11.29,Not Needed
1019,50289,2024-04-21,23213,184,26,2,17.05,Late Delivery
1020,50363,2024-04-26,24938,51,22,1,6.97,Late Delivery
1021,50566,2024-05-02,20859,188,11,1,22.97,Quality Issue
1022,50600,2024-04-19,5784,296,7,1,5.15,Not Needed
1023,50664,2024-05-06,23990,333,29,2,49.59,Wrong Item
1024,50762,2024-04-23,15122,267,4,1,23.89,Not Needed
1025,50785,2024-05-03,11942,164,21,2,17.17,Quality Issue
1026,50802,2024-05-03,395,202,19,1,32.2,Late Delivery
1027,50844,2024-04-25,3666,513,14,1,9.0,Not Needed
1028,50864,2024-05-03,21357,349,11,1,20.44,Late Delivery
1029,50895,2024-04-28,24956,64,11,1,44.44,Late Delivery
1030,50941,2024-05-02,8170,93,2,1,3.1,Wrong Item
1031,51082,2024-05-05,16717,518,26,1,5.26,Not Needed
1032,51112,2024-04-22,17817,491,24,2,47.95,Wrong Item
1033,51256,2024-05-05,2866,712,20,1,261.73,Wrong Item
1034,51261,2024-05-08,24921,354,24,1,7.69,Quality Issue
1035,51274,2024-04-21,13690,136,32,2,16.11,Damaged
1036,51301,2024-04-30,925,32,15,1,8.52,Not Needed
1037,51366,2024-05-08,5176,384,29,1,18.3,Damaged
1038,51412,2024-04-22,126,315,32,2,11.01,Quality Issue
1039,51434,2024-05-01,14685,530,29,1,87.15,Quality Issue
1040,51461,2024-05-09,13952,170,29,2,1.57,Quality Issue
1041,51509,2024-05-09,17643,634,21,1,225.43,Late Delivery
1042,51523,2024-05-08,1889,381,13,2,20.05,Late Delivery
1043,51541,2024-04-22,20592,31,14,1,6.78,Quality Issue
1044,51673,2024-04-28,8121,450,8,1,9.22,Quality Issue
1045,51731,2024-05-02,16670,97,5,1,0.68,Not Needed
1046,51738,2024-05-11,4438,201,8,1,26.51,Wrong Item
1047,51818,2024-04-22,9306,521,9,1,7.33,Late Delivery
1048,51870,2024-04-22,14545,427,23,2,3.3,Not Needed
1049,51934,2024-05-11,22448,135,1,1,23.94,Not Needed
1050,52065,2024-05-09,14659,14,4,1,7.38,Not Needed
1051,52092,2024-04-24,7078,274,11,1,25.2,Not Needed
1052,52143,2024-04-29,24540,114,3,1,12.11,Not Needed
1053,52276,2024-04-23,22150,326,34,1,7.33,Damaged
1054,52304,2024-05-04,15927,516,17,1,24.17,Quality Issue
1055,52306,2024-05-09,15255,49,6,1,26.45,Wrong Item
1056,52315,2024-04-24,831,344,20,1,92.18,Not Needed
1057,52348,2024-05-04,17852,81,20,2,11.58,Wrong Item
1058,52388,2024-05-12,4932,293,15,1,52.07,Damaged
1059,52393,2024-05-09,18501,461,21,1,10.36,Quality Issue
1060,52425,2024-04-27,8725,383,32,1,7.83,Late Delivery
1061,52472,2024-04-23,14506,300,8,2,22.28,Quality Issue
1062,52495,2024-04-27,22965,148,21,2,6.2,Late Delivery
1063,52509,2024-05-11,7370,184,9,1,6.22,Not Needed
1064,52525,2024-04-30,23523,62,33,1,8.17,Not Needed
1065,52566,2024-05-05,14337,400,3,1,32.64,Damaged
1066,52619,2024-04-27,7854,174,30,1,24.04,Quality Issue
1067,52633,2024-05-07,22672,105,34,1,3.49,Damaged
1068,52654,2024-04-26,17389,293,28,1,27.44,Not Needed
1069,52709,2024-04-24,16083,521,1,2,15.66,Quality Issue
1070,52792,2024-04-27,95,20,24,1,6.18,Late Delivery
1071,52848,2024-04-28,22983,437,33,2,39.28,Quality Issue
1072,52891,2024-04-29,4107,70,19,2,10.88,Quality Issue
1073,52939,2024-05-10,24696,323,24,1,2.22,Late Delivery
1074,52950,2024-05-09,6946,371,31,2,40.53,Late Delivery
1075,52980,2024-04-24,5652,448,23,1,25.23,Quality Issue
1076,53105,2024-05-04,10143,381,19,2,12.43,Not Needed
1077,53268,2024-05-08,4676,463,14,1,16.27,Quality Issue
1078,53284,2024-04-28,12801,658,5,1,411.22,Not Needed
1079,53293,2024-05-07,10418,141,21,2,7.08,Quality Issue
1080,53330,2024-05-04,8362,279,16,1,22.28,Not Needed
1081,53353,2024-04-28,6348,59,9,1,23.23,Late Delivery
1082,53392,2024-05-10,4607,300,4,2,36.73,Not Needed
1083,53397,2024-05-02,16905,585,23,1,6.84,Late Delivery
1084,53432,2024-04-28,1259,216,12,2,27.32,Not Needed
1085,53478,2024-04-26,4661,128,18,1,9.37,Not Needed
1086,53499,2024-04-29,5391,217,22,1,16.77,Not Needed
1087,53553,2024-05-09,10527,113,13,2,23.15,Not Needed
1088,53554,2024-05-10,1850,593,8,2,14.18,Damaged
1089,53643,2024-04-29,4518,653,33,1,235.52,Late Delivery
1090,53669,2024-05-05,12688,578,7,1,17.07,Not Needed
1091,53682,2024-05-14,809,122,34,1,7.2,Not Needed
1092,53764,2024-05-11,9329,459,9,1,19.76,Not Needed
1093,53812,2024-05-13,9961,451,10,1,18.27,Not Needed
1094,53874,2024-04-28,23184,551,21,1,13.83,Not Needed
1095,53960,2024-04-27,4435,215,27,1,28.92,Not Needed
1096,53986,2024-04-29,24084,130,19,1,0.87,Damaged
1097,53987,2024-04-29,15307,123,7,1,13.44,Quality Issue
1098,54020,2024-04-27,21462,80,15,2,11.32,Late Delivery
1099,54072,2024-05-01,2591,29,19,1,9.73,Quality Issue
1100,54218,2024-05-10,17963,23,12,2,27.39,Damaged
1101,54233,2024-05-07,305,535,28,1,9.56,Quality Issue
1102,54299,2024-05-14,14791,300,29,1,18.28,Late Delivery
1103,54312,2024-05-03,8668,7,29,2,11.25,Not Needed
1104,54405,2024-05-16,12149,41,33,2,30.73,Not Needed
1105,54411,2024-05-10,16423,490,17,1,10.13,Not Needed
1106,54417,2024-05-02,1228,84,2,2,4.16,Not Needed
1107,54444,2024-05-16,16452,81,1,2,24.41,Quality Issue
1108,54449,2024-05-09,461,331,4,2,41.5,Quality Issue
1109,54472,2024-05-10,7109,397,23,2,25.68,Quality Issue
1110,54502,2024-05-03,23673,226,13,2,59.65,Quality Issue
1111,54508,2024-05-13,12810,115,9,1,11.97,Not Needed
1112,54560,2024-05-16,17942,682,9,1,174.02,Damaged
1113,54676,2024-05-02,3789,165,13,1,7.97,Not Needed
1114,54685,2024-05-03,7327,365,28,2,31.17,Damaged
1115,54693,2024-05-08,7375,222,33,1,3.68,Quality Issue
1116,54855,2024-05-06,4004,510,32,1,28.08,Not Needed
1117,54863,2024-04-28,9234,101,26,1,10.4,Wrong Item
1118,54877,2024-05-17,8902,97,8,2,0.76,Late Delivery
1119,54946,2024-05-06,3446,473,26,1,4.21,Quality Issue
1120,55012,2024-05-08,1378,246,15,2,42.11,Late Delivery
1121,55042,2024-05-11,16774,14,27,1,4.26,Not Needed
1122,55052,2024-05-09,3500,85,6,2,18.65,Not Needed
1123,55062,2024-04-29,3311,132,7,1,15.15,Damaged
1124,55136,2024-05-18,7405,101,18,1,9.76,Late Delivery
1125,55183,2024-05-14,10746,282,18,1,14.07,Quality Issue
1126,55212,2024-05-07,4231,110,31,2,34.47,Quality Issue
1127,55219,2024-05-03,4372,221,10,1,3.35,Late Delivery
1128,55263,2024-05-12,5978,98,18,2,5.85,Late Delivery
1129,55266,2024-05-17,6728,223,20,2,9.71,Late Delivery
1130,55322,2024-05-01,14444,236,18,1,3.59,Wrong Item
1131,55449,2024-05-13,23378,216,15,1,18.36,Not Needed
1132,55496,2024-05-17,4107,141,9,1,14.89,Wrong Item
1133,55531,2024-05-11,12205,478,5,1,24.99,Quality Issue
1134,55573,2024-05-02,7110,558,21,1,10.47,Quality Issue
1135,55718,2024-05-03,13162,105,25,1,3.62,Damaged
1136,55836,2024-05-04,170,304,9,1,11.21,Quality Issue
1137,55870,2024-05-19,10097,590,30,1,107.79,Damaged
1138,55961,2024-04-30,23937,118,10,1,1.55,Not Needed
1139,55965,2024-05-04,12038,262,18,1,32.14,Late Delivery
1140,55991,2024-05-08,9323,714,13,1,428.74,Late Delivery
1141,56044,2024-05-02,8079,33,14,2,25.09,Late Delivery
1142,56057,2024-05-03,2276,99,34,1,17.54,Not Needed
1143,56144,2024-05-01,11436,510,29,1,41.22,Not Needed
1144,56208,2024-05-03,16022,720,33,1,83.72,Not Needed
1145,56213,2024-05-03,4491,241,32,1,102.36,Not Needed
1146,56254,2024-05-01,2136,162,34,1,4.25,Quality Issue
1147,56276,2024-05-07,8460,390,3,1,2.97,Quality Issue
1148,56278,2024-05-14,9638,450,14,1,17.37,Quality Issue
1149,56331,2024-05-09,6923,81,3,2,14.87,Not Needed
1150,56339,2024-05-15,10798,663,29,1,97.69,Quality Issue
1151,56497,2024-05-06,11879,666,20,1,337.74,Not Needed
1152,56503,2024-05-12,5926,50,24,2,14.7,Damaged
1153,56540,2024-05-17,22547,174,9,2,5.55,Not Needed
1154,56584,2024-05-03,23165,564,32,1,2.0,Quality Issue
1155,56614,2024-05-03,19534,135,17,1,7.9,Damaged
1156,56722,2024-05-04,12184,72,10,1,1.6,Quality Issue
1157,56757,2024-05-13,15531,429,21,1,2.34,Not Needed
1158,56764,2024-05-02,11313,337,15,1,13.17,Not Needed
1159,56784,2024-05-21,24138,140,12,2,25.0,Quality Issue
1160,56798,2024-05-14,14423,570,14,1,30.69,Quality Issue
1161,56857,2024-05-06,6769,46,29,1,18.87,Damaged
1162,56890,2024-05-18,1693,381,2,2,20.1,Quality Issue
1163,56913,2024-05-18,13952,148,32,1,3.57,Not Needed
1164,56933,2024-05-07,16857,547,29,2,5.56,Damaged
1165,57026,2024-05-19,737,324,12,1,28.65,Quality Issue
1166,57068,2024-05-05,12795,124,9,2,21.86,Not Needed
1167,57169,2024-05-12,22985,73,33,1,17.54,Late Delivery
1168,57186,2024-05-12,24416,195,7,1,5.59,Not Needed
1169,57188,2024-05-11,24280,19,27,1,12.98,Not Needed
1170,57306,2024-05-10,16706,285,4,1,22.21,Not Needed
1171,57374,2024-05-17,10178,30,9,1,2.38,Late Delivery
1172,57378,2024-05-07,24077,347,33,2,6.72,Late Delivery
1173,57442,2024-05-19,24451,300,4,2,37.89,Not Needed
1174,57521,2024-05-11,19128,182,10,1,7.2,Quality Issue
1175,57539,2024-05-14,4219,115,1,2,3.87,Not Needed
1176,57561,2024-05-18,6529,222,1,2,22.1,Late Delivery
1177,57583,2024-05-15,6794,574,4,2,60.73,Damaged
1178,57675,2024-05-20,14205,220,28,1,5.72,Not Needed
1179,57695,2024-05-14,4904,150,15,1,10.84,Quality Issue
1180,57699,2024-05-23,24625,210,25,2,16.56,Not Needed
1181,57719,2024-05-22,16032,225,18,2,13.4,Not Needed
1182,57751,2024-05-19,19321,421,15,1,21.02,Not Needed
1183,57757,2024-05-13,20101,45,15,2,27.3,Late Delivery
1184,57818,2024-05-05,17919,243,31,2,44.74,Wrong Item
1185,57902,2024-05-12,14576,325,15,2,99.01,Not Needed
1186,57935,2024-05-10,11052,605,18,1,119.37,Late Delivery
1187,57942,2024-05-13,17802,280,20,2,71.0,Late Delivery
1188,58015,2024-05-07,1890,97,8,1,0.77,Quality Issue
1189,58062,2024-05-22,20908,502,18,1,13.46,Not Needed
1190,58132,2024-05-10,15624,189,26,1,3.81,Wrong Item
1191,58168,2024-05-22,8280,258,32,2,19.2,Wrong Item
1192,58253,2024-05-16,24664,310,17,1,5.27,Late Delivery
1193,58321,2024-05-05,7294,69,33,1,3.25,Damaged
1194,58536,2024-05-06,6067,313,9,1,5.54,Late Delivery
1195,58649,2024-05-19,8097,20,19,1,5.83,Not Needed
1196,58728,2024-05-22,17660,236,18,2,12.66,Quality Issue
1197,58746,2024-05-22,12811,178,5,1,23.97,Not Needed
1198,58785,2024-05-22,19075,650,34,1,226.07,Quality Issue
1199,58796,2024-05-06,23071,152,24,1,7.36,Quality Issue
1200,58811,2024-05-14,9451,109,15,1,2.94,Not Needed
1201,58868,2024-05-06,482,65,27,2,15.1,Quality Issue
1202,58874,2024-05-17,1638,575,4,1,7.34,Damaged
1203,58888,2024-05-15,20154,122,33,1,3.81,Damaged
1204,58922,2024-05-18,22975,170,8,2,5.98,Wrong Item
1205,58968,2024-05-07,2983,628,33,1,229.11,Not Needed
1206,59092,2024-05-14,18426,457,19,1,38.36,Not Needed
1207,59180,2024-05-18,8370,172,6,2,12.59,Quality Issue
1208,59188,2024-05-19,4758,79,29,1,14.88,Late Delivery
1209,59271,2024-05-13,23447,479,33,1,11.35,Not Needed
1210,59290,2024-05-24,6325,573,30,2,34.83,Wrong Item
1211,59309,2024-05-24,11237,91,31,1,11.04,Damaged
1212,59401,2024-05-11,14683,577,15,1,7.25,Late Delivery
1213,59412,2024-05-21,16937,605,9,1,139.96,Quality Issue
1214,59512,2024-05-09,4821,253,1,2,33.85,Late Delivery
1215,59663,2024-05-22,10406,319,2,1,9.57,Damaged
1216,59886,2024-05-12,2856,392,19,1,17.95,Not Needed
1217,59915,2024-05-25,24619,9,20,1,19.35,Wrong Item
1218,59939,2024-05-27,7116,694,18,1,360.6,Not Needed
1219,59985,2024-05-21,6618,89,13,1,16.74,Wrong Item
1220,60029,2024-05-19,13510,319,4,1,3.34,Quality Issue
1221,60032,2024-05-12,20339,21,24,1,9.53,Quality Issue
1222,60065,2024-05-20,14983,572,9,2,22.07,Damaged
1223,60094,2024-05-10,20746,17,27,1,3.28,Late Delivery
1224,60114,2024-05-23,4129,19,5,1,5.91,Not Needed
1225,60174,2024-05-27,21863,96,30,2,4.28,Not Needed
1226,60252,2024-05-15,13894,86,11,1,6.28,Damaged
1227,60283,2024-05-10,6341,109,8,2,13.03,Not Needed
1228,60334,2024-05-20,11807,553,6,1,11.19,Not Needed
1229,60448,2024-05-14,22372,342,5,1,10.35,Quality Issue
1230,60470,2024-05-12,20321,364,33,1,17.25,Late Delivery
1231,60514,2024-05-13,10907,132,33,2,23.56,Wrong Item
1232,60534,2024-05-19,12878,575,14,1,7.08,Damaged
1233,60571,2024-05-20,687,643,31,1,140.99,Not Needed
1234,60617,2024-05-14,876,377,14,1,22.06,Not Needed
1235,60621,2024-05-10,12541,662,15,1,24.34,Quality Issue
1236,60629,2024-05-12,7323,328,13,2,24.6,Not Needed
1237,60667,2024-05-12,1508,198,14,2,25.77,Wrong Item
1238,60681,2024-05-27,20531,676,4,1,231.38,Not Needed
1239,60719,2024-05-10,24807,683,34,1,86.15,Quality Issue
1240,60735,2024-05-15,1912,377,30,1,30.93,Damaged
1241,60751,2024-05-29,14109,517,24,1,2.42,Damaged
1242,60786,2024-05-27,1982,174,2,1,21.47,Quality Issue
1243,60806,2024-05-28,13134,324,22,1,21.4,Late Delivery
1244,60808,2024-05-12,1850,623,26,1,466.96,Wrong Item
1245,60842,2024-05-27,16682,301,24,1,19.12,Late Delivery
1246,60915,2024-05-11,2174,399,9,1,35.84,Not Needed
1247,60964,2024-05-19,471,36,26,2,9.57,Wrong Item
1248,60992,2024-05-18,20687,66,8,1,1.91,Not Needed
1249,61097,2024-05-12,16694,115,5,2,14.33,Late Delivery
1250,61112,2024-05-30,6157,55,34,1,6.4,Not Needed
1251,61130,2024-05-21,19066,494,8,1,2.12,Not Needed
1252,61149,2024-05-26,16921,75,20,1,4.74,Not Needed
1253,61340,2024-05-12,10137,145,29,1,10.68,Wrong Item
1254,61361,2024-05-19,21530,279,17,2,45.87,Wrong Item
1255,61371,2024-05-24,15741,353,14,1,50.99,Damaged
1256,61375,2024-05-13,15728,615,13,1,326.26,Not Needed
1257,61593,2024-05-15,11918,541,34,2,51.08,Not Needed
1258,61596,2024-05-20,301,496,3,1,20.62,Damaged
1259,61680,2024-05-19,7011,495,10,1,42.22,Not Needed
1260,61843,2024-05-21,12271,340,21,1,60.61,Damaged
1261,61851,2024-05-12,13096,292,9,1,14.57,Wrong Item
1262,61889,2024-05-27,20451,24,10,1,9.33,Quality Issue
1263,61960,2024-05-13,13239,86,18,2,19.76,Wrong Item
1264,61979,2024-05-23,5151,631,4,1,412.63,Wrong Item
1265,62098,2024-05-17,9328,604,6,1,462.12,Not Needed
1266,62110,2024-05-27,4520,199,10,1,21.91,Late Delivery
1267,62147,2024-05-16,18196,99,14,2,10.87,Not Needed
1268,62183,2024-05-31,5123,640,30,1,124.17,Not Needed
1269,62258,2024-05-17,5176,168,11,2,14.04,Damaged
1270,62299,2024-05-18,17285,553,3,2,28.08,Late Delivery
1271,62376,2024-05-27,5062,2,8,1,7.59,Not Needed
1272,62399,2024-05-29,13805,461,28,1,7.86,Late Delivery
1273,62479,2024-05-13,18330,285,32,2,36.53,Wrong Item
1274,62498,2024-05-19,23059,427,16,2,5.93,Not Needed
1275,62532,2024-05-26,4356,337,14,1,11.9,Quality Issue
1276,62600,2024-05-25,17622,201,9,2,9.97,Not Needed
1277,62618,2024-05-14,2518,146,7,1,8.42,Late Delivery
1278,62666,2024-05-15,17888,205,10,1,4.77,Not Needed
1279,62701,2024-06-02,17553,96,34,1,2.45,Damaged
1280,62766,2024-06-02,23605,426,9,1,63.87,Not Needed
1281,62860,2024-05-21,14166,461,5,1,45.95,Quality Issue
1282,62864,2024-05-19,11382,26,30,2,11.23,Wrong Item
1283,63071,2024-05-19,6970,539,5,1,6.65,Not Needed
1284,63078,2024-06-03,13865,393,26,1,10.24,Late Delivery
1285,63218,2024-05-18,6546,14,4,2,5.21,Not Needed
1286,63285,2024-05-15,16654,159,33,2,22.72,Not Needed
1287,63348,2024-05-25,7821,5,6,1,15.02,Late Delivery
1288,63488,2024-06-01,17543,139,33,1,5.58,Damaged
1289,63490,2024-06-03,632,107,18,1,4.84,Wrong Item
1290,63497,2024-06-02,1133,474,7,1,7.98,Not Needed
1291,63543,2024-05-17,13783,305,29,1,105.4,Not Needed
1292,63591,2024-05-19,24451,246,7,1,22.0,Not Needed
1293,63604,2024-05-20,11549,601,26,1,399.17,Late Delivery
1294,63619,2024-05-29,12172,37,20,1,6.62,Damaged
1295,63666,2024-05-21,915,268,9,2,29.77,Not Needed
1296,63715,2024-05-27,5479,398,3,2,50.11,Damaged
1297,63748,2024-05-31,1369,567,4,1,5.5,Quality Issue
1298,63755,2024-05-21,22421,195,34,2,12.98,Wrong Item
1299,63782,2024-06-02,17711,99,21,2,14.83,Damaged
1300,63830,2024-05-27,7799,179,25,1,2.32,Not Needed
1301,63896,2024-06-03,15677,19,23,1,20.27,Quality Issue
1302,63908,2024-06-04,23649,326,20,2,11.44,Not Needed
1303,63934,2024-06-01,18911,354,22,1,3.57,Late Delivery
1304,63957,2024-05-27,2595,131,14,2,7.14,Damaged
1305,64087,2024-06-03,15981,472,15,1,2.95,Not Needed
1306,64189,2024-05-21,24501,276,19,1,19.14,Late Delivery
1307,64190,2024-05-30,5217,290,15,1,44.32,Not Needed
1308,64196,2024-06-02,23643,302,29,1,7.44,Damaged
1309,64204,2024-05-17,3011,416,18,2,26.93,Damaged
1310,64228,2024-05-27,24933,201,13,1,6.29,Late Delivery
1311,64322,2024-05-17,9952,188,5,1,2.6,Not Needed
1312,64335,2024-05-19,24402,400,4,2,42.21,Quality Issue
1313,64341,2024-05-20,12122,257,29,1,22.23,Not Needed
1314,64399,2024-05-28,1064,176,16,2,16.08,Quality Issue
1315,64415,2024-05-31,23,301,13,2,72.86,Not Needed
1316,64454,2024-05-22,11437,548,21,1,26.5,Wrong Item
1317,64473,2024-05-25,7066,70,24,1,20.86,Wrong Item
1318,64639,2024-05-29,15644,63,17,1,12.18,Not Needed
1319,64653,2024-05-22,23673,70,1,1,4.66,Damaged
1320,64669,2024-05-24,23080,507,26,1,4.09,Damaged
1321,64691,2024-06-03,10267,167,2,2,9.8,Not Needed
1322,64694,2024-05-28,10234,629,14,1,37.54,Not Needed
1323,64711,2024-06-01,21466,435,34,1,7.6,Late Delivery
1324,64734,2024-05-19,8881,524,14,1,28.08,Late Delivery
1325,64809,2024-05-27,19015,338,23,2,64.95,Late Delivery
1326,64828,2024-05-26,12812,561,20,1,26.16,Not Needed
1327,64871,2024-05-24,1809,224,6,2,8.7,Quality Issue
1328,64900,2024-05-28,15362,559,22,1,23.97,Not Needed
1329,64903,2024-05-26,3187,221,32,1,3.59,Quality Issue
1330,64904,2024-05-18,16688,573,17,1,16.23,Late Delivery
1331,64912,2024-05-31,15766,423,12,1,50.75,Late Delivery
1332,64925,2024-05-25,24825,94,20,1,2.53,Quality Issue
1333,64981,2024-06-05,8929,187,28,1,32.86,Not Needed
1334,65006,2024-05-23,23471,257,34,1,7.82,Not Needed
1335,65009,2024-05-27,9973,450,32,1,4.83,Quality Issue
1336,65055,2024-06-01,6245,262,17,1,35.48,Damaged
1337,65173,2024-06-05,18426,321,11,2,44.84,Not Needed
1338,65182,2024-06-07,19150,512,20,1,16.07,Quality Issue
1339,65258,2024-06-03,24846,223,18,2,25.34,Not Needed
1340,65263,2024-05-27,13835,537,33,1,16.37,Damaged
1341,65353,2024-05-30,3820,211,15,1,5.42,Not Needed
1342,65369,2024-06-05,3231,71,33,1,2.34,Not Needed
1343,65396,2024-05-28,4823,354,21,2,8.1,Quality Issue
1344,65496,2024-06-05,7633,266,19,2,17.11,Quality Issue
1345,65510,2024-05-20,11072,155,33,1,13.58,Quality Issue
1346,65515,2024-05-28,10722,20,24,2,26.95,Wrong Item
1347,65518,2024-06-01,8540,717,6,1,278.75,Damaged
1348,65529,2024-05-23,5798,691,33,1,378.26,Late Delivery
1349,65531,2024-06-02,5280,3,23,1,3.71,Not Needed
1350,65662,2024-06-04,1445,583,7,1,4.48,Late Delivery
1351,65687,2024-05-28,14662,406,14,1,65.1,Not Needed
1352,65691,2024-05-28,8920,296,13,2,35.95,Not Needed
1353,65718,2024-05-27,13141,516,20,2,45.71,Not Needed
1354,65761,2024-05-24,5035,190,15,1,35.3,Damaged
1355,65802,2024-05-24,13573,373,10,2,20.59,Late Delivery
1356,65823,2024-06-05,23819,453,22,1,29.65,Late Delivery
1357,65825,2024-06-05,12186,78,28,1,13.65,Damaged
1358,65855,2024-05-23,9993,566,11,2,53.95,Wrong Item
1359,65940,2024-06-08,1229,10,16,1,21.77,Not Needed
1360,65967,2024-06-07,3219,384,34,1,8.31,Damaged
1361,66019,2024-05-25,19713,197,30,1,5.96,Wrong Item
1362,66111,2024-05-22,19217,647,3,1,107.55,Late Delivery
1363,66114,2024-05-26,7539,412,27,1,25.36,Late Delivery
1364,66194,2024-06-02,19350,72,20,1,1.46,Damaged
1365,66197,2024-06-04,15798,188,30,1,13.95,Not Needed
1366,66423,2024-06-03,20230,679,2,1,96.34,Not Needed
1367,66435,2024-06-05,19774,541,4,1,24.59,Damaged
1368,66440,2024-05-27,9139,224,22,1,20.51,Damaged
1369,66473,2024-05-27,3829,125,15,2,20.27,Late Delivery
1370,66498,2024-05-25,158,117,29,1,33.36,Quality Issue
1371,66565,2024-05-22,18063,545,5,1,4.42,Quality Issue
1372,66603,2024-05-27,22200,208,4,1,6.24,Damaged
1373,66656,2024-05-29,2836,139,13,2,7.14,Damaged
1374,66716,2024-05-24,15247,460,6,1,29.71,Damaged
1375,66720,2024-06-06,21930,22,5,1,29.82,Quality Issue
1376,66943,2024-06-04,5062,399,3,2,20.21,Wrong Item
1377,66952,2024-06-01,22628,146,19,2,10.27,Damaged
1378,67025,2024-06-04,14784,458,8,1,67.86,Damaged
1379,67050,2024-05-30,18938,98,20,2,15.45,Late Delivery
1380,67076,2024-06-08,24231,17,28,2,4.05,Quality Issue
1381,67106,2024-06-06,10348,152,28,2,25.61,Not Needed
1382,67107,2024-06-10,11217,662,26,1,12.38,Wrong Item
1383,67150,2024-05-30,22323,43,15,2,9.2,Not Needed
1384,67180,2024-05-27,4586,101,1,2,6.98,Late Delivery
1385,67239,2024-05-24,5972,206,18,1,8.82,Damaged
1386,67277,2024-05-23,13001,227,24,1,17.54,Not Needed
1387,67291,2024-05-27,771,18,32,1,4.08,Damaged
1388,67305,2024-05-23,9842,37,23,2,25.51,Damaged
1389,67326,2024-05-30,21083,73,33,2,13.94,Quality Issue
1390,67350,2024-06-06,16397,212,21,1,11.78,Wrong Item
1391,67475,2024-05-29,4160,10,29,1,9.23,Not Needed
1392,67565,2024-06-07,19840,158,3,1,14.36,Quality Issue
1393,67677,2024-06-05,2498,636,14,1,142.55,Quality Issue
1394,67680,2024-06-11,618,387,30,1,17.08,Not Needed
1395,67740,2024-05-26,4226,264,25,1,16.66,Quality Issue
1396,67773,2024-06-05,9425,195,32,2,8.56,Damaged
1397,67789,2024-06-09,14998,602,34,1,66.82,Not Needed
1398,67824,2024-05-27,15086,642,14,1,149.28,Wrong Item
1399,67883,2024-06-11,8014,76,31,2,16.87,Quality Issue
1400,67886,2024-06-07,21448,277,14,2,42.76,Late Delivery
1401,67952,2024-06-08,19446,307,17,2,15.28,Quality Issue
1402,67994,2024-05-29,19348,200,4,2,16.62,Quality Issue
1403,68013,2024-05-28,13909,358,6,1,10.32,Quality Issue
1404,68039,2024-06-08,4575,467,34,2,29.07,Not Needed
1405,68206,2024-06-04,23794,399,21,1,10.72,Not Needed
1406,68324,2024-06-10,16756,514,9,1,24.04,Late Delivery
1407,68378,2024-06-09,2333,35,11,1,21.04,Late Delivery
1408,68433,2024-06-12,1571,218,7,1,18.48,Late Delivery
1409,68449,2024-06-02,3890,427,18,1,6.19,Quality Issue
1410,68495,2024-05-30,17753,257,22,1,4.31,Quality Issue
1411,68503,2024-05-25,5351,370,16,1,13.07,Damaged
1412,68508,2024-06-07,18537,304,7,1,8.08,Not Needed
1413,68557,2024-06-01,2385,190,20,2,18.38,Quality Issue
1414,68568,2024-06-08,21529,582,16,1,4.72,Damaged
1415,68612,2024-06-14,16592,290,21,1,20.45,Quality Issue
1416,68702,2024-06-03,18783,71,19,1,14.05,Quality Issue
1417,68723,2024-06-08,4602,452,21,2,18.34,Damaged
1418,68797,2024-06-13,6020,49,20,2,32.79,Not Needed
1419,69026,2024-06-01,4102,76,17,1,6.24,Not Needed
1420,69138,2024-06-10,17061,581,12,1,1.64,Wrong Item
1421,69181,2024-06-01,4737,181,34,1,0.68,Not Needed
1422,69198,2024-06-13,10022,320,14,1,10.12,Damaged
1423,69201,2024-06-14,13952,368,31,1,12.5,Late Delivery
1424,69234,2024-06-05,13529,701,5,1,480.15,Not Needed
1425,69244,2024-06-11,12165,349,15,1,25.1,Not Needed
1426,69264,2024-06-15,3167,465,34,1,4.12,Damaged
1427,69292,2024-06-06,2203,207,32,1,17.54,Quality Issue
1428,69308,2024-06-05,7235,449,33,2,49.55,Damaged
1429,69316,2024-05-31,12519,38,14,1,5.62,Late Delivery
1430,69328,2024-06-10,21071,145,17,2,15.41,Late Delivery
1431,69348,2024-06-02,414,202,14,1,19.38,Quality Issue
1432,69371,2024-06-03,6482,275,20,2,40.26,Not Needed
1433,69450,2024-05-27,20093,330,17,1,42.41,Wrong Item
1434,69491,2024-06-09,42,335,29,1,12.66,Not Needed
1435,69504,2024-05-31,9591,31,26,2,4.15,Not Needed
1436,69505,2024-06-13,18885,36,10,2,25.23,Quality Issue
1437,69512,2024-06-07,17285,647,27,1,166.81,Damaged
1438,69537,2024-06-09,24968,220,25,1,4.79,Not Needed
1439,69702,2024-06-10,20459,155,2,2,28.94,Damaged
1440,69703,2024-06-03,18510,480,6,1,7.41,Not Needed
1441,69863,2024-06-01,14292,152,5,2,11.49,Not Needed
1442,69965,2024-06-04,7577,89,9,2,6.43,Not Needed
1443,69966,2024-06-06,23856,93,17,2,11.09,Late Delivery
1444,70006,2024-06-05,8138,349,32,2,17.52,Quality Issue
1445,70012,2024-06-11,18188,688,34,1,147.79,Damaged
1446,70092,2024-05-30,12265,38,6,2,4.34,Quality Issue
1447,70172,2024-06-03,24570,22,33,1,13.33,Wrong Item
1448,70206,2024-06-02,4621,376,14,2,45.74,Not Needed
1449,70241,2024-06-03,10033,486,8,1,15.72,Wrong Item
1450,70255,2024-06-09,10257,149,10,1,12.82,Not Needed
1451,70282,2024-06-16,5140,154,33,1,9.58,Not Needed
1452,70378,2024-06-01,19127,44,9,2,14.58,Late Delivery
1453,70399,2024-06-06,22959,453,18,1,20.14,Not Needed
1454,70440,2024-05-29,5732,455,24,1,5.41,Damaged
1455,70447,2024-06-01,23918,161,20,1,7.18,Not Needed
1456,70496,2024-06-02,19938,376,34,1,21.35,Damaged
1457,70503,2024-06-04,23664,392,23,2,59.0,Not Needed
1458,70512,2024-06-03,7121,294,22,1,49.69,Damaged
1459,70522,2024-06-03,1509,169,34,1,22.24,Not Needed
1460,70525,2024-06-11,9205,659,33,1,520.73,Not Needed
1461,70540,2024-06-12,6388,122,24,1,5.66,Not Needed
1462,70577,2024-06-09,21225,370,13,2,44.67,Wrong Item
1463,70581,2024-06-06,20675,187,14,1,10.05,Quality Issue
1464,70663,2024-06-12,8487,316,23,1,9.65,Late Delivery
1465,70703,2024-06-05,22409,154,3,2,17.59,Wrong Item
1466,70713,2024-06-13,9728,114,32,1,13.88,Damaged
1467,70751,2024-06-10,24158,366,23,1,4.14,Not Needed
1468,70763,2024-05-31,20642,474,2,1,31.71,Late Delivery
1469,70969,2024-06-06,775,160,23,2,16.33,Not Needed
1470,71016,2024-06-01,9168,305,24,1,16.97,Not Needed
1471,71102,2024-06-02,21270,451,30,1,22.21,Not Needed
1472,71144,2024-06-05,16944,275,18,1,12.87,Wrong Item
1473,71296,2024-05-31,18829,124,25,1,16.33,Quality Issue
1474,71364,2024-06-01,23430,79,4,1,34.9,Late Delivery
1475,71371,2024-06-18,5625,132,8,1,24.19,Late Delivery
1476,71390,2024-06-17,5269,170,33,2,2.4,Late Delivery
1477,71401,2024-05-31,3318,295,20,1,50.98,Not Needed
1478,71458,2024-06-11,3077,219,3,2,7.39,Not Needed
1479,71547,2024-06-02,16835,73,24,1,9.13,Not Needed
1480,71552,2024-06-09,3890,368,15,1,13.31,Quality Issue
1481,71568,2024-06-18,435,54,20,1,3.55,Quality Issue
1482,71592,2024-06-20,21240,173,20,1,26.12,Damaged
1483,71610,2024-06-18,17128,204,26,1,3.59,Late Delivery
1484,71875,2024-06-14,20879,214,24,1,4.96,Late Delivery
1485,71890,2024-06-19,11796,31,10,1,5.49,Not Needed
1486,72209,2024-06-09,22276,489,19,1,13.34,Quality Issue
1487,72400,2024-06-17,23812,301,5,1,11.9,Not Needed
1488,72406,2024-06-15,6592,411,26,1,2.55,Quality Issue
1489,72435,2024-06-16,20329,30,19,1,3.89,Not Needed
1490,72542,2024-06-21,18891,302,14,1,4.72,Quality Issue
1491,72614,2024-06-03,22466,201,17,1,7.73,Wrong Item
1492,72673,2024-06-10,21503,109,33,2,10.38,Wrong Item
1493,72735,2024-06-07,6715,106,15,1,2.58,Wrong Item
1494,72934,2024-06-22,12167,22,5,1,18.47,Not Needed
1495,72956,2024-06-15,17075,587,21,1,41.99,Damaged
1496,73134,2024-06-15,1959,81,19,1,17.71,Quality Issue
1497,73258,2024-06-18,5414,175,8,1,3.81,Not Needed
1498,73328,2024-06-08,3824,82,2,2,3.77,Wrong Item
1499,73333,2024-06-17,7219,427,32,2,6.92,Not Needed
1500,73362,2024-06-17,3695,207,18,1,5.04,Quality Issue
1501,73414,2024-06-06,17614,568,8,1,8.53,Late Delivery
1502,73571,2024-06-14,8704,80,30,1,25.39,Late Delivery
1503,73659,2024-06-08,6396,247,11,2,46.08,Not Needed
1504,73668,2024-06-09,14211,39,30,1,2.77,Damaged
1505,73957,2024-06-17,14693,720,17,1,34.04,Wrong Item
1506,74016,2024-06-14,12543,195,21,2,15.49,Wrong Item
1507,74055,2024-06-06,21001,255,20,1,25.47,Not Needed
1508,74156,2024-06-11,22737,136,29,2,35.0,Not Needed
1509,74162,2024-06-17,21443,111,11,1,28.65,Not Needed
1510,74239,2024-06-14,24206,393,33,2,29.45,Not Needed
1511,74321,2024-06-16,924,269,27,1,104.19,Late Delivery
1512,74361,2024-06-12,4907,115,32,1,9.55,Wrong Item
1513,74472,2024-06-11,831,392,30,2,37.16,Quality Issue
1514,74506,2024-06-16,12299,135,19,1,26.35,Late Delivery
1515,74583,2024-06-07,8066,486,33,1,14.64,Late Delivery
1516,74608,2024-06-14,11373,149,26,1,2.33,Not Needed
1517,74749,2024-06-11,23781,69,19,2,7.55,Quality Issue
1518,74764,2024-06-20,22745,627,1,1,218.38,Quality Issue
1519,74863,2024-06-10,3099,579,19,1,70.24,Not Needed
1520,75133,2024-06-20,13544,697,32,1,448.22,Damaged
1521,75144,2024-06-22,7890,124,32,2,11.18,Not Needed
1522,75322,2024-06-24,9208,31,7,1,4.97,Quality Issue
1523,75398,2024-06-12,8072,526,31,1,12.58,Not Needed
1524,75436,2024-06-25,17977,654,21,1,322.45,Wrong Item
1525,75493,2024-06-19,8986,28,19,1,3.41,Not Needed
1526,75726,2024-06-27,24212,47,8,2,10.59,Wrong Item
1527,75758,2024-06-12,7634,545,3,1,3.05,Not Needed
1528,75797,2024-06-11,15771,90,33,1,7.36,Late Delivery
1529,75828,2024-06-20,16258,580,19,1,1.77,Quality Issue
1530,75843,2024-06-23,3055,71,19,2,18.44,Not Needed
1531,75878,2024-06-28,9807,80,14,1,11.96,Wrong Item
1532,75966,2024-06-13,4318,589,23,1,187.15,Not Needed
1533,75975,2024-06-17,5009,534,11,1,6.9,Not Needed
1534,76045,2024-06-26,16725,57,29,1,1.86,Not Needed
1535,76085,2024-06-25,9743,176,9,1,12.36,Damaged
1536,76133,2024-06-11,6017,712,5,1,310.43,Not Needed
1537,76176,2024-06-25,10692,706,30,1,21.59,Quality Issue
1538,76295,2024-06-25,461,278,32,2,9.87,Damaged
1539,76392,2024-06-20,11132,63,20,2,30.63,Late Delivery
1540,76407,2024-06-27,20921,416,11,1,8.49,Quality Issue
1541,76430,2024-06-17,10502,340,11,1,32.12,Not Needed
1542,76543,2024-06-11,17743,11,16,1,9.25,Not Needed
1543,76570,2024-06-13,23612,82,17,1,2.86,Not Needed
1544,76578,2024-06-23,730,539,14,1,7.85,Late Delivery
1545,76683,2024-06-19,22111,283,6,1,4.06,Quality Issue
1546,76742,2024-06-21,16500,177,6,1,9.05,Late Delivery
1547,76771,2024-06-30,4557,683,7,1,119.33,Not Needed
1548,76850,2024-06-12,2646,511,19,1,54.99,Not Needed
1549,76858,2024-06-29,12517,121,17,2,7.95,Not Needed
1550,76863,2024-06-13,22346,489,17,1,21.04,Late Delivery
1551,76873,2024-06-21,4666,490,26,1,9.72,Late Delivery
1552,76962,2024-06-23,12389,474,24,1,10.75,Not Needed
1553,76969,2024-06-18,13778,532,34,1,18.47,Late Delivery
1554,76985,2024-06-21,10674,473,24,1,6.18,Damaged
1555,77030,2024-06-26,743,562,26,1,24.43,Late Delivery
1556,77055,2024-06-11,17781,518,10,1,2.94,Late Delivery
1557,77180,2024-06-19,2975,390,34,1,13.27,Damaged
1558,77269,2024-06-16,6277,155,29,1,6.83,Damaged
1559,77271,2024-06-19,20752,437,18,1,12.54,Not Needed
1560,77283,2024-06-28,4653,315,33,2,15.76,Quality Issue
1561,77317,2024-06-25,22593,510,14,1,11.64,Not Needed
1562,77393,2024-06-12,9631,491,1,1,14.03,Wrong Item
1563,77425,2024-06-28,9797,376,8,1,30.64,Late Delivery
1564,77457,2024-06-15,17107,213,32,1,16.88,Not Needed
1565,77553,2024-06-27,24195,375,30,1,27.44,Quality Issue
1566,77596,2024-06-19,3295,96,11,1,2.97,Not Needed
1567,77673,2024-06-14,15361,268,34,1,12.43,Wrong Item
1568,77708,2024-06-18,14711,395,27,2,48.0,Not Needed
1569,77714,2024-06-21,11184,351,20,1,25.06,Wrong Item
1570,77719,2024-06-30,1586,631,13,1,308.46,Not Needed
1571,77774,2024-06-20,16258,203,25,1,4.81,Quality Issue
1572,77791,2024-06-18,12222,519,6,1,16.65,Not Needed
1573,77855,2024-06-17,11102,1,18,1,0.64,Damaged
1574,77922,2024-07-01,11048,50,5,1,7.1,Not Needed
1575,77945,2024-06-26,22707,136,25,2,14.09,Wrong Item
1576,78001,2024-06-27,9322,140,14,2,33.1,Damaged
1577,78031,2024-06-26,19731,50,3,2,17.4,Quality Issue
1578,78239,2024-06-29,4545,2,1,1,8.3,Damaged
1579,78283,2024-07-01,366,21,23,2,7.02,Quality Issue
1580,78300,2024-06-23,20018,191,25,1,7.44,Late Delivery
1581,78330,2024-06-29,4179,118,34,1,2.05,Damaged
1582,78336,2024-06-19,16791,527,5,2,36.91,Not Needed
1583,78382,2024-06-15,10587,51,1,2,9.03,Not Needed
1584,78406,2024-06-21,12807,433,3,1,66.34,Quality Issue
1585,78507,2024-06-21,17408,596,32,1,295.12,Not Needed
1586,78508,2024-06-20,4315,85,31,1,6.14,Quality Issue
1587,78602,2024-06-20,1622,501,9,1,13.13,Damaged
1588,78638,2024-06-24,18845,140,17,1,15.01,Wrong Item
1589,78660,2024-06-30,21419,132,14,1,29.27,Quality Issue
1590,78755,2024-06-20,6701,166,31,2,2.36,Damaged
1591,78772,2024-07-03,22256,107,10,1,0.84,Damaged
1592,78789,2024-06-30,16257,328,32,1,38.81,Late Delivery
1593,78800,2024-06-28,15475,410,34,2,28.87,Late Delivery
1594,78852,2024-07-01,24593,251,18,1,40.21,Late Delivery
1595,78853,2024-06-19,18407,400,33,2,33.56,Not Needed
1596,78917,2024-06-26,18769,583,31,1,2.84,Late Delivery
1597,78921,2024-06-30,12258,273,18,2,12.9,Wrong Item
1598,78930,2024-06-26,582,58,25,2,10.12,Late Delivery
1599,78957,2024-06-19,13309,703,32,1,264.43,Damaged
1600,78966,2024-06-16,17528,343,29,1,21.36,Damaged
1601,79021,2024-06-23,9189,97,30,1,1.98,Wrong Item
1602,79105,2024-06-19,2475,277,15,2,35.05,Wrong Item
1603,79208,2024-06-22,22837,495,7,2,55.88,Not Needed
1604,79318,2024-07-03,3920,108,29,1,5.74,Not Needed
1605,79355,2024-07-04,22662,372,16,2,19.64,Quality Issue
1606,79369,2024-06-16,8507,511,29,1,42.86,Quality Issue
1607,79410,2024-06-19,5449,425,29,2,29.74,Wrong Item
1608,79424,2024-06-19,10793,380,8,1,18.42,Damaged
1609,79444,2024-06-24,4148,204,26,1,13.34,Late Delivery
1610,79520,2024-06-23,10571,260,26,2,26.02,Quality Issue
1611,79627,2024-06-30,7972,437,30,1,19.02,Not Needed
1612,79633,2024-06-21,6955,388,27,2,103.5,Damaged
1613,79677,2024-06-27,15166,324,15,1,20.62,Late Delivery
1614,79687,2024-06-23,12977,109,15,2,9.3,Quality Issue
1615,79702,2024-06-22,7003,14,14,1,13.06,Wrong Item
1616,79818,2024-06-30,8588,671,14,1,90.51,Quality Issue
1617,79907,2024-07-06,15313,58,18,1,5.52,Not Needed
1618,79927,2024-06-18,14076,463,17,1,16.55,Wrong Item
1619,79942,2024-06-25,19609,207,4,2,11.49,Wrong Item
1620,80103,2024-06-22,7714,60,8,1,7.47,Damaged
1621,80126,2024-06-28,21001,26,16,1,3.14,Late Delivery
1622,80163,2024-06-29,7729,289,8,1,9.81,Not Needed
1623,80183,2024-06-24,7019,2,15,2,45.27,Damaged
1624,80232,2024-07-05,21959,433,15,2,28.84,Not Needed
1625,80255,2024-07-05,12794,190,18,2,14.23,Not Needed
1626,80274,2024-07-01,15845,414,30,1,10.21,Not Needed
1627,80295,2024-06-21,22472,53,18,2,7.2,Late Delivery
1628,80355,2024-07-06,15191,268,16,1,19.39,Quality Issue
1629,80420,2024-06-19,19153,650,29,1,372.15,Damaged
1630,80436,2024-06-28,10163,498,13,2,64.07,Damaged
1631,80469,2024-07-06,21625,384,25,2,37.28,Not Needed
1632,80534,2024-06-18,9006,93,24,1,10.54,Not Needed
1633,80584,2024-06-22,5567,42,34,2,5.23,Quality Issue
1634,80755,2024-07-01,8302,111,30,1,12.46,Late Delivery
1635,80779,2024-07-01,10371,56,33,1,11.82,Damaged
1636,80789,2024-07-02,20611,108,32,1,3.36,Not Needed
1637,80882,2024-07-05,17795,314,28,2,54.77,Not Needed
1638,80904,2024-07-05,14658,691,34,1,249.59,Not Needed
1639,81029,2024-07-07,4375,112,30,1,5.29,Not Needed
1640,81082,2024-06-27,9169,315,28,1,3.16,Damaged
1641,81137,2024-06-29,2379,215,24,1,6.71,Quality Issue
1642,81150,2024-06-22,1510,131,22,1,4.41,Quality Issue
1643,81189,2024-07-03,10709,188,30,1,24.55,Not Needed
1644,81295,2024-06-23,20483,31,18,1,2.6,Wrong Item
1645,81332,2024-06-27,8798,295,33,1,22.32,Quality Issue
1646,81396,2024-06-29,14042,189,3,1,7.92,Not Needed
1647,81403,2024-07-05,17876,390,5,1,3.56,Wrong Item
1648,81426,2024-07-09,4228,685,34,1,130.38,Wrong Item
1649,81428,2024-07-01,15039,2,13,2,35.13,Damaged
1650,81432,2024-07-06,1847,99,5,1,5.15,Quality Issue
1651,81447,2024-06-23,2322,584,32,1,45.48,Not Needed
1652,81465,2024-07-08,7990,247,21,1,50.48,Not Needed
1653,81486,2024-06-20,4462,400,33,1,26.49,Not Needed
1654,81515,2024-06-22,1021,203,27,2,6.41,Not Needed
1655,81640,2024-06-22,13511,578,9,2,48.13,Not Needed
1656,81703,2024-07-06,22980,663,30,1,136.81,Damaged
1657,81737,2024-06-25,15667,664,28,1,377.11,Damaged
1658,81747,2024-06-23,16823,155,26,1,14.98,Late Delivery
1659,81763,2024-07-07,9320,180,13,2,8.73,Not Needed
1660,81817,2024-07-08,19731,64,19,1,29.05,Not Needed
1661,82037,2024-06-25,19069,210,28,1,3.58,Not Needed
1662,82040,2024-07-08,3058,169,20,2,10.41,Not Needed
1663,82047,2024-06-24,24259,132,11,1,8.41,Not Needed
1664,82098,2024-07-04,9513,511,1,2,45.89,Quality Issue
1665,82110,2024-06-22,5072,662,15,1,25.37,Not Needed
1666,82196,2024-06-25,22168,134,17,1,15.22,Quality Issue
1667,82205,2024-07-02,19439,204,34,2,6.41,Late Delivery
1668,82237,2024-06-23,6366,112,29,2,11.25,Wrong Item
1669,82309,2024-06-28,4515,585,15,1,4.13,Not Needed
1670,82343,2024-07-07,19940,175,5,2,2.35,Damaged
1671,82376,2024-06-28,6965,216,24,1,18.93,Quality Issue
1672,82510,2024-06-25,8839,593,4,1,14.45,Late Delivery
1673,82605,2024-06-28,1608,310,21,2,11.65,Damaged
1674,82643,2024-06-28,2377,272,19,1,13.13,Not Needed
1675,82659,2024-07-03,14370,89,21,2,7.01,Wrong Item
1676,82679,2024-06-29,1557,93,4,2,3.73,Quality Issue
1677,82815,2024-06-26,4795,663,15,1,85.1,Quality Issue
1678,82900,2024-06-27,12930,132,16,1,21.34,Wrong Item
1679,82957,2024-07-05,11437,637,24,1,219.84,Not Needed
1680,83013,2024-07-08,15729,294,7,1,22.82,Not Needed
1681,83034,2024-07-12,3187,675,24,1,105.61,Damaged
1682,83126,2024-07-08,23650,221,18,2,7.97,Not Needed
1683,83140,2024-07-11,10077,699,19,1,371.78,Quality Issue
1684,83157,2024-06-25,21661,553,24,2,24.7,Not Needed
1685,83173,2024-07-12,15446,10,25,1,27.63,Late Delivery
1686,83177,2024-07-06,13594,290,5,1,13.97,Not Needed
1687,83240,2024-07-07,18750,525,13,1,13.65,Damaged
1688,83298,2024-07-08,17919,189,23,1,3.66,Not Needed
1689,83335,2024-06-23,19335,34,32,2,9.26,Late Delivery
1690,83360,2024-07-06,1453,409,34,1,9.75,Late Delivery
1691,83409,2024-06-24,21328,324,8,1,29.61,Quality Issue
1692,83416,2024-07-02,23561,189,24,2,5.2,Quality Issue
1693,83440,2024-07-06,20182,105,14,2,12.62,Late Delivery
1694,83455,2024-07-01,13547,10,30,2,14.53,Wrong Item
1695,83475,2024-07-13,13116,491,15,1,20.05,Damaged
1696,83497,2024-07-13,21382,585,34,1,4.74,Late Delivery
1697,83650,2024-07-07,14195,630,10,1,287.2,Damaged
1698,83731,2024-07-10,23405,340,30,1,16.5,Wrong Item
1699,83733,2024-06-24,4579,542,7,1,5.24,Not Needed
1700,83757,2024-07-01,18030,529,26,1,26.43,Late Delivery
1701,83771,2024-06-26,24683,460,19,2,48.76,Late Delivery
1702,83797,2024-07-09,18042,404,24,1,23.46,Not Needed
1703,83869,2024-07-04,18598,49,29,1,5.86,Late Delivery
1704,84025,2024-07-09,14423,132,5,1,11.06,Wrong Item
1705,84138,2024-06-28,16917,494,20,1,2.44,Quality Issue
1706,84278,2024-07-07,20223,303,16,1,42.35,Quality Issue
1707,84286,2024-06-28,10066,213,29,2,16.18,Wrong Item
1708,84372,2024-07-08,8142,40,33,2,16.47,Not Needed
1709,84464,2024-07-13,8403,245,32,2,35.44,Wrong Item
1710,84504,2024-07-02,4621,110,10,1,13.93,Late Delivery
1711,84547,2024-07-13,20038,63,23,1,9.45,Damaged
1712,84581,2024-07-10,23349,99,16,1,15.24,Quality Issue
1713,84582,2024-07-11,21961,295,25,2,86.84,Damaged
1714,84696,2024-06-27,13837,679,20,1,164.23,Damaged
1715,84705,2024-07-02,23489,474,1,2,8.63,Wrong Item
1716,84778,2024-06-27,16495,38,30,1,6.02,Wrong Item
1717,84802,2024-06-28,19976,684,11,1,109.47,Damaged
1718,84828,2024-07-10,12956,161,9,1,16.91,Late Delivery
1719,84866,2024-06-28,9512,530,33,1,26.9,Not Needed
1720,84897,2024-07-09,16943,585,29,2,14.53,Wrong Item
1721,84940,2024-07-09,5009,13,30,2,12.05,Not Needed
1722,84941,2024-07-03,23962,473,14,2,7.09,Not Needed
1723,85213,2024-07-07,6070,458,24,1,14.2,Not Needed
1724,85231,2024-07-11,21260,109,15,2,32.71,Quality Issue
1725,85343,2024-07-06,8309,246,7,2,121.99,Not Needed
1726,85437,2024-07-14,2485,243,19,1,34.95,Late Delivery
1727,85475,2024-07-03,3777,3,18,2,11.47,Wrong Item
1728,85546,2024-07-08,21768,298,11,1,26.65,Quality Issue
1729,85550,2024-07-05,20631,86,30,1,12.46,Not Needed
1730,85624,2024-07-01,528,83,13,1,3.83,Damaged
1731,85662,2024-07-05,11052,124,13,2,7.71,Not Needed
1732,85708,2024-06-29,9735,12,32,2,41.69,Not Needed
1733,85722,2024-07-08,16608,326,34,1,19.3,Wrong Item
1734,85859,2024-06-29,1298,26,1,2,5.47,Not Needed
1735,85924,2024-07-09,13205,253,33,1,69.37,Late Delivery
1736,85966,2024-07-07,23249,350,6,1,9.01,Not Needed
1737,86041,2024-07-15,6576,67,9,1,33.75,Damaged
1738,86137,2024-07-07,18944,268,11,1,34.55,Damaged
1739,86186,2024-07-02,2099,435,10,1,15.26,Late Delivery
1740,86245,2024-07-03,21158,328,7,1,15.67,Quality Issue
1741,86292,2024-07-03,2497,96,21,1,21.06,Not Needed
1742,86518,2024-06-30,5974,543,17,2,39.51,Quality Issue
1743,86542,2024-07-06,8311,304,12,1,11.82,Not Needed
1744,86557,2024-07-08,2118,104,31,2,15.85,Not Needed
1745,86558,2024-07-05,2308,104,23,2,12.88,Not Needed
1746,86574,2024-07-10,13571,81,18,2,21.04,Quality Issue
1747,86627,2024-07-15,2327,36,2,1,4.9,Not Needed
1748,86722,2024-07-05,12896,345,8,1,24.05,Late Delivery
1749,86791,2024-07-12,5096,514,26,1,9.88,Quality Issue
1750,86797,2024-07-13,20991,478,26,1,27.68,Wrong Item
1751,86843,2024-07-10,7518,155,24,1,8.65,Damaged
1752,86867,2024-07-14,3908,196,13,1,3.87,Late Delivery
1753,86871,2024-07-05,7880,127,14,1,35.04,Quality Issue
1754,87130,2024-07-02,2433,76,10,2,10.87,Quality Issue
1755,87152,2024-07-07,7560,200,34,2,22.34,Not Needed
1756,87178,2024-07-19,1988,34,1,1,6.35,Quality Issue
1757,87232,2024-07-06,949,53,21,1,9.57,Not Needed
1758,87233,2024-07-08,8895,464,30,2,74.34,Not Needed
1759,87291,2024-07-06,5250,184,20,1,5.78,Not Needed
1760,87356,2024-07-06,3808,35,26,1,4.76,Not Needed
1761,87362,2024-07-09,21970,119,29,1,21.22,Not Needed
1762,87364,2024-07-16,21732,40,15,1,6.17,Late Delivery
1763,87377,2024-07-18,5521,164,1,1,4.73,Wrong Item
1764,87397,2024-07-17,4520,181,3,1,1.35,Not Needed
1765,87398,2024-07-14,3678,471,25,1,12.64,Quality Issue
1766,87402,2024-07-08,14936,72,21,1,5.34,Not Needed
1767,87415,2024-07-12,18661,395,33,1,52.66,Damaged
1768,87417,2024-07-03,18070,42,4,1,5.58,Quality Issue
1769,87421,2024-07-08,15703,409,5,1,37.28,Not Needed
1770,87423,2024-07-08,16392,236,33,1,4.65,Not Needed
1771,87453,2024-07-06,4946,267,13,2,23.85,Not Needed
1772,87616,2024-07-13,3653,150,6,1,10.16,Late Delivery
1773,87784,2024-07-02,12968,513,19,2,9.13,Not Needed
1774,87797,2024-07-06,22613,176,3,1,8.26,Late Delivery
1775,87799,2024-07-02,19153,665,20,1,344.11,Quality Issue
1776,87831,2024-07-17,4780,173,16,1,20.58,Damaged
1777,87906,2024-07-12,13823,68,21,2,22.8,Not Needed
1778,87923,2024-07-21,10129,649,17,1,183.73,Damaged
1779,87926,2024-07-10,9301,257,5,1,9.54,Late Delivery
1780,87939,2024-07-08,5550,84,24,1,2.39,Wrong Item
1781,88172,2024-07-09,17912,60,29,1,19.3,Late Delivery
1782,88209,2024-07-19,13448,315,20,1,9.69,Quality Issue
1783,88332,2024-07-21,2503,63,4,2,55.65,Damaged
1784,88342,2024-07-10,2796,319,24,2,8.34,Quality Issue
1785,88391,2024-07-05,5739,327,13,1,11.35,Late Delivery
1786,88409,2024-07-11,21475,529,19,1,26.38,Quality Issue
1787,88428,2024-07-07,23708,34,26,2,13.91,Damaged
1788,88574,2024-07-21,2366,252,13,2,13.85,Not Needed
1789,88578,2024-07-16,7452,11,30,2,17.93,Not Needed
1790,88579,2024-07-15,17560,210,6,1,11.68,Quality Issue
1791,88676,2024-07-13,22135,96,34,2,6.71,Quality Issue
1792,88776,2024-07-14,15623,513,31,2,32.65,Not Needed
1793,88847,2024-07-14,10917,54,2,1,18.1,Quality Issue
1794,88862,2024-07-15,2497,434,9,2,13.95,Damaged
1795,88967,2024-07-24,11404,31,30,1,3.07,Wrong Item
1796,89009,2024-07-06,24212,367,33,1,27.13,Not Needed
1797,89142,2024-07-11,12378,619,19,1,16.75,Late Delivery
1798,89179,2024-07-14,13802,98,3,1,1.7,Damaged
1799,89207,2024-07-17,8716,646,27,1,260.0,Damaged
1800,89267,2024-07-24,21006,407,19,1,21.77,Late Delivery
1801,89280,2024-07-13,13844,154,2,1,12.2,Not Needed
1802,89294,2024-07-10,18668,422,4,1,17.01,Damaged
1803,89310,2024-07-13,17783,623,8,1,294.78,Late Delivery
1804,89345,2024-07-09,7280,205,31,2,4.04,Damaged
1805,89414,2024-07-23,1491,40,24,1,11.13,Damaged
1806,89461,2024-07-13,15239,396,14,1,24.53,Not Needed
1807,89473,2024-07-18,8991,20,23,1,11.36,Damaged
1808,89493,2024-07-09,19582,62,26,2,39.59,Late Delivery
1809,89509,2024-07-23,22420,132,14,1,24.08,Wrong Item
1810,89558,2024-07-13,6238,218,16,1,28.36,Not Needed
1811,89655,2024-07-14,12041,69,29,1,6.89,Damaged
1812,89765,2024-07-06,1290,137,9,1,19.34,Not Needed
1813,89793,2024-07-24,8161,58,20,1,11.01,Damaged
1814,89967,2024-07-11,10180,617,17,1,513.29,Quality Issue
1815,89972,2024-07-18,19588,117,20,2,35.03,Not Needed
1816,89998,2024-07-12,11601,26,7,1,4.21,Not Needed
1817,90108,2024-07-07,16505,218,24,2,9.32,Not Needed
1818,90145,2024-07-26,3135,48,11,1,1.31,Damaged
1819,90155,2024-07-14,2023,78,26,1,19.97,Quality Issue
1820,90231,2024-07-15,18926,307,15,2,9.53,Damaged
1821,90243,2024-07-24,3591,69,15,1,1.88,Damaged
1822,90264,2024-07-20,15379,347,17,1,2.33,Late Delivery
1823,90270,2024-07-21,5418,473,9,1,6.8,Quality Issue
1824,90316,2024-07-15,24571,45,17,1,3.56,Not Needed
1825,90418,2024-07-16,23988,693,6,1,318.59,Not Needed
1826,90445,2024-07-13,8763,98,26,1,10.63,Not Needed
1827,90675,2024-07-17,10426,543,12,1,18.78,Wrong Item
1828,90746,2024-07-12,7364,8,10,1,1.28,Damaged
1829,90804,2024-07-18,22195,59,12,1,16.77,Damaged
1830,90834,2024-07-14,23167,196,34,2,15.18,Late Delivery
1831,90838,2024-07-25,8556,426,21,1,20.25,Quality Issue
1832,90876,2024-07-19,2236,678,6,1,209.05,Late Delivery
1833,90956,2024-07-16,16291,111,21,1,9.07,Wrong Item
1834,90962,2024-07-16,1305,15,10,2,13.94,Quality Issue
1835,90988,2024-07-13,19181,55,14,1,11.55,Not Needed
1836,91043,2024-07-18,24571,29,1,1,36.6,Not Needed
1837,91070,2024-07-17,3240,279,5,1,33.82,Not Needed
1838,91105,2024-07-13,7976,673,15,1,317.98,Damaged
1839,91145,2024-07-08,2718,196,33,2,11.35,Not Needed
1840,91242,2024-07-16,22162,516,25,2,46.38,Not Needed
1841,91280,2024-07-26,10329,471,3,1,26.36,Late Delivery
1842,91311,2024-07-17,19821,657,33,1,222.43,Not Needed
1843,91321,2024-07-09,9887,142,8,1,12.39,Quality Issue
1844,91348,2024-07-10,12866,167,14,1,20.36,Quality Issue
1845,91372,2024-07-28,13017,69,29,1,1.49,Damaged
1846,91392,2024-07-20,16497,63,9,2,16.65,Damaged
1847,91563,2024-07-21,19607,310,11,1,9.53,Not Needed
1848,91594,2024-07-10,2759,605,13,1,151.6,Not Needed
1849,91596,2024-07-24,2709,162,31,1,37.96,Not Needed
1850,91726,2024-07-22,18943,586,15,1,306.62,Wrong Item
1851,91746,2024-07-26,20212,50,29,1,8.3,Damaged
1852,91754,2024-07-18,17272,332,27,1,14.25,Wrong Item
1853,91773,2024-07-18,6113,195,14,2,7.32,Not Needed
1854,91808,2024-07-22,5944,114,5,1,2.38,Not Needed
1855,91851,2024-07-26,6164,25,1,1,17.38,Late Delivery
1856,91957,2024-07-21,10944,167,16,2,18.18,Quality Issue
1857,91958,2024-07-25,8037,28,3,1,12.53,Damaged
1858,91975,2024-07-12,3707,117,22,2,40.49,Quality Issue
1859,91986,2024-07-13,15653,489,32,1,35.94,Damaged
1860,92043,2024-07-18,16690,437,5,1,68.79,Quality Issue
1861,92177,2024-07-15,9281,171,3,2,8.78,Not Needed
1862,92197,2024-07-16,18241,185,30,1,3.19,Late Delivery
1863,92237,2024-07-21,2335,318,9,2,11.4,Quality Issue
1864,92240,2024-07-20,12139,150,27,2,13.71,Not Needed
1865,92250,2024-07-13,22215,4,11,1,6.49,Quality Issue
1866,92326,2024-07-26,8885,208,31,1,6.86,Late Delivery
1867,92346,2024-07-22,11749,204,24,2,9.22,Damaged
1868,92435,2024-07-29,20106,683,30,1,88.22,Wrong Item
1869,92445,2024-07-17,20435,44,5,1,34.03,Quality Issue
1870,92448,2024-07-25,24513,703,3,1,384.92,Not Needed
1871,92488,2024-07-23,12482,105,12,1,4.05,Not Needed
1872,92577,2024-07-20,16850,457,33,1,58.15,Not Needed
1873,92593,2024-07-30,12077,196,2,2,7.91,Quality Issue
1874,92665,2024-07-13,19529,174,9,1,3.83,Late Delivery
1875,92671,2024-07-24,7796,362,14,1,54.53,Quality Issue
1876,92695,2024-07-30,11821,177,22,1,19.92,Quality Issue
1877,92752,2024-07-27,8741,272,23,1,13.44,Not Needed
1878,92763,2024-07-25,18915,7,8,2,10.24,Damaged
1879,92822,2024-07-14,703,108,3,1,7.61,Not Needed
1880,92888,2024-07-27,20382,3,29,1,11.67,Not Needed
1881,93009,2024-07-25,9568,475,18,2,29.66,Quality Issue
1882,93080,2024-07-22,17277,18,17,1,5.93,Wrong Item
1883,93086,2024-07-29,1919,19,29,1,3.03,Not Needed
1884,93090,2024-07-31,9717,694,18,1,563.47,Quality Issue
1885,93104,2024-07-27,5588,191,17,1,4.65,Quality Issue
1886,93243,2024-07-22,17988,630,14,1,497.24,Wrong Item
1887,93298,2024-07-19,2819,57,9,2,5.39,Not Needed
1888,93326,2024-07-22,681,560,33,2,28.67,Quality Issue
1889,93395,2024-07-26,14142,41,16,1,10.73,Quality Issue
1890,93450,2024-07-15,9400,72,19,1,1.87,Late Delivery
1891,93492,2024-07-22,16971,319,6,1,5.15,Quality Issue
1892,93556,2024-08-01,9876,16,21,1,3.25,Quality Issue
1893,93567,2024-07-21,23738,626,32,1,537.65,Not Needed
1894,93579,2024-07-28,18117,106,9,1,6.19,Not Needed
1895,93603,2024-07-25,17748,346,34,1,8.58,Damaged
1896,93651,2024-07-24,4357,94,11,1,5.43,Not Needed
1897,93671,2024-07-20,8109,698,21,1,429.37,Not Needed
1898,93693,2024-07-22,7910,686,8,1,333.23,Damaged
1899,93712,2024-07-21,7991,532,22,1,28.5,Late Delivery
1900,93769,2024-07-27,17077,55,30,1,5.71,Not Needed
1901,93819,2024-07-20,6200,452,30,1,22.2,Damaged
1902,93827,2024-07-20,19625,175,25,1,4.01,Not Needed
1903,93834,2024-07-17,18212,71,8,2,15.41,Not Needed
1904,93844,2024-07-26,16587,228,15,2,110.11,Wrong Item
1905,93881,2024-07-19,21070,308,4,1,20.68,Not Needed
1906,93884,2024-07-26,13994,434,17,1,13.55,Late Delivery
1907,93915,2024-07-19,17368,64,16,1,18.02,Quality Issue
1908,93995,2024-07-22,18602,114,33,1,12.05,Not Needed
1909,94012,2024-07-30,5667,176,10,2,9.92,Wrong Item
1910,94013,2024-07-27,21175,536,6,1,17.8,Quality Issue
1911,94014,2024-07-17,18189,543,34,1,35.6,Wrong Item
1912,94051,2024-07-21,24006,527,32,2,19.98,Damaged
1913,94150,2024-07-26,19256,525,30,1,9.35,Late Delivery
1914,94158,2024-07-29,18093,140,34,2,18.53,Damaged
1915,94168,2024-07-18,24583,173,8,1,13.01,Not Needed
1916,94178,2024-07-25,23602,514,11,1,22.68,Quality Issue
1917,94218,2024-07-28,17448,664,14,1,223.74,Not Needed
1918,94257,2024-07-19,3637,377,33,1,52.37,Quality Issue
1919,94323,2024-07-22,2710,43,32,1,5.92,Wrong Item
1920,94327,2024-07-31,13017,37,12,1,7.84,Not Needed
1921,94360,2024-07-15,19163,701,26,1,272.17,Quality Issue
1922,94392,2024-07-29,23472,550,5,1,18.61,Quality Issue
1923,94396,2024-08-01,16795,114,6,2,6.37,Wrong Item
1924,94450,2024-07-21,13220,413,22,2,12.98,Late Delivery
1925,94492,2024-07-20,7676,414,19,1,13.3,Damaged
1926,94500,2024-07-22,13623,225,3,1,4.27,Damaged
1927,94506,2024-08-01,4703,77,14,1,20.11,Not Needed
1928,94584,2024-07-17,2094,224,32,2,9.39,Quality Issue
1929,94603,2024-07-26,10940,179,28,2,17.42,Not Needed
1930,94695,2024-07-29,14010,216,28,1,6.99,Damaged
1931,94842,2024-07-26,2114,562,28,1,21.33,Not Needed
1932,94859,2024-07-20,2161,433,34,1,20.83,Quality Issue
1933,94945,2024-07-20,13669,428,34,1,23.1,Quality Issue
1934,94997,2024-07-19,20866,520,12,2,37.82,Not Needed
1935,95006,2024-07-17,5294,83,30,1,3.34,Quality Issue
1936,95007,2024-07-31,3219,553,3,2,34.37,Not Needed
1937,95129,2024-07-17,198,369,16,2,38.32,Late Delivery
1938,95171,2024-07-23,9102,119,20,1,5.32,Damaged
1939,95175,2024-07-22,12717,593,18,1,9.18,Late Delivery
1940,95274,2024-07-24,2210,248,1,1,19.33,Late Delivery
1941,95348,2024-07-31,6009,558,25,1,15.59,Late Delivery
1942,95465,2024-08-01,3799,716,15,1,266.87,Wrong Item
1943,95510,2024-07-27,3274,399,26,1,12.25,Damaged
1944,95514,2024-07-28,19263,370,21,1,15.17,Not Needed
1945,95536,2024-07-17,17398,365,27,1,11.15,Late Delivery
1946,95695,2024-08-04,14632,95,9,1,3.02,Late Delivery
1947,95704,2024-07-25,19645,392,14,2,30.06,Damaged
1948,95721,2024-07-20,7636,122,28,2,6.53,Not Needed
1949,95756,2024-07-30,15193,140,21,2,51.46,Quality Issue
1950,95870,2024-07-25,587,245,22,2,36.45,Damaged
1951,95910,2024-07-30,15824,38,18,2,4.72,Quality Issue
1952,95932,2024-07-20,6403,522,32,1,21.97,Quality Issue
1953,95997,2024-07-25,18926,15,4,1,6.21,Damaged
1954,96083,2024-08-06,9800,717,32,1,365.9,Damaged
1955,96134,2024-07-24,5992,114,17,2,9.01,Not Needed
1956,96196,2024-07-20,8896,159,24,2,8.89,Wrong Item
1957,96239,2024-08-06,21432,667,29,1,421.67,Late Delivery
1958,96275,2024-07-24,10510,276,29,2,44.11,Late Delivery
1959,96330,2024-08-01,4898,480,15,1,12.21,Not Needed
1960,96469,2024-08-01,22472,635,4,1,276.54,Quality Issue
1961,96532,2024-07-25,10339,3,16,1,9.2,Quality Issue
1962,96545,2024-07-19,18167,87,33,1,0.78,Wrong Item
1963,96554,2024-07-20,5912,181,20,2,2.82,Late Delivery
1964,96604,2024-07-20,1964,578,18,2,27.51,Wrong Item
1965,96635,2024-07-19,17846,123,18,2,9.46,Not Needed
1966,96749,2024-08-06,3282,131,22,1,2.82,Late Delivery
1967,96755,2024-07-31,3225,402,9,2,55.48,Late Delivery
1968,96839,2024-07-29,21270,18,29,1,3.78,Quality Issue
1969,96865,2024-07-25,30,296,14,1,18.11,Damaged
1970,96955,2024-08-01,8097,221,8,1,5.32,Late Delivery
1971,97035,2024-07-31,11843,13,8,1,2.99,Quality Issue
1972,97108,2024-07-31,24381,423,25,1,19.37,Damaged
1973,97152,2024-07-20,12168,82,8,2,5.05,Not Needed
1974,97190,2024-08-07,2938,143,30,1,12.81,Damaged
1975,97258,2024-08-01,16225,127,28,1,27.23,Not Needed
1976,97284,2024-07-20,18420,45,28,1,8.2,Late Delivery
1977,97293,2024-07-21,20078,386,26,1,21.89,Late Delivery
1978,97325,2024-08-06,8026,279,11,1,26.88,Damaged
1979,97437,2024-08-08,16813,8,17,2,5.26,Damaged
1980,97438,2024-07-31,13268,217,29,2,22.03,Not Needed
1981,97513,2024-08-03,24736,147,31,2,21.91,Wrong Item
1982,97524,2024-08-04,24437,343,21,2,22.65,Damaged
1983,97534,2024-08-05,19107,545,12,1,4.18,Wrong Item
1984,97704,2024-08-04,22011,649,29,1,162.77,Quality Issue
1985,97753,2024-07-24,7385,654,3,1,275.54,Not Needed
1986,97773,2024-07-30,16778,75,33,1,35.73,Not Needed
1987,97780,2024-07-26,19431,210,8,1,19.58,Not Needed
1988,97795,2024-07-22,8786,310,29,2,24.41,Not Needed
1989,97805,2024-07-23,8176,219,2,2,6.15,Not Needed
1990,97831,2024-08-08,18379,152,28,2,29.34,Not Needed
1991,97904,2024-07-27,6175,202,21,2,12.62,Not Needed
1992,97924,2024-07-23,15912,148,24,2,28.78,Quality Issue
1993,97929,2024-08-08,19747,348,15,1,28.37,Late Delivery
1994,97976,2024-07-26,11929,528,1,1,16.03,Not Needed
1995,98003,2024-07-22,6383,142,21,2,4.53,Quality Issue
1996,98119,2024-08-06,23733,210,8,1,23.1,Late Delivery
1997,98237,2024-07-22,24940,474,29,1,3.59,Late Delivery
1998,98246,2024-07-28,9002,152,15,2,16.6,Damaged
1999,98300,2024-07-30,9351,394,14,1,81.54,Late Delivery
2000,98332,2024-07-27,575,192,32,1,19.95,Damaged
2001,98418,2024-07-22,22600,153,33,1,19.72,Quality Issue
2002,98425,2024-08-02,9876,538,17,1,4.75,Quality Issue
2003,98511,2024-07-25,23374,329,15,2,19.68,Not Needed
2004,98530,2024-07-23,17555,1,30,1,0.94,Late Delivery
2005,98619,2024-08-05,11639,74,33,1,6.7,Quality Issue
2006,98709,2024-08-11,18337,324,34,1,36.0,Quality Issue
2007,98723,2024-08-07,15341,410,8,1,24.64,Late Delivery
2008,98837,2024-07-25,3038,88,2,2,14.96,Damaged
2009,98864,2024-08-01,2073,451,8,1,18.12,Wrong Item
2010,98872,2024-08-10,16254,175,28,1,0.84,Not Needed
2011,98905,2024-08-01,14953,159,26,1,13.79,Not Needed
2012,98929,2024-08-04,19902,524,32,1,95.74,Not Needed
2013,98964,2024-07-29,19940,547,19,1,2.73,Not Needed
2014,98979,2024-07-24,18623,104,11,1,8.54,Not Needed
2015,99013,2024-08-12,22389,619,8,1,15.12,Not Needed
2016,99058,2024-08-07,6955,47,6,2,32.24,Damaged
2017,99139,2024-08-04,18029,539,11,1,13.64,Damaged
2018,99190,2024-08-12,19353,123,7,1,4.31,Late Delivery
2019,99334,2024-08-02,10730,97,29,1,3.19,Wrong Item
2020,99435,2024-07-28,21613,692,8,1,215.73,Damaged
2021,99450,2024-08-02,1676,101,16,2,17.34,Late Delivery
2022,99464,2024-08-11,7087,215,9,2,5.64,Quality Issue
2023,99467,2024-08-10,17041,35,10,2,25.97,Not Needed
2024,99521,2024-08-09,17635,357,33,1,6.97,Damaged
2025,99729,2024-07-25,4722,375,3,1,26.17,Not Needed
2026,99909,2024-08-05,21830,170,12,1,4.6,Wrong Item
2027,99916,2024-08-04,23406,703,4,1,141.71,Damaged
2028,99959,2024-07-30,19173,190,21,1,16.26,Quality Issue
2029,99972,2024-08-03,11356,191,2,1,2.7,Damaged
2030,99997,2024-07-31,9571,515,14,2,32.4,Damaged
2031,99999,2024-07-29,18429,676,1,1,341.39,Not Needed
2032,100050,2024-08-04,9618,386,9,1,36.41,Not Needed
2033,100145,2024-08-05,4280,425,10,1,17.43,Late Delivery
2034,100194,2024-08-08,4327,150,9,1,8.38,Not Needed
2035,100239,2024-08-12,19433,249,8,1,32.96,Damaged
2036,100257,2024-08-02,14281,511,11,1,58.57,Not Needed
2037,100259,2024-08-05,24993,708,8,1,180.54,Not Needed
2038,100280,2024-07-29,13745,400,29,1,13.28,Damaged
2039,100300,2024-07-27,24875,627,29,1,556.68,Damaged
2040,100352,2024-07-31,8362,43,26,2,11.32,Quality Issue
2041,100367,2024-08-15,7077,160,5,2,19.66,Quality Issue
2042,100419,2024-08-14,20915,115,14,2,16.92,Not Needed
2043,100436,2024-08-04,2845,544,2,1,2.86,Not Needed
2044,100533,2024-07-31,21252,285,8,1,36.73,Late Delivery
2045,100554,2024-08-14,22305,9,9,2,18.68,Quality Issue
2046,100566,2024-08-05,11829,27,14,2,17.7,Not Needed
2047,100603,2024-08-10,16331,157,3,2,5.99,Late Delivery
2048,100712,2024-08-13,23139,355,20,1,14.53,Damaged
2049,100768,2024-08-02,19672,338,20,1,10.69,Not Needed
2050,100896,2024-08-09,19344,142,4,2,7.63,Quality Issue
2051,101021,2024-07-28,12509,414,24,2,30.2,Late Delivery
2052,101180,2024-08-03,10657,383,9,1,10.45,Quality Issue
2053,101213,2024-07-29,10047,235,26,1,12.32,Not Needed
2054,101222,2024-08-15,16433,176,5,1,2.38,Damaged
2055,101259,2024-08-13,14178,445,21,1,22.11,Damaged
2056,101270,2024-08-15,20150,358,15,1,2.78,Not Needed
2057,101423,2024-08-09,17307,78,17,1,17.5,Not Needed
2058,101568,2024-08-02,19667,11,1,1,20.42,Not Needed
2059,101578,2024-07-30,5801,367,23,1,14.11,Not Needed
2060,101646,2024-08-09,13346,313,7,1,4.45,Not Needed
2061,101735,2024-08-13,10476,494,6,1,8.38,Quality Issue
2062,101747,2024-08-06,10705,346,16,1,9.78,Quality Issue
2063,101771,2024-08-10,21955,383,6,2,15.04,Late Delivery
2064,101777,2024-08-13,22475,66,18,1,5.37,Not Needed
2065,101871,2024-08-12,14848,222,14,1,6.25,Wrong Item
2066,101880,2024-08-12,24739,556,10,1,17.22,Quality Issue
2067,101961,2024-08-10,14198,468,19,2,26.88,Quality Issue
2068,101974,2024-08-09,7779,186,1,1,12.44,Wrong Item
2069,101982,2024-08-02,7072,215,20,2,7.84,Wrong Item
2070,102008,2024-08-05,13382,119,21,2,20.63,Late Delivery
2071,102056,2024-08-01,15656,423,19,1,85.56,Late Delivery
2072,102125,2024-08-10,20687,638,4,1,16.53,Damaged
2073,102188,2024-08-17,14635,293,22,1,14.83,Damaged
2074,102204,2024-08-17,7454,542,18,2,9.83,Not Needed
2075,102263,2024-08-06,10560,571,8,1,19.51,Damaged
2076,102372,2024-08-14,23766,664,6,1,292.29,Quality Issue
2077,102384,2024-08-18,9957,340,14,2,56.66,Late Delivery
2078,102443,2024-08-01,5817,369,32,1,6.49,Not Needed
2079,102648,2024-08-01,921,400,22,2,47.47,Damaged
2080,102758,2024-08-02,20761,549,30,1,2.35,Damaged
2081,102782,2024-08-08,8623,609,1,1,258.96,Not Needed
2082,102803,2024-08-14,1580,503,21,1,19.72,Late Delivery
2083,102832,2024-08-16,5716,195,11,1,5.48,Late Delivery
2084,102858,2024-08-06,1791,96,32,1,3.33,Late Delivery
2085,103032,2024-08-12,23139,125,13,2,32.66,Quality Issue
2086,103169,2024-08-16,4329,468,24,1,9.77,Late Delivery
2087,103198,2024-08-16,13936,18,15,1,1.9,Quality Issue
2088,103229,2024-08-01,24030,493,15,2,67.87,Not Needed
2089,103247,2024-08-20,23631,381,3,1,10.02,Not Needed
2090,103250,2024-08-18,9108,219,10,1,6.62,Damaged
2091,103329,2024-08-15,18047,343,6,1,27.77,Not Needed
2092,103358,2024-08-14,12782,332,32,2,26.68,Damaged
2093,103374,2024-08-06,2395,383,3,1,7.5,Not Needed
2094,103405,2024-08-04,16875,549,28,1,13.54,Not Needed
2095,103413,2024-08-16,860,655,8,2,504.15,Not Needed
2096,103482,2024-08-05,16994,443,33,1,15.32,Late Delivery
2097,103489,2024-08-04,3094,171,32,1,10.87,Quality Issue
2098,103499,2024-08-05,10101,636,26,1,196.5,Not Needed
2099,103520,2024-08-08,16104,3,5,2,10.73,Wrong Item
2100,103522,2024-08-15,1883,71,6,1,6.0,Not Needed
2101,103585,2024-08-04,8410,392,7,1,12.35,Not Needed
2102,103679,2024-08-20,17847,334,30,2,42.15,Not Needed
2103,103703,2024-08-10,12515,434,34,2,27.43,Not Needed
2104,103727,2024-08-09,17650,469,24,2,9.79,Quality Issue
2105,103767,2024-08-16,20782,454,27,1,24.12,Wrong Item
2106,103814,2024-08-21,17510,432,32,1,7.53,Quality Issue
2107,103830,2024-08-08,7857,51,19,1,15.05,Damaged
2108,103916,2024-08-20,21881,35,26,1,32.68,Not Needed
2109,103926,2024-08-04,8278,333,24,1,24.17,Not Needed
2110,103949,2024-08-15,1252,178,20,2,32.17,Late Delivery
2111,103975,2024-08-02,14622,484,1,2,45.55,Late Delivery
2112,104088,2024-08-08,19293,718,5,1,291.48,Not Needed
2113,104091,2024-08-16,13214,84,20,2,11.1,Not Needed
2114,104103,2024-08-12,10897,21,13,1,1.64,Not Needed
2115,104105,2024-08-13,7915,181,34,1,1.36,Wrong Item
2116,104136,2024-08-22,21767,682,23,1,200.77,Quality Issue
2117,104138,2024-08-21,4253,187,17,1,30.57,Damaged
2118,104141,2024-08-21,1183,242,1,1,26.9,Late Delivery
2119,104207,2024-08-09,18846,367,31,1,33.24,Late Delivery
2120,104237,2024-08-22,336,298,6,2,31.52,Damaged
2121,104270,2024-08-18,72,541,29,1,23.86,Quality Issue
2122,104295,2024-08-05,24883,34,16,1,13.74,Wrong Item
2123,104334,2024-08-16,212,479,11,1,13.89,Damaged
2124,104350,2024-08-20,7942,219,5,2,5.39,Not Needed
2125,104445,2024-08-15,20350,383,18,1,7.23,Quality Issue
2126,104619,2024-08-07,3787,584,4,1,23.41,Quality Issue
2127,104620,2024-08-08,1431,31,21,2,3.67,Late Delivery
2128,104694,2024-08-16,2075,525,20,1,13.86,Damaged
2129,104709,2024-08-08,17114,164,16,1,5.58,Not Needed
2130,104734,2024-08-22,24534,505,11,1,20.4,Quality Issue
2131,104799,2024-08-05,22747,486,8,1,55.27,Not Needed
2132,104956,2024-08-23,3975,381,9,1,27.88,Late Delivery
2133,104981,2024-08-22,12911,197,11,2,4.68,Quality Issue
2134,104996,2024-08-16,3209,680,23,1,330.88,Not Needed
2135,105011,2024-08-09,7697,133,1,1,4.71,Wrong Item
2136,105065,2024-08-13,11241,304,1,2,21.66,Not Needed
2137,105069,2024-08-05,5868,224,20,2,14.58,Damaged
2138,105080,2024-08-04,24402,565,8,1,29.8,Not Needed
2139,105109,2024-08-20,10357,21,19,1,3.68,Not Needed
2140,105141,2024-08-09,14425,256,30,1,35.42,Not Needed
2141,105149,2024-08-11,4048,628,20,1,310.17,Damaged
2142,105345,2024-08-21,3511,102,5,1,6.29,Damaged
2143,105462,2024-08-23,10246,493,10,1,79.8,Late Delivery
2144,105468,2024-08-15,13202,39,12,2,4.29,Late Delivery
2145,105493,2024-08-09,1202,465,13,1,2.53,Not Needed
2146,105515,2024-08-14,16705,446,2,1,10.5,Not Needed
2147,105552,2024-08-13,17310,476,33,1,16.26,Damaged
2148,105585,2024-08-14,22958,684,4,1,104.11,Late Delivery
2149,105699,2024-08-14,16704,299,10,1,13.71,Not Needed
2150,105769,2024-08-07,21355,98,16,1,2.19,Damaged
2151,105906,2024-08-11,5174,276,21,1,8.0,Not Needed
2152,105909,2024-08-10,12443,164,25,2,14.71,Not Needed
2153,105960,2024-08-07,14204,161,29,1,20.71,Not Needed
2154,105971,2024-08-25,7930,435,6,2,24.86,Not Needed
2155,105978,2024-08-24,2593,101,30,1,17.8,Damaged
2156,106082,2024-08-13,7887,322,21,2,66.23,Late Delivery
2157,106161,2024-08-12,23456,328,3,1,12.73,Late Delivery
2158,106305,2024-08-26,22586,350,6,1,27.68,Not Needed
2159,106337,2024-08-20,11255,56,8,2,18.72,Not Needed
2160,106393,2024-08-25,21399,575,18,1,9.06,Wrong Item
2161,106402,2024-08-07,22422,244,21,2,15.11,Not Needed
2162,106450,2024-08-18,21969,358,9,2,5.58,Late Delivery
2163,106541,2024-08-20,10267,107,3,2,3.58,Not Needed
2164,106594,2024-08-16,9807,296,16,1,10.32,Quality Issue
2165,106628,2024-08-21,4240,373,23,1,8.12,Not Needed
2166,106686,2024-08-24,6218,189,9,2,9.64,Damaged
2167,106706,2024-08-10,21079,327,18,2,57.24,Not Needed
2168,106794,2024-08-13,9002,565,8,2,41.38,Late Delivery
2169,106825,2024-08-13,20040,632,19,1,200.0,Not Needed
2170,106856,2024-08-10,11270,383,30,1,7.71,Wrong Item
2171,106873,2024-08-20,830,459,13,1,18.32,Damaged
2172,106888,2024-08-23,22487,614,15,1,118.87,Damaged
2173,106917,2024-08-08,23823,432,2,1,10.12,Late Delivery
2174,106956,2024-08-11,13479,568,22,1,7.05,Late Delivery
2175,106979,2024-08-15,6437,198,23,2,11.78,Quality Issue
2176,107025,2024-08-12,23694,441,33,1,14.08,Not Needed
2177,107064,2024-08-13,16628,604,21,1,298.78,Wrong Item
2178,107121,2024-08-17,1188,668,13,1,258.66,Late Delivery
2179,107161,2024-08-22,11498,491,33,1,9.55,Wrong Item
2180,107198,2024-08-16,265,244,15,1,7.23,Late Delivery
2181,107243,2024-08-22,2807,223,19,1,13.37,Quality Issue
2182,107254,2024-08-27,11554,482,6,1,13.17,Late Delivery
2183,107280,2024-08-27,24134,366,33,1,3.9,Quality Issue
2184,107304,2024-08-10,13440,106,18,1,9.79,Quality Issue
2185,107347,2024-08-17,11578,448,9,1,13.55,Quality Issue
2186,107383,2024-08-24,20484,308,11,1,46.01,Not Needed
2187,107403,2024-08-09,1778,56,21,1,25.99,Not Needed
2188,107411,2024-08-26,12444,203,9,1,0.82,Not Needed
2189,107415,2024-08-27,11866,707,4,1,275.12,Not Needed
2190,107431,2024-08-18,19401,10,9,2,5.29,Damaged
2191,107434,2024-08-26,17234,198,29,1,16.23,Not Needed
2192,107493,2024-08-21,2032,6,31,1,5.4,Late Delivery
2193,107497,2024-08-12,21957,292,1,1,37.46,Damaged
2194,107539,2024-08-12,20565,644,5,1,457.9,Damaged
2195,107551,2024-08-28,21660,34,8,1,14.46,Late Delivery
2196,107610,2024-08-14,15605,390,23,1,2.47,Wrong Item
2197,107663,2024-08-21,12948,578,20,1,27.19,Late Delivery
2198,107666,2024-08-23,15470,94,17,1,1.18,Damaged
2199,107684,2024-08-26,8974,572,26,1,16.38,Wrong Item
2200,107700,2024-08-10,12254,104,15,1,18.39,Quality Issue
2201,107705,2024-08-11,5147,521,8,1,6.37,Quality Issue
2202,107739,2024-08-11,18450,535,24,1,4.98,Quality Issue
2203,107800,2024-08-15,11122,101,32,1,10.88,Damaged
2204,107809,2024-08-19,7944,221,26,2,7.46,Quality Issue
2205,107857,2024-08-16,24529,26,34,1,5.69,Damaged
2206,107945,2024-08-13,24730,71,5,1,1.95,Not Needed
2207,108012,2024-08-28,19902,163,10,1,2.3,Not Needed
2208,108176,2024-08-16,9515,363,24,1,7.33,Quality Issue
2209,108219,2024-08-14,17664,256,18,1,18.08,Quality Issue
2210,108253,2024-08-19,7682,659,27,1,483.05,Not Needed
2211,108325,2024-08-25,22012,624,19,1,19.4,Wrong Item
2212,108362,2024-08-26,10139,218,4,1,3.36,Damaged
2213,108365,2024-08-18,3675,327,19,1,23.57,Not Needed
2214,108374,2024-08-21,19834,533,31,2,38.6,Quality Issue
2215,108443,2024-08-23,21699,97,21,1,0.9,Quality Issue
2216,108448,2024-08-15,16200,713,12,1,379.21,Not Needed
2217,108482,2024-08-11,14984,235,5,1,15.67,Wrong Item
2218,108606,2024-08-30,2606,284,29,1,22.57,Damaged
2219,108641,2024-08-23,5330,228,5,1,46.95,Not Needed
2220,108754,2024-08-27,11455,413,20,2,21.98,Quality Issue
2221,108776,2024-08-17,2362,495,5,1,18.79,Quality Issue
2222,108818,2024-08-31,3546,218,1,2,19.72,Not Needed
2223,108899,2024-08-31,731,144,13,1,2.11,Not Needed
2224,108914,2024-08-23,18030,495,1,1,30.05,Not Needed
2225,108956,2024-08-20,4722,687,21,1,172.17,Not Needed
2226,109106,2024-08-13,11894,60,26,2,17.4,Late Delivery
2227,109108,2024-08-30,21060,293,30,1,14.8,Quality Issue
2228,109136,2024-08-25,17553,331,14,1,61.12,Not Needed
2229,109137,2024-08-31,23383,377,18,1,14.13,Wrong Item
2230,109171,2024-08-16,3334,14,9,2,6.34,Not Needed
2231,109173,2024-08-28,9093,7,26,1,20.54,Not Needed
2232,109175,2024-08-30,6899,219,9,2,6.32,Not Needed
2233,109186,2024-08-24,4612,384,17,1,15.3,Damaged
2234,109197,2024-08-14,18677,684,34,1,75.46,Quality Issue
2235,109214,2024-08-25,13504,592,21,1,397.54,Quality Issue
2236,109236,2024-08-20,13489,374,14,1,13.72,Quality Issue
2237,109329,2024-08-20,13445,331,24,2,137.06,Not Needed
2238,109362,2024-08-25,3048,102,20,2,22.44,Damaged
2239,109406,2024-08-17,13922,137,7,2,10.64,Damaged
2240,109428,2024-08-26,13648,175,2,1,10.33,Not Needed
2241,109432,2024-08-28,10765,53,27,1,3.48,Not Needed
2242,109440,2024-08-18,3048,13,18,1,5.63,Not Needed
2243,109478,2024-08-23,7525,460,3,1,26.09,Late Delivery
2244,109519,2024-08-17,11020,200,32,1,12.59,Not Needed
2245,109555,2024-08-27,24684,104,20,2,42.46,Not Needed
2246,109680,2024-08-25,8371,547,9,1,2.15,Quality Issue
2247,109717,2024-08-19,1297,415,9,2,37.33,Damaged
2248,109853,2024-08-30,4648,645,31,1,136.3,Late Delivery
2249,110114,2024-08-30,14585,307,28,1,5.99,Damaged
2250,110302,2024-08-24,568,171,19,2,14.49,Not Needed
2251,110367,2024-08-30,6488,118,20,1,1.18,Not Needed
2252,110392,2024-08-15,2429,330,2,2,69.95,Late Delivery
2253,110398,2024-08-27,9396,80,29,1,9.48,Damaged
2254,110416,2024-08-30,7220,512,30,1,17.3,Damaged
2255,110442,2024-08-19,9598,64,19,2,35.65,Damaged
2256,110469,2024-08-27,3175,137,14,1,17.22,Not Needed
2257,110497,2024-08-19,15490,405,14,1,12.7,Late Delivery
2258,110522,2024-08-16,4822,695,9,1,459.29,Damaged
2259,110545,2024-08-15,17629,99,29,2,9.41,Wrong Item
2260,110608,2024-08-27,5606,233,21,1,10.07,Late Delivery
2261,110698,2024-08-20,1898,178,15,1,6.21,Quality Issue
2262,110814,2024-09-02,23455,40,32,1,3.46,Late Delivery
2263,110888,2024-08-23,21023,280,10,1,16.06,Quality Issue
2264,110959,2024-08-31,14984,490,7,2,32.7,Quality Issue
2265,111004,2024-08-18,11733,211,29,1,6.36,Late Delivery
2266,111009,2024-08-21,14984,44,21,1,27.95,Quality Issue
2267,111012,2024-08-20,10684,178,16,2,13.43,Wrong Item
2268,111033,2024-09-01,17134,183,8,1,9.89,Quality Issue
2269,111121,2024-08-20,17676,496,13,1,15.5,Wrong Item
2270,111132,2024-08-25,21456,516,30,1,23.81,Quality Issue
2271,111187,2024-09-05,1469,433,9,1,17.68,Late Delivery
2272,111193,2024-09-02,22477,311,14,2,81.59,Damaged
2273,111198,2024-08-26,16297,159,32,1,37.98,Not Needed
2274,111218,2024-09-03,15731,408,24,1,6.77,Not Needed
2275,111226,2024-08-24,10126,92,19,2,5.15,Not Needed
2276,111320,2024-08-27,4563,434,27,1,6.23,Not Needed
2277,111416,2024-09-02,20189,539,4,1,5.48,Damaged
2278,111448,2024-08-17,16663,181,30,2,3.0,Damaged
2279,111462,2024-08-20,9056,651,11,1,37.38,Damaged
2280,111545,2024-08-31,23871,50,32,1,10.19,Not Needed
2281,111577,2024-08-21,15522,29,23,1,22.79,Damaged
2282,111579,2024-08-25,4115,197,24,1,4.71,Not Needed
2283,111591,2024-08-19,23285,143,17,1,7.65,Not Needed
2284,111603,2024-08-25,95,528,21,1,16.43,Late Delivery
2285,111667,2024-08-19,19549,22,32,1,7.45,Damaged
2286,111673,2024-08-25,753,257,17,1,9.9,Late Delivery
2287,111740,2024-08-29,1065,601,14,1,564.75,Damaged
2288,111816,2024-09-01,5843,517,33,1,3.94,Quality Issue
2289,111896,2024-09-04,6358,263,4,1,12.18,Not Needed
2290,111982,2024-09-06,2234,626,7,1,280.18,Late Delivery
2291,112069,2024-08-19,10222,436,5,1,11.42,Wrong Item
2292,112074,2024-09-04,20485,136,26,2,13.13,Not Needed
2293,112087,2024-08-23,6528,214,4,2,11.01,Late Delivery
2294,112103,2024-09-04,6033,56,8,2,7.45,Not Needed
2295,112122,2024-08-26,6113,125,33,1,8.81,Late Delivery
2296,112136,2024-08-30,17673,635,24,1,379.62,Damaged
2297,112213,2024-08-24,3647,720,19,1,49.28,Wrong Item
2298,112294,2024-09-02,5336,536,7,1,13.72,Not Needed
2299,112371,2024-08-23,8876,430,24,1,20.8,Late Delivery
2300,112433,2024-08-28,2763,129,25,1,8.3,Wrong Item
2301,112470,2024-08-20,6872,491,9,1,8.24,Not Needed
2302,112511,2024-09-05,5663,676,18,1,180.23,Quality Issue
2303,112608,2024-08-21,21419,510,33,1,20.47,Damaged
2304,112643,2024-08-29,22760,468,11,1,18.03,Quality Issue
2305,112693,2024-08-23,1437,637,30,1,360.84,Not Needed
2306,112707,2024-08-31,22741,631,30,1,318.25,Quality Issue
2307,112733,2024-09-03,14917,237,25,1,58.82,Late Delivery
2308,112764,2024-08-20,16025,490,8,1,18.83,Quality Issue
2309,112910,2024-08-25,1409,487,22,2,13.39,Not Needed
2310,112917,2024-09-03,1351,128,1,1,40.66,Wrong Item
2311,112940,2024-08-29,17971,369,13,2,12.14,Wrong Item
2312,112989,2024-09-03,20506,60,23,1,13.65,Wrong Item
2313,113002,2024-09-01,8710,368,31,2,20.21,Wrong Item
2314,113010,2024-09-08,22294,202,33,2,27.21,Damaged
2315,113027,2024-08-20,7766,691,18,1,318.0,Quality Issue
2316,113085,2024-08-22,3337,220,8,2,20.44,Damaged
2317,113089,2024-09-05,11728,536,25,1,6.42,Wrong Item
2318,113104,2024-08-25,11589,197,3,1,2.04,Not Needed
2319,113121,2024-09-03,21628,76,34,1,12.62,Not Needed
2320,113147,2024-08-27,6659,1,14,2,3.48,Not Needed
2321,113162,2024-09-08,20754,429,8,1,6.22,Not Needed
2322,113219,2024-08-22,11722,118,8,1,1.51,Damaged
2323,113311,2024-08-24,15410,392,4,2,28.33,Damaged
2324,113371,2024-08-21,22258,107,28,1,6.44,Damaged
2325,113396,2024-09-07,24226,158,14,1,35.49,Quality Issue
2326,113505,2024-08-22,2614,432,15,1,5.48,Not Needed
2327,113527,2024-09-07,9715,90,34,2,7.06,Late Delivery
2328,113647,2024-08-24,17791,158,7,1,17.82,Quality Issue
2329,113667,2024-09-06,5745,318,4,1,20.29,Wrong Item
2330,113808,2024-08-28,5721,300,8,1,29.04,Not Needed
2331,113862,2024-08-27,13324,450,32,2,23.54,Late Delivery
2332,113894,2024-09-03,11307,677,11,1,24.25,Late Delivery
2333,113902,2024-09-04,2958,70,24,1,12.13,Not Needed
2334,113951,2024-09-08,7870,303,30,2,51.11,Damaged
2335,113953,2024-08-31,9831,8,29,1,2.13,Not Needed
2336,113994,2024-08-27,19321,11,21,2,14.85,Not Needed
2337,114010,2024-09-01,15687,377,18,1,28.18,Not Needed
2338,114073,2024-08-22,20680,161,6,1,22.75,Quality Issue
2339,114247,2024-09-05,12429,311,3,1,19.23,Damaged
2340,114265,2024-08-26,629,576,21,2,34.01,Quality Issue
2341,114394,2024-09-02,13651,708,8,1,65.92,Quality Issue
2342,114411,2024-08-25,11892,29,17,1,4.68,Late Delivery
2343,114422,2024-09-03,10135,233,13,1,8.15,Damaged
2344,114458,2024-08-27,22318,462,18,1,14.17,Not Needed
2345,114470,2024-09-01,13020,4,12,2,16.52,Not Needed
2346,114494,2024-08-26,4134,687,16,1,118.51,Damaged
2347,114551,2024-09-04,7084,138,16,2,12.77,Late Delivery
2348,114739,2024-09-05,16359,240,18,1,4.15,Damaged
2349,114743,2024-09-08,14069,365,9,2,13.16,Damaged
2350,114779,2024-09-05,327,37,20,2,14.09,Quality Issue
2351,114812,2024-09-06,21573,506,2,2,18.42,Not Needed
2352,114849,2024-08-26,13740,57,23,2,2.26,Wrong Item
2353,114852,2024-08-30,4229,207,3,2,11.59,Wrong Item
2354,114896,2024-08-31,20700,146,27,2,13.22,Not Needed
2355,114967,2024-08-25,18368,517,11,1,4.28,Late Delivery
2356,115012,2024-09-11,24237,536,18,2,10.1,Damaged
2357,115072,2024-08-24,13174,715,27,1,9.53,Not Needed
2358,115083,2024-08-25,17186,241,19,2,49.34,Not Needed
2359,115131,2024-09-12,5570,314,4,2,35.14,Not Needed
2360,115529,2024-08-31,7987,579,16,1,22.67,Not Needed
2361,115552,2024-09-01,7149,706,31,1,34.71,Wrong Item
2362,115667,2024-08-25,15538,326,31,1,27.75,Quality Issue
2363,115669,2024-09-10,830,633,33,1,285.24,Wrong Item
2364,115699,2024-09-09,24693,223,18,1,12.09,Damaged
2365,115736,2024-09-03,17639,1,28,2,2.57,Not Needed
2366,115777,2024-09-03,1532,332,23,1,21.89,Quality Issue
2367,115804,2024-08-27,10980,361,6,1,12.58,Late Delivery
2368,115992,2024-09-10,6815,270,32,1,18.16,Wrong Item
2369,116002,2024-09-10,10364,297,6,1,11.78,Late Delivery
2370,116012,2024-09-12,5459,483,6,1,4.41,Not Needed
2371,116018,2024-09-14,18835,383,14,1,3.5,Not Needed
2372,116066,2024-08-27,1532,43,17,1,11.32,Quality Issue
2373,116105,2024-09-09,21538,84,14,1,6.18,Damaged
2374,116110,2024-08-31,13274,72,20,1,4.0,Not Needed
2375,116117,2024-09-05,24786,506,17,1,27.56,Quality Issue
2376,116170,2024-08-27,17332,26,8,2,10.93,Late Delivery
2377,116186,2024-09-01,19932,318,30,1,6.12,Damaged
2378,116198,2024-09-09,6949,20,8,1,18.59,Not Needed
2379,116258,2024-08-29,3089,132,29,1,23.62,Wrong Item
2380,116267,2024-09-11,22670,340,3,1,33.83,Damaged
2381,116312,2024-09-06,21400,231,17,1,48.11,Late Delivery
2382,116330,2024-09-09,4492,154,31,1,10.72,Not Needed
2383,116341,2024-09-08,7271,53,8,1,9.2,Not Needed
2384,116402,2024-08-31,15992,169,19,2,20.92,Not Needed
2385,116439,2024-08-31,11029,642,33,1,125.12,Late Delivery
2386,116496,2024-09-06,23072,11,10,2,16.37,Late Delivery
2387,116507,2024-09-08,13697,247,34,1,14.98,Quality Issue
2388,116513,2024-09-09,8138,579,33,1,26.84,Not Needed
2389,116515,2024-09-05,8599,30,15,1,11.27,Damaged
2390,116606,2024-09-05,11885,554,8,1,13.92,Not Needed
2391,116855,2024-09-15,20702,260,30,2,26.79,Wrong Item
2392,116859,2024-09-09,9607,126,23,1,3.61,Not Needed
2393,116876,2024-09-12,13607,79,33,1,18.94,Wrong Item
2394,116893,2024-09-15,7689,271,14,1,7.31,Not Needed
2395,116945,2024-09-01,9616,170,30,1,0.58,Not Needed
2396,117201,2024-09-02,11746,474,28,1,8.36,Damaged
2397,117212,2024-09-07,1165,82,19,1,1.85,Not Needed
2398,117263,2024-08-29,14928,416,18,1,5.58,Late Delivery
2399,117415,2024-09-12,8559,13,28,1,2.54,Not Needed
2400,117490,2024-08-29,19524,167,26,1,7.58,Late Delivery
2401,117495,2024-09-15,17618,519,32,1,46.55,Not Needed
2402,117525,2024-09-11,2590,106,15,2,6.06,Not Needed
2403,117526,2024-08-31,18997,84,31,1,11.84,Quality Issue
2404,117554,2024-09-01,2901,186,15,1,1.68,Quality Issue
2405,117556,2024-09-17,7497,465,21,1,3.46,Quality Issue
2406,117561,2024-08-29,24005,19,34,1,2.84,Not Needed
2407,117578,2024-09-15,12752,15,19,1,13.42,Damaged
2408,117722,2024-09-06,22081,531,12,2,32.99,Damaged
2409,117765,2024-08-30,22325,523,15,1,23.49,Late Delivery
2410,117771,2024-09-08,3672,615,5,1,257.45,Damaged
2411,117973,2024-08-31,22712,454,12,1,13.41,Not Needed
2412,118100,2024-09-14,16736,534,18,1,13.07,Late Delivery
2413,118123,2024-09-01,19346,702,32,1,314.09,Late Delivery
2414,118136,2024-08-30,11563,45,5,2,25.3,Damaged
2415,118179,2024-09-09,22995,150,34,1,13.11,Quality Issue
2416,118190,2024-09-18,13529,147,15,1,7.52,Quality Issue
2417,118242,2024-09-17,4656,11,10,2,7.16,Damaged
2418,118247,2024-09-10,8912,484,33,1,95.75,Not Needed
2419,118353,2024-08-30,12769,448,14,1,19.37,Not Needed
2420,118378,2024-09-15,3763,367,20,2,27.57,Not Needed
2421,118384,2024-09-15,17072,474,27,1,13.23,Quality Issue
2422,118532,2024-09-06,20827,438,13,2,30.73,Damaged
2423,118553,2024-09-13,7174,109,19,2,7.94,Not Needed
2424,118699,2024-09-16,23411,199,11,1,16.09,Quality Issue
2425,118844,2024-09-06,12921,158,1,1,7.44,Late Delivery
2426,118911,2024-09-19,13569,200,29,1,4.29,Not Needed
2427,119107,2024-09-16,11746,317,14,1,12.79,Not Needed
2428,119115,2024-09-13,13841,125,21,2,19.98,Not Needed
2429,119161,2024-09-17,19375,442,15,1,5.54,Not Needed
2430,119214,2024-09-10,8606,260,14,1,12.35,Damaged
2431,119244,2024-09-19,24654,145,18,1,11.45,Quality Issue
2432,119402,2024-09-18,5941,455,18,1,7.34,Not Needed
2433,119413,2024-09-16,2854,160,3,2,11.16,Quality Issue
2434,119501,2024-09-01,23538,542,9,1,5.26,Late Delivery
2435,119513,2024-09-15,20535,159,17,2,8.31,Not Needed
2436,119514,2024-09-10,23011,89,5,1,9.81,Late Delivery
2437,119529,2024-09-03,11621,134,6,1,6.52,Late Delivery
2438,119621,2024-09-15,5976,218,32,1,2.61,Not Needed
2439,119632,2024-09-21,4407,213,33,1,5.38,Not Needed
2440,119815,2024-09-17,8567,650,29,1,291.73,Not Needed
2441,119828,2024-09-04,4936,360,32,1,9.93,Quality Issue
2442,119858,2024-09-08,12166,494,19,1,1.8,Wrong Item
2443,119880,2024-09-13,23350,135,17,1,7.85,Not Needed
2444,119905,2024-09-21,12433,301,11,2,50.11,Late Delivery
2445,119909,2024-09-06,12579,359,21,2,8.45,Not Needed
2446,119923,2024-09-18,7951,429,29,1,4.06,Wrong Item
2447,119978,2024-09-14,13271,670,32,1,522.3,Quality Issue
2448,120030,2024-09-17,6485,387,3,1,36.94,Not Needed
2449,120046,2024-09-14,10527,575,15,1,11.96,Quality Issue
2450,120154,2024-09-21,20670,295,1,2,50.94,Late Delivery
2451,120169,2024-09-18,15694,512,33,1,16.09,Quality Issue
2452,120229,2024-09-14,22665,420,2,2,41.03,Quality Issue
2453,120259,2024-09-21,5576,517,25,1,13.75,Quality Issue
2454,120279,2024-09-09,2187,59,3,2,20.41,Damaged
2455,120284,2024-09-07,3613,479,21,1,14.4,Damaged
2456,120289,2024-09-14,10750,561,14,2,34.24,Quality Issue
2457,120352,2024-09-14,1281,110,21,1,27.25,Quality Issue
2458,120374,2024-09-19,16696,222,23,1,11.56,Not Needed
2459,120396,2024-09-14,188,199,19,1,10.04,Late Delivery
2460,120430,2024-09-06,10891,155,33,1,12.76,Quality Issue
2461,120497,2024-09-12,18577,198,24,2,28.99,Damaged
2462,120524,2024-09-08,2736,230,31,1,17.85,Not Needed
2463,120538,2024-09-11,22994,22,18,2,17.88,Late Delivery
2464,120609,2024-09-04,10004,355,33,1,16.36,Quality Issue
2465,120698,2024-09-11,15761,513,32,1,5.48,Not Needed
2466,120714,2024-09-14,16364,240,16,1,14.0,Not Needed
2467,120728,2024-09-04,9065,430,1,1,20.49,Quality Issue
2468,120768,2024-09-05,24473,32,10,1,39.29,Not Needed
2469,120774,2024-09-09,16099,455,17,1,12.57,Late Delivery
2470,120790,2024-09-11,21913,58,7,2,14.43,Quality Issue
2471,120832,2024-09-20,15398,1,15,1,4.27,Damaged
2472,120880,2024-09-14,22320,380,31,1,16.09,Damaged
2473,120976,2024-09-08,4256,288,22,2,69.85,Late Delivery
2474,121014,2024-09-12,17913,65,18,1,3.52,Damaged
2475,121021,2024-09-24,24155,153,8,1,16.22,Damaged
2476,121030,2024-09-23,8994,491,18,1,13.96,Wrong Item
2477,121044,2024-09-11,8452,63,18,1,16.42,Not Needed
2478,121058,2024-09-22,19489,1,34,2,4.54,Late Delivery
2479,121137,2024-09-14,12455,84,17,2,10.94,Damaged
2480,121215,2024-09-15,23077,366,19,1,2.4,Late Delivery
2481,121311,2024-09-23,2977,249,1,1,38.17,Late Delivery
2482,121363,2024-09-22,14488,436,1,1,6.02,Damaged
2483,121388,2024-09-13,1599,131,23,2,9.5,Not Needed
2484,121419,2024-09-20,11314,699,22,1,182.61,Late Delivery
2485,121454,2024-09-22,24412,14,31,2,15.82,Wrong Item
2486,121481,2024-09-17,14081,579,26,1,17.08,Late Delivery
2487,121512,2024-09-14,12550,99,5,1,17.66,Late Delivery
2488,121544,2024-09-21,1870,81,33,1,32.14,Damaged
2489,121664,2024-09-09,6939,484,9,1,26.88,Wrong Item
2490,121737,2024-09-14,6050,229,5,1,8.18,Quality Issue
2491,121819,2024-09-17,7893,161,31,1,8.79,Not Needed
2492,121848,2024-09-14,24049,668,14,1,180.28,Wrong Item
2493,121864,2024-09-21,2472,313,23,1,6.84,Not Needed
2494,121885,2024-09-18,2127,476,18,2,83.95,Not Needed
2495,121973,2024-09-22,13128,619,34,1,16.3,Late Delivery
2496,122015,2024-09-10,17185,132,23,2,15.27,Late Delivery
2497,122063,2024-09-16,7603,152,33,2,15.89,Not Needed
2498,122075,2024-09-14,18992,396,11,1,40.68,Not Needed
2499,122099,2024-09-21,5264,209,33,1,17.58,Quality Issue
2500,122111,2024-09-21,24029,433,17,1,26.35,Damaged
2501,122112,2024-09-12,4050,448,31,1,12.63,Not Needed
2502,122328,2024-09-22,24231,103,4,1,14.03,Quality Issue
2503,122357,2024-09-09,14187,232,34,1,9.47,Late Delivery
2504,122386,2024-09-26,11193,405,4,2,42.61,Damaged
2505,122478,2024-09-12,13256,579,13,1,15.64,Quality Issue
2506,122480,2024-09-08,23173,134,1,1,43.69,Wrong Item
2507,122487,2024-09-19,22282,171,8,1,8.64,Not Needed
2508,122496,2024-09-25,10655,50,24,1,16.92,Not Needed
2509,122500,2024-09-17,696,11,32,1,18.2,Not Needed
2510,122579,2024-09-25,17297,188,18,1,16.08,Not Needed
2511,122707,2024-09-14,14066,58,31,2,5.25,Late Delivery
2512,122792,2024-09-22,9281,461,21,1,13.62,Damaged
2513,122932,2024-09-23,17363,709,29,1,179.71,Quality Issue
2514,123044,2024-09-18,24538,87,30,2,1.21,Wrong Item
2515,123110,2024-09-23,19331,118,28,2,3.9,Not Needed
2516,123124,2024-09-24,15798,436,26,1,5.64,Quality Issue
2517,123146,2024-09-20,14341,407,21,1,19.41,Damaged
2518,123190,2024-09-22,19660,53,16,1,2.35,Not Needed
2519,123238,2024-09-15,21468,358,29,1,7.99,Quality Issue
2520,123250,2024-09-18,11889,133,12,2,7.17,Wrong Item
2521,123316,2024-09-14,2652,511,1,1,41.26,Late Delivery
2522,123324,2024-09-11,21590,172,30,2,14.2,Damaged
2523,123373,2024-09-29,2321,129,7,1,6.63,Damaged
2524,123385,2024-09-11,22198,709,3,1,194.62,Quality Issue
2525,123446,2024-09-22,22230,337,16,2,24.29,Late Delivery
2526,123531,2024-09-20,18590,167,25,1,14.14,Not Needed
2527,123534,2024-09-15,4246,470,7,2,70.53,Not Needed
2528,123551,2024-09-28,813,509,4,1,23.13,Damaged
2529,123640,2024-09-13,18920,33,2,2,40.21,Not Needed
2530,123641,2024-09-24,24646,352,15,2,26.75,Wrong Item
2531,123720,2024-09-10,12408,214,32,2,25.99,Late Delivery
2532,123739,2024-09-21,24731,469,16,1,4.5,Late Delivery
2533,123749,2024-09-15,16794,69,12,1,8.95,Not Needed
2534,123767,2024-09-14,12006,178,30,2,15.9,Quality Issue
2535,123778,2024-09-16,11754,317,1,2,7.21,Not Needed
2536,123789,2024-09-23,21070,97,25,1,0.75,Not Needed
2537,123862,2024-09-28,6483,174,34,1,18.11,Quality Issue
2538,123912,2024-09-13,12809,694,19,1,358.48,Late Delivery
2539,124002,2024-09-25,3047,216,30,2,30.16,Quality Issue
2540,124027,2024-09-20,20182,186,9,2,6.04,Not Needed
2541,124077,2024-09-11,24376,378,24,2,18.56,Damaged
2542,124104,2024-09-15,3163,171,26,1,14.17,Damaged
2543,124175,2024-09-15,315,213,8,1,31.44,Quality Issue
2544,124257,2024-09-12,72,228,7,1,44.66,Late Delivery
2545,124345,2024-09-17,1478,521,3,1,7.41,Late Delivery
2546,124508,2024-09-29,2877,657,22,1,156.64,Quality Issue
2547,124509,2024-09-17,15946,125,30,2,28.15,Not Needed
2548,124526,2024-09-21,8420,385,29,1,4.33,Wrong Item
2549,124552,2024-09-21,17090,386,12,1,44.82,Not Needed
2550,124606,2024-09-21,20478,275,24,1,11.87,Not Needed
2551,124653,2024-09-28,14052,88,3,1,42.53,Not Needed
2552,124751,2024-09-16,9096,331,12,1,29.28,Wrong Item
2553,124802,2024-09-23,11288,192,19,1,7.54,Late Delivery
2554,124804,2024-09-15,17308,563,6,2,15.76,Damaged
2555,124824,2024-09-26,12002,76,15,1,16.94,Damaged
2556,124861,2024-09-25,21570,139,32,2,11.22,Late Delivery
2557,124908,2024-09-13,1873,222,10,1,5.92,Not Needed
2558,124939,2024-09-18,2815,94,18,1,2.3,Not Needed
2559,125070,2024-10-02,896,133,8,2,4.15,Wrong Item
2560,125120,2024-09-23,22755,184,18,1,15.16,Not Needed
2561,125182,2024-09-30,17881,93,24,2,13.16,Quality Issue
2562,125230,2024-10-01,5392,93,3,1,5.49,Not Needed
2563,125318,2024-09-15,10786,269,17,1,25.78,Quality Issue
2564,125368,2024-09-28,24881,199,2,1,3.7,Not Needed
2565,125370,2024-09-26,4672,464,23,1,22.85,Not Needed
2566,125372,2024-09-30,2566,159,19,2,33.98,Damaged
2567,125386,2024-09-24,23176,3,30,2,36.38,Quality Issue
2568,125392,2024-09-26,24605,414,20,1,13.6,Quality Issue
2569,125475,2024-09-16,9342,440,6,2,44.02,Damaged
2570,125505,2024-09-14,13387,585,21,1,11.43,Wrong Item
2571,125536,2024-09-16,14952,605,26,1,89.25,Quality Issue
2572,125566,2024-09-30,21091,193,2,1,3.88,Late Delivery
2573,125571,2024-09-28,18340,21,28,1,1.66,Not Needed
2574,125639,2024-09-21,12079,717,1,1,596.56,Not Needed
2575,125659,2024-09-20,11647,122,14,2,17.64,Quality Issue
2576,125732,2024-09-23,21672,639,15,1,89.11,Not Needed
2577,125733,2024-09-18,13923,212,5,1,15.76,Wrong Item
2578,125895,2024-09-29,3199,285,32,1,20.27,Not Needed
2579,125944,2024-10-01,12951,309,24,1,74.74,Not Needed
2580,125954,2024-09-19,1284,249,15,2,36.65,Not Needed
2581,125957,2024-10-04,1232,570,1,1,58.58,Wrong Item
2582,126047,2024-09-25,16887,640,26,1,141.25,Not Needed
2583,126054,2024-09-28,3148,149,8,1,8.96,Wrong Item
2584,126063,2024-09-17,19337,698,15,1,461.68,Late Delivery
2585,126097,2024-09-29,2056,94,28,2,6.32,Quality Issue
2586,126103,2024-09-30,21118,40,19,1,5.86,Not Needed
2587,126115,2024-09-20,7067,228,32,1,26.28,Late Delivery
2588,126186,2024-09-22,20328,92,5,1,3.66,Quality Issue
2589,126193,2024-10-04,16111,572,6,1,12.96,Not Needed
2590,126217,2024-09-26,678,109,29,1,10.94,Damaged
2591,126322,2024-10-02,16550,233,18,1,12.95,Not Needed
2592,126358,2024-09-30,116,193,14,2,3.74,Wrong Item
2593,126447,2024-09-21,16519,144,24,1,4.82,Not Needed
2594,126516,2024-09-22,13652,479,17,1,45.0,Wrong Item
2595,126519,2024-10-01,16733,66,13,1,3.12,Not Needed
2596,126536,2024-09-30,11054,147,6,1,40.8,Late Delivery
2597,126566,2024-09-17,9034,71,4,2,7.39,Not Needed
2598,126590,2024-09-27,20933,639,19,1,170.24,Late Delivery
2599,126607,2024-09-24,405,487,24,1,6.95,Damaged
2600,126703,2024-09-16,21548,322,15,1,60.53,Damaged
2601,126724,2024-10-01,22370,494,23,1,8.06,Late Delivery
2602,126764,2024-10-04,23378,362,1,2,53.7,Not Needed
2603,126792,2024-09-19,8748,302,12,2,29.22,Not Needed
2604,126833,2024-09-17,7220,224,29,1,11.57,Quality Issue
2605,126858,2024-10-05,23300,44,6,1,20.91,Damaged
2606,126923,2024-09-18,19558,160,30,2,16.56,Wrong Item
2607,126941,2024-10-05,461,705,16,1,71.77,Late Delivery
2608,126954,2024-10-04,7090,447,3,2,74.65,Damaged
2609,127035,2024-10-02,727,679,4,1,109.35,Not Needed
2610,127044,2024-09-18,3908,149,34,2,5.42,Quality Issue
2611,127132,2024-10-05,7339,164,34,1,2.56,Quality Issue
2612,127168,2024-09-23,10080,577,30,1,5.67,Not Needed
2613,127229,2024-09-30,12188,29,24,2,39.79,Quality Issue
2614,127239,2024-09-26,4338,115,30,1,2.34,Not Needed
2615,127264,2024-09-19,14286,318,11,1,6.66,Not Needed
2616,127286,2024-09-20,11888,569,7,1,12.82,Not Needed
2617,127391,2024-10-03,8222,496,1,1,27.75,Quality Issue
2618,127397,2024-09-21,10635,482,14,2,22.64,Quality Issue
2619,127495,2024-10-04,628,662,34,1,13.58,Late Delivery
2620,127507,2024-09-21,20489,186,28,2,16.37,Quality Issue
2621,127541,2024-10-03,10940,9,3,2,14.61,Not Needed
2622,127544,2024-10-05,15722,587,4,1,25.92,Not Needed
2623,127568,2024-09-21,2930,379,26,1,23.51,Late Delivery
2624,127572,2024-10-04,9331,202,20,1,19.29,Damaged
2625,127588,2024-09-20,7497,489,24,1,25.86,Not Needed
2626,127609,2024-10-07,21752,714,34,1,380.16,Not Needed
2627,127626,2024-09-22,9934,439,4,1,15.63,Not Needed
2628,127637,2024-09-26,19806,179,23,1,2.22,Not Needed
2629,127690,2024-09-24,12565,631,32,1,298.56,Damaged
2630,127812,2024-09-25,6942,212,25,1,2.25,Damaged
2631,127832,2024-09-30,4066,201,14,1,16.16,Not Needed
2632,127902,2024-09-20,23933,142,17,1,7.71,Not Needed
2633,127905,2024-09-19,12845,562,30,1,15.99,Not Needed
2634,128034,2024-10-05,16888,281,9,2,56.41,Quality Issue
2635,128049,2024-10-08,21117,494,17,1,6.96,Damaged
2636,128128,2024-10-08,7288,402,7,1,89.91,Late Delivery
2637,128185,2024-09-25,5330,572,14,1,23.51,Not Needed
2638,128313,2024-09-24,12582,564,27,2,10.34,Not Needed
2639,128377,2024-09-25,24271,64,21,1,6.02,Quality Issue
2640,128392,2024-10-04,19434,223,32,1,4.73,Not Needed
2641,128397,2024-10-01,15384,142,28,1,4.47,Quality Issue
2642,128406,2024-10-06,8579,209,18,1,3.94,Wrong Item
2643,128414,2024-10-02,16324,101,19,1,5.33,Not Needed
2644,128415,2024-09-27,21833,104,23,1,30.61,Not Needed
2645,128442,2024-10-08,5424,227,25,1,8.62,Not Needed
2646,128455,2024-09-24,11404,458,18,1,20.16,Late Delivery
2647,128525,2024-10-04,18276,325,20,1,135.87,Quality Issue
2648,128528,2024-10-04,15216,509,21,2,51.26,Damaged
2649,128626,2024-10-08,5580,197,15,1,5.57,Quality Issue
2650,128687,2024-10-05,4824,584,33,2,27.27,Late Delivery
2651,128696,2024-09-21,6068,367,25,1,10.71,Not Needed
2652,128850,2024-10-07,18038,446,2,1,18.4,Late Delivery
2653,128908,2024-10-10,7958,588,33,1,362.43,Quality Issue
2654,128921,2024-09-23,1343,147,11,1,13.76,Not Needed
2655,128959,2024-09-21,10921,135,34,1,5.45,Late Delivery
2656,129008,2024-10-07,821,408,15,1,20.16,Not Needed
2657,129013,2024-10-10,23281,606,34,1,422.38,Late Delivery
2658,129017,2024-10-08,21266,301,33,2,53.57,Late Delivery
2659,129039,2024-09-26,3846,176,27,2,8.77,Damaged
2660,129064,2024-10-08,1641,150,9,2,18.96,Damaged
2661,129090,2024-09-30,2591,606,5,1,374.51,Not Needed
2662,129168,2024-09-30,23974,681,23,1,99.72,Quality Issue
2663,129194,2024-09-26,9588,13,28,2,10.2,Not Needed
2664,129212,2024-10-11,21256,241,5,1,20.62,Not Needed
2665,129256,2024-10-10,18513,22,3,1,8.28,Wrong Item
2666,129292,2024-10-10,2888,373,34,1,17.17,Not Needed
2667,129327,2024-10-08,16720,449,19,1,17.2,Damaged
2668,129411,2024-10-04,13645,567,22,1,16.42,Late Delivery
2669,129479,2024-09-23,17225,354,12,2,30.26,Damaged
2670,129490,2024-10-05,4631,424,7,1,24.38,Not Needed
2671,129496,2024-10-04,23328,652,19,1,402.72,Quality Issue
2672,129500,2024-10-09,4290,41,24,2,36.88,Late Delivery
2673,129507,2024-09-22,7758,580,26,2,6.05,Not Needed
2674,129525,2024-10-09,18432,109,4,1,5.49,Not Needed
2675,129595,2024-10-11,5535,32,14,2,14.15,Damaged
2676,129624,2024-09-24,16041,431,28,2,112.54,Quality Issue
2677,129694,2024-09-25,18482,566,25,1,22.99,Late Delivery
2678,129715,2024-09-23,3183,59,26,1,4.76,Quality Issue
2679,129910,2024-10-08,7116,613,13,1,503.65,Quality Issue
2680,129963,2024-10-03,19835,146,10,2,19.98,Not Needed
2681,129966,2024-10-08,24274,354,27,1,4.04,Late Delivery
2682,130119,2024-09-24,8218,435,18,1,8.65,Wrong Item
2683,130155,2024-09-29,21903,176,33,2,9.44,Late Delivery
2684,130194,2024-10-07,19302,197,16,2,7.19,Damaged
2685,130201,2024-09-28,16242,161,27,2,20.97,Damaged
2686,130210,2024-10-03,9907,37,9,1,21.51,Not Needed
2687,130251,2024-10-11,3013,433,14,1,23.87,Not Needed
2688,130257,2024-10-08,18346,99,9,1,3.32,Damaged
2689,130269,2024-09-25,10755,10,4,1,15.5,Late Delivery
2690,130275,2024-10-13,22440,59,27,1,9.4,Quality Issue
2691,130276,2024-10-07,21282,503,15,1,75.92,Damaged
2692,130285,2024-09-25,9346,420,22,2,89.25,Late Delivery
2693,130286,2024-10-08,18234,144,25,1,17.08,Not Needed
2694,130307,2024-10-08,622,672,4,1,80.64,Not Needed
2695,130345,2024-10-09,6050,702,2,1,319.98,Damaged
2696,130557,2024-10-13,1641,539,10,1,7.88,Late Delivery
2697,130600,2024-09-26,3780,31,33,2,3.91,Not Needed
2698,130702,2024-10-03,22605,177,15,2,33.09,Late Delivery
2699,130746,2024-09-27,1451,255,8,2,35.81,Damaged
2700,130794,2024-09-27,19304,184,8,2,35.2,Wrong Item
2701,130804,2024-10-09,12569,392,5,2,77.6,Damaged
2702,130841,2024-10-12,22282,325,29,2,55.13,Not Needed
2703,130867,2024-10-09,23824,660,30,1,265.91,Not Needed
2704,130915,2024-10-09,7843,318,21,2,16.59,Late Delivery
2705,130962,2024-10-07,22281,448,22,1,55.5,Wrong Item
2706,130989,2024-10-11,16268,194,23,1,3.53,Not Needed
2707,131016,2024-10-08,3407,416,14,1,10.92,Damaged
2708,131068,2024-10-02,2716,36,31,1,8.99,Not Needed
2709,131101,2024-10-14,21161,561,33,2,28.84,Damaged
2710,131143,2024-10-07,5100,102,25,1,7.15,Late Delivery
2711,131208,2024-10-04,3711,138,15,1,56.13,Late Delivery
2712,131416,2024-10-12,14704,471,14,1,21.63,Not Needed
2713,131553,2024-10-03,8016,108,32,1,7.52,Quality Issue
2714,131613,2024-10-16,21881,211,33,2,6.93,Damaged
2715,131668,2024-10-05,8610,632,2,1,305.21,Quality Issue
2716,131826,2024-10-02,9845,188,28,1,28.83,Wrong Item
2717,131828,2024-10-08,4011,198,14,1,15.92,Wrong Item
2718,131833,2024-09-27,10129,624,32,1,32.3,Damaged
2719,131837,2024-09-29,2922,496,3,1,18.56,Damaged
2720,131843,2024-09-30,12562,370,24,1,10.83,Damaged
2721,131856,2024-09-30,6098,693,29,1,238.11,Not Needed
2722,131956,2024-10-16,24850,364,34,1,19.8,Not Needed
2723,131977,2024-09-30,14647,291,14,1,51.14,Not Needed
2724,132034,2024-10-04,16547,144,23,2,3.17,Damaged
2725,132058,2024-10-10,5797,73,26,2,11.33,Not Needed
2726,132091,2024-09-30,12948,114,7,2,13.96,Late Delivery
2727,132149,2024-10-15,2171,26,10,2,5.68,Not Needed
2728,132171,2024-09-30,1636,82,25,2,4.1,Not Needed
2729,132184,2024-10-09,14796,310,30,1,4.75,Not Needed
2730,132204,2024-10-15,10216,459,3,1,32.25,Not Needed
2731,132214,2024-10-17,6631,537,33,1,24.65,Not Needed
2732,132215,2024-10-17,7141,465,9,1,2.04,Not Needed
2733,132321,2024-10-02,17733,83,32,2,7.11,Quality Issue
2734,132410,2024-10-01,3987,96,11,1,10.35,Quality Issue
2735,132474,2024-10-04,9424,223,9,2,8.75,Quality Issue
2736,132556,2024-10-09,23676,441,33,1,29.84,Not Needed
2737,132749,2024-10-14,21840,477,6,2,23.22,Late Delivery
2738,132799,2024-10-15,8615,477,25,1,13.3,Not Needed
2739,132832,2024-10-13,16985,86,19,2,20.52,Not Needed
2740,132887,2024-10-07,16543,504,14,1,49.02,Not Needed
2741,132908,2024-10-04,10625,176,21,1,4.42,Damaged
2742,132923,2024-10-15,17093,358,21,1,4.84,Not Needed
2743,132927,2024-10-06,20840,443,27,2,72.74,Wrong Item
2744,133018,2024-10-12,10276,376,14,1,38.23,Late Delivery
2745,133048,2024-10-03,16257,533,20,1,9.78,Not Needed
2746,133074,2024-10-17,4070,175,26,2,3.52,Damaged
2747,133081,2024-10-18,4064,54,4,1,18.58,Not Needed
2748,133110,2024-10-11,17308,373,10,1,15.54,Damaged
2749,133179,2024-10-18,14626,314,28,1,15.06,Quality Issue
2750,133243,2024-10-04,13469,237,4,1,42.94,Not Needed
2751,133362,2024-10-06,16603,416,33,1,4.6,Quality Issue
2752,133450,2024-10-10,5887,322,7,1,29.5,Wrong Item
2753,133561,2024-10-09,10114,179,19,1,7.35,Not Needed
2754,133700,2024-10-05,10151,134,30,2,36.87,Late Delivery
2755,133738,2024-10-08,5321,679,15,1,211.95,Quality Issue
2756,133740,2024-10-05,20400,253,9,1,25.54,Damaged
2757,133762,2024-10-18,13204,343,21,2,24.28,Wrong Item
2758,133767,2024-10-14,5869,42,28,1,5.77,Not Needed
2759,133865,2024-10-01,9407,668,19,1,183.82,Wrong Item
2760,133876,2024-10-11,15385,139,34,1,12.04,Not Needed
2761,133882,2024-10-04,3008,401,9,1,54.37,Wrong Item
2762,133924,2024-10-07,21732,236,30,1,5.66,Late Delivery
2763,133953,2024-10-11,18352,344,27,1,27.75,Late Delivery
2764,134037,2024-10-16,19489,285,6,1,49.47,Quality Issue
2765,134123,2024-10-05,12688,118,34,1,3.2,Wrong Item
2766,134268,2024-10-18,8378,54,11,2,6.32,Not Needed
2767,134301,2024-10-07,152,168,30,2,11.07,Not Needed
2768,134396,2024-10-11,7625,56,16,2,10.32,Damaged
2769,134430,2024-10-05,2167,353,33,1,86.8,Not Needed
2770,134593,2024-10-19,12866,275,33,1,20.42,Late Delivery
2771,134726,2024-10-14,14821,53,9,1,5.26,Late Delivery
2772,134748,2024-10-15,20388,568,18,1,6.8,Damaged
2773,134818,2024-10-22,22390,285,8,1,20.37,Quality Issue
2774,134823,2024-10-09,14888,75,3,1,23.61,Quality Issue
2775,134829,2024-10-07,12621,380,18,1,35.81,Not Needed
2776,134891,2024-10-18,6968,356,14,2,65.8,Damaged
2777,134996,2024-10-18,18890,75,10,1,37.04,Not Needed
2778,135027,2024-10-20,22872,239,8,2,49.43,Quality Issue
2779,135054,2024-10-08,22325,100,34,1,7.06,Damaged
2780,135152,2024-10-04,16802,481,32,1,33.13,Not Needed
2781,135179,2024-10-19,8861,84,15,2,6.94,Quality Issue
2782,135195,2024-10-15,21194,190,13,1,5.45,Late Delivery
2783,135261,2024-10-23,2297,47,2,2,46.23,Late Delivery
2784,135278,2024-10-11,17175,575,2,2,23.07,Not Needed
2785,135301,2024-10-12,15289,208,33,1,23.21,Late Delivery
2786,135352,2024-10-16,20184,53,6,2,5.57,Quality Issue
2787,135357,2024-10-22,11432,553,21,2,39.41,Not Needed
2788,135462,2024-10-20,22138,237,29,1,39.91,Quality Issue
2789,135507,2024-10-11,14789,513,12,1,12.78,Not Needed
2790,135541,2024-10-15,6040,403,19,2,26.19,Quality Issue
2791,135570,2024-10-10,11153,672,6,1,58.85,Damaged
2792,135587,2024-10-17,18973,199,33,2,6.48,Wrong Item
2793,135650,2024-10-21,24509,221,5,2,4.03,Not Needed
2794,135673,2024-10-17,1709,146,5,1,7.7,Damaged
2795,135792,2024-10-13,19149,350,26,2,19.25,Damaged
2796,135972,2024-10-06,15871,465,24,1,6.68,Late Delivery
2797,136105,2024-10-15,16790,430,34,1,10.01,Late Delivery
2798,136111,2024-10-06,13772,577,25,1,4.85,Late Delivery
2799,136133,2024-10-13,14434,522,31,1,28.62,Late Delivery
2800,136138,2024-10-08,17680,448,19,1,20.79,Quality Issue
2801,136173,2024-10-21,16214,39,6,1,6.08,Not Needed
2802,136302,2024-10-20,12584,109,15,1,5.45,Damaged
2803,136304,2024-10-25,4867,34,28,2,27.66,Not Needed
2804,136383,2024-10-07,16534,153,5,1,4.68,Damaged
2805,136411,2024-10-17,16316,606,16,1,421.35,Not Needed
2806,136521,2024-10-08,23033,160,29,1,4.63,Late Delivery
2807,136529,2024-10-18,7827,416,32,1,4.51,Quality Issue
2808,136536,2024-10-19,5858,20,2,2,37.03,Quality Issue
2809,136547,2024-10-18,23528,551,25,2,23.41,Damaged
2810,136577,2024-10-14,3074,138,8,2,34.01,Late Delivery
2811,136726,2024-10-25,1201,701,14,1,307.06,Not Needed
2812,136757,2024-10-07,8443,136,30,1,3.27,Not Needed
2813,136760,2024-10-20,22682,506,5,1,11.98,Damaged
2814,136778,2024-10-19,12153,5,14,1,17.1,Not Needed
2815,136861,2024-10-12,18821,198,6,2,12.27,Late Delivery
2816,136897,2024-10-12,5995,134,34,2,46.26,Not Needed
2817,136921,2024-10-22,7362,32,9,1,40.83,Not Needed
2818,136976,2024-10-12,12186,504,31,1,53.73,Not Needed
2819,136991,2024-10-09,19361,462,32,1,26.09,Damaged
2820,137201,2024-10-20,10635,36,11,1,11.58,Late Delivery
2821,137253,2024-10-20,6616,192,20,1,8.11,Damaged
2822,137264,2024-10-20,2696,620,19,1,16.84,Not Needed
2823,137405,2024-10-09,23909,394,14,2,56.91,Not Needed
2824,137409,2024-10-21,16587,220,21,1,48.36,Quality Issue
2825,137423,2024-10-17,21136,646,30,1,338.27,Quality Issue
2826,137579,2024-10-20,17324,104,4,1,4.55,Late Delivery
2827,137688,2024-10-14,18177,476,28,1,45.11,Damaged
2828,137707,2024-10-13,19196,634,2,1,128.43,Quality Issue
2829,137890,2024-10-22,3269,545,20,1,21.23,Not Needed
2830,137935,2024-10-13,20788,37,15,1,27.0,Not Needed
2831,137953,2024-10-16,24702,101,21,2,20.55,Not Needed
2832,138026,2024-10-21,24979,80,27,1,14.45,Not Needed
2833,138073,2024-10-11,18077,691,29,1,440.18,Not Needed
2834,138116,2024-10-19,1503,208,13,1,7.63,Quality Issue
2835,138198,2024-10-14,15008,399,29,1,7.91,Damaged
2836,138206,2024-10-29,17922,383,17,1,18.38,Not Needed
2837,138306,2024-10-24,11280,339,8,1,7.61,Damaged
2838,138324,2024-10-11,22671,583,6,2,19.14,Wrong Item
2839,138388,2024-10-28,8907,314,6,1,13.67,Not Needed
2840,138429,2024-10-24,3031,472,18,1,3.97,Wrong Item
2841,138596,2024-10-20,1711,164,17,1,5.82,Quality Issue
2842,138680,2024-10-16,15960,224,13,2,11.99,Quality Issue
2843,138728,2024-10-22,8147,692,20,1,206.05,Wrong Item
2844,138734,2024-10-25,20535,135,8,1,22.46,Damaged
2845,138742,2024-10-17,22684,135,33,2,16.92,Not Needed
2846,138772,2024-10-28,18982,28,6,1,45.32,Quality Issue
2847,138792,2024-10-14,21537,684,32,1,89.71,Not Needed
2848,138836,2024-10-29,21508,47,12,1,12.09,Quality Issue
2849,138862,2024-10-22,9988,583,6,1,5.45,Not Needed
2850,138884,2024-10-17,5083,325,33,1,29.16,Damaged
2851,138964,2024-10-12,7835,15,18,1,14.35,Damaged
2852,139086,2024-10-13,21446,154,26,2,19.98,Quality Issue
2853,139097,2024-10-28,21049,604,33,1,316.37,Quality Issue
2854,139125,2024-10-30,21600,664,8,1,450.85,Damaged
2855,139214,2024-10-14,19758,83,20,2,12.84,Wrong Item
2856,139217,2024-10-19,4525,92,19,1,2.47,Not Needed
2857,139240,2024-10-14,15808,7,9,2,17.65,Not Needed
2858,139259,2024-10-28,9586,100,11,1,51.08,Quality Issue
2859,139298,2024-10-31,12654,209,28,2,13.02,Late Delivery
2860,139311,2024-10-23,14473,84,9,2,8.8,Quality Issue
2861,139372,2024-10-14,12885,63,3,1,62.44,Quality Issue
2862,139396,2024-10-28,14938,515,26,1,18.78,Damaged
2863,139404,2024-10-22,12387,135,20,1,3.63,Quality Issue
2864,139480,2024-10-19,18661,241,27,1,23.54,Damaged
2865,139490,2024-10-27,2942,590,5,1,96.11,Late Delivery
2866,139510,2024-10-25,2187,186,21,1,2.01,Late Delivery
2867,139578,2024-10-28,21327,474,13,1,6.96,Not Needed
2868,139658,2024-10-29,11080,74,10,1,7.98,Not Needed
2869,139741,2024-10-20,18426,598,14,1,441.06,Wrong Item
2870,139747,2024-10-22,734,67,16,1,3.92,Quality Issue
2871,139767,2024-10-13,21668,549,7,2,14.71,Not Needed
2872,139815,2024-10-16,10805,494,29,1,2.02,Damaged
2873,139820,2024-10-25,18221,345,16,1,30.98,Late Delivery
2874,139821,2024-10-20,2280,51,20,2,16.47,Not Needed
2875,139980,2024-10-19,21159,391,5,1,12.0,Quality Issue
2876,140017,2024-10-23,19855,276,18,1,15.68,Not Needed
2877,140152,2024-10-14,6587,78,33,1,5.63,Not Needed
2878,140279,2024-10-20,16255,201,9,1,5.55,Not Needed
2879,140315,2024-10-27,8747,16,1,1,22.6,Damaged
2880,140379,2024-10-23,13608,199,26,2,15.54,Late Delivery
2881,140461,2024-10-25,8222,537,8,1,29.1,Not Needed
2882,140502,2024-10-19,5090,210,31,1,21.27,Damaged
2883,140608,2024-10-31,19464,491,17,1,11.48,Wrong Item
2884,140644,2024-10-14,24323,413,33,1,3.69,Not Needed
2885,140695,2024-10-22,8139,226,2,1,37.99,Damaged
2886,140718,2024-10-17,2200,385,6,1,7.36,Not Needed
2887,140842,2024-10-29,6016,207,19,2,28.79,Quality Issue
2888,140868,2024-10-16,20563,398,26,2,41.5,Late Delivery
2889,140918,2024-10-24,15956,291,14,1,93.05,Late Delivery
2890,140941,2024-10-25,2923,27,8,1,24.48,Not Needed
2891,141118,2024-10-22,23091,583,22,1,3.12,Not Needed
2892,141205,2024-11-03,17245,146,21,1,4.14,Quality Issue
2893,141252,2024-10-25,769,660,20,1,246.03,Late Delivery
2894,141289,2024-10-24,12296,115,26,2,12.93,Quality Issue
2895,141308,2024-11-03,6456,523,7,1,77.72,Late Delivery
2896,141368,2024-10-26,10802,339,19,2,15.04,Quality Issue
2897,141490,2024-11-02,23883,355,32,1,28.18,Damaged
2898,141508,2024-10-29,8664,506,11,2,31.22,Not Needed
2899,141523,2024-10-26,7436,422,3,1,10.85,Quality Issue
2900,141524,2024-10-25,16922,711,29,1,27.24,Damaged
2901,141560,2024-10-27,19423,605,28,1,83.62,Not Needed
2902,141574,2024-10-20,23915,406,21,1,10.7,Not Needed
2903,141700,2024-11-02,4304,625,33,1,435.63,Damaged
2904,141920,2024-11-01,9591,555,15,1,58.31,Not Needed
2905,141923,2024-11-03,19227,293,1,1,17.14,Late Delivery
2906,141925,2024-11-03,17802,522,6,1,25.78,Wrong Item
2907,141944,2024-10-18,15904,399,21,1,26.93,Late Delivery
2908,141949,2024-10-29,13109,161,34,1,29.49,Not Needed
2909,141984,2024-10-27,17666,142,29,2,8.47,Damaged
2910,142040,2024-10-21,15199,578,20,2,47.34,Not Needed
2911,142045,2024-11-02,6396,142,18,1,3.19,Quality Issue
2912,142141,2024-11-04,10388,274,9,1,83.96,Quality Issue
2913,142168,2024-10-23,6919,337,6,2,66.86,Quality Issue
2914,142189,2024-10-21,1094,129,18,1,3.35,Not Needed
2915,142227,2024-10-25,11912,212,4,1,15.29,Quality Issue
2916,142378,2024-11-04,17185,159,10,2,18.33,Not Needed
2917,142428,2024-11-05,3468,144,18,2,6.2,Late Delivery
2918,142501,2024-10-24,8925,54,27,1,11.94,Wrong Item
2919,142627,2024-11-04,23108,624,30,1,24.83,Late Delivery
2920,142630,2024-10-26,8611,472,14,1,2.72,Quality Issue
2921,142658,2024-10-26,22534,9,17,1,4.56,Damaged
2922,142659,2024-10-20,23272,512,3,1,19.05,Damaged
2923,142696,2024-11-01,21498,311,24,1,22.67,Not Needed
2924,142748,2024-10-28,10957,511,26,2,39.63,Wrong Item
2925,142754,2024-11-02,21450,454,16,1,3.92,Not Needed
2926,142983,2024-11-03,21424,541,6,1,17.49,Quality Issue
2927,143050,2024-11-05,23812,541,18,1,25.09,Not Needed
2928,143135,2024-10-19,23280,557,30,1,4.86,Quality Issue
2929,143157,2024-11-02,18857,36,14,1,11.37,Late Delivery
2930,143236,2024-10-31,8706,551,5,1,13.68,Not Needed
2931,143298,2024-10-27,21375,418,4,1,19.92,Quality Issue
2932,143366,2024-11-08,11362,125,31,2,26.78,Not Needed
2933,143374,2024-11-07,5078,270,10,1,79.69,Not Needed
2934,143512,2024-10-21,7604,267,15,1,26.94,Wrong Item
2935,143738,2024-10-23,16253,278,34,1,3.14,Wrong Item
2936,143818,2024-10-23,8953,4,14,1,15.92,Not Needed
2937,143860,2024-11-05,13582,286,14,1,11.91,Late Delivery
2938,144000,2024-10-23,5366,222,23,2,6.24,Not Needed
2939,144142,2024-10-25,18431,181,26,2,3.46,Quality Issue
2940,144295,2024-11-08,5093,272,4,1,16.85,Not Needed
2941,144322,2024-10-24,13216,655,9,1,126.18,Not Needed
2942,144342,2024-10-27,17193,215,18,2,5.89,Not Needed
2943,144351,2024-10-26,20694,62,30,2,30.56,Late Delivery
2944,144365,2024-11-05,5640,424,27,1,68.73,Late Delivery
2945,144399,2024-10-27,2835,378,34,1,28.17,Not Needed
2946,144464,2024-11-05,9617,167,31,2,20.79,Not Needed
2947,144489,2024-11-09,21511,645,3,1,91.58,Quality Issue
2948,144600,2024-10-25,8182,199,19,1,26.27,Quality Issue
2949,144604,2024-10-31,15216,510,10,1,16.45,Not Needed
2950,144678,2024-11-08,1945,665,15,1,493.84,Quality Issue
2951,144680,2024-11-06,19072,110,11,2,16.46,Quality Issue
2952,144694,2024-11-10,12840,704,34,1,111.81,Wrong Item
2953,144713,2024-11-03,12493,309,31,1,22.46,Damaged
2954,144726,2024-11-03,8192,80,26,1,7.95,Damaged
2955,144807,2024-10-23,4856,78,18,1,12.49,Quality Issue
2956,144885,2024-11-04,2167,79,14,1,3.77,Damaged
2957,144962,2024-11-09,16120,468,24,1,14.13,Not Needed
2958,144982,2024-11-09,5839,389,2,1,62.46,Late Delivery
2959,144991,2024-11-10,8535,473,13,1,6.13,Not Needed
2960,145043,2024-11-05,1953,543,27,2,33.12,Wrong Item
2961,145047,2024-11-11,7779,155,8,1,8.01,Wrong Item
2962,145157,2024-10-30,1747,155,6,2,13.9,Not Needed
2963,145399,2024-11-07,2268,487,32,1,4.63,Wrong Item
2964,145556,2024-10-24,16489,7,10,1,5.2,Not Needed
2965,145558,2024-10-25,8003,154,3,2,17.31,Not Needed
2966,145568,2024-11-03,24677,84,13,2,7.33,Not Needed
2967,145644,2024-11-02,2925,79,10,2,33.08,Not Needed
2968,145648,2024-11-10,22936,48,25,1,4.26,Wrong Item
2969,145823,2024-11-05,14957,62,18,1,14.49,Damaged
2970,145873,2024-10-25,21582,378,5,1,16.9,Late Delivery
2971,145895,2024-11-10,7543,316,10,1,52.68,Damaged
2972,145938,2024-11-04,21548,703,32,1,325.45,Damaged
2973,145941,2024-11-06,4358,31,21,2,2.01,Wrong Item
2974,146036,2024-10-25,21079,57,28,1,3.61,Quality Issue
2975,146052,2024-11-01,16142,62,8,2,9.03,Damaged
2976,146087,2024-11-07,2768,45,30,1,6.5,Not Needed
2977,146100,2024-10-31,19304,341,9,1,18.24,Quality Issue
2978,146112,2024-10-25,4556,350,10,1,12.67,Wrong Item
2979,146115,2024-10-27,17388,428,18,2,87.49,Not Needed
2980,146166,2024-10-29,15492,380,3,1,26.02,Wrong Item
2981,146209,2024-10-27,19976,422,5,1,6.77,Damaged
2982,146303,2024-11-01,17183,140,2,2,44.59,Late Delivery
2983,146327,2024-11-04,23974,50,28,1,4.19,Not Needed
2984,146352,2024-10-31,21028,469,33,1,4.99,Quality Issue
2985,146377,2024-11-03,17724,197,29,1,2.08,Quality Issue
2986,146387,2024-11-06,9283,177,19,1,4.48,Wrong Item
2987,146469,2024-10-27,23268,108,5,2,18.9,Late Delivery
2988,146481,2024-10-27,20684,174,9,1,9.76,Quality Issue
2989,146503,2024-11-03,6478,318,8,1,3.55,Not Needed
2990,146569,2024-10-26,24296,82,8,1,5.22,Not Needed
2991,146623,2024-10-31,24169,370,5,1,16.03,Not Needed
2992,146660,2024-11-09,758,220,31,1,7.0,Quality Issue
2993,146663,2024-10-27,14028,177,14,1,38.23,Damaged
2994,146794,2024-10-27,17369,278,32,1,2.38,Damaged
2995,146834,2024-11-10,16851,219,29,2,13.38,Damaged
2996,146933,2024-11-12,12187,182,34,2,14.52,Not Needed
2997,146975,2024-11-10,24455,185,3,1,5.7,Damaged
2998,146990,2024-11-02,948,317,2,1,6.03,Damaged
2999,146996,2024-11-06,7321,167,18,1,8.67,Late Delivery
3000,146997,2024-11-15,12206,68,30,2,21.33,Damaged
3001,147060,2024-10-27,4317,7,1,1,17.37,Not Needed
3002,147061,2024-10-30,20941,492,32,2,30.7,Damaged
3003,147094,2024-11-04,13045,242,17,1,88.09,Quality Issue
3004,147154,2024-11-15,9452,70,14,1,3.29,Wrong Item
3005,147248,2024-11-16,24379,120,32,2,24.64,Quality Issue
3006,147249,2024-11-09,19674,193,29,1,1.89,Damaged
3007,147254,2024-11-05,5581,332,22,1,16.89,Wrong Item
3008,147276,2024-11-12,20507,97,16,2,3.02,Late Delivery
3009,147329,2024-11-10,22002,170,26,1,3.53,Late Delivery
3010,147369,2024-11-08,2151,435,13,1,4.06,Late Delivery
3011,147371,2024-10-30,6982,21,34,2,11.32,Not Needed
3012,147388,2024-11-13,16152,138,18,2,45.64,Quality Issue
3013,147446,2024-11-02,13357,86,9,1,4.84,Quality Issue
3014,147453,2024-11-16,1762,53,28,1,6.51,Not Needed
3015,147496,2024-11-12,6985,50,31,2,31.08,Late Delivery
3016,147521,2024-11-04,11709,34,4,1,12.14,Damaged
3017,147547,2024-11-04,14143,262,20,1,60.43,Not Needed
3018,147613,2024-11-16,21159,140,15,2,19.26,Quality Issue
3019,147708,2024-11-02,17945,531,11,1,9.21,Not Needed
3020,147766,2024-11-09,4125,504,29,2,37.47,Damaged
3021,147879,2024-11-05,24710,115,34,1,2.32,Not Needed
3022,147915,2024-11-09,15214,117,34,2,20.24,Not Needed
3023,147924,2024-11-02,17584,121,21,1,1.89,Not Needed
3024,147948,2024-11-14,9195,391,23,1,3.82,Damaged
3025,148071,2024-11-05,16010,94,6,2,6.75,Damaged
3026,148120,2024-11-12,12867,395,34,1,10.1,Not Needed
3027,148138,2024-11-05,13086,121,17,2,9.16,Not Needed
3028,148213,2024-11-10,12653,108,34,2,10.76,Damaged
3029,148216,2024-11-08,30,616,22,2,352.72,Not Needed
3030,148265,2024-11-04,9655,361,33,1,9.47,Late Delivery
3031,148282,2024-11-17,23932,34,30,2,9.47,Not Needed
3032,148284,2024-11-07,6118,83,33,2,7.18,Late Delivery
3033,148295,2024-11-16,726,71,25,1,9.16,Damaged
3034,148472,2024-11-06,1904,448,23,2,50.44,Not Needed
3035,148598,2024-11-11,4222,88,30,2,19.26,Quality Issue
3036,148750,2024-11-10,3954,346,3,1,11.06,Not Needed
3037,148793,2024-11-10,2486,52,23,2,3.99,Quality Issue
3038,148805,2024-11-13,6060,91,13,2,9.53,Not Needed
3039,148806,2024-11-08,8704,8,24,1,2.67,Not Needed
3040,148904,2024-11-19,201,286,34,1,9.67,Not Needed
3041,149137,2024-11-02,19752,87,9,2,3.97,Not Needed
3042,149203,2024-11-16,19819,257,12,1,13.48,Wrong Item
3043,149257,2024-11-03,6796,9,30,2,5.53,Damaged
3044,149300,2024-11-06,7184,475,30,1,17.77,Not Needed
3045,149353,2024-11-02,12145,355,4,1,107.69,Quality Issue
3046,149360,2024-11-20,24593,695,30,1,499.59,Late Delivery
3047,149376,2024-11-08,11552,489,32,2,32.78,Not Needed
3048,149489,2024-11-19,516,22,5,2,35.67,Wrong Item
3049,149493,2024-11-13,4670,101,6,1,8.83,Quality Issue
3050,149516,2024-11-15,4910,33,21,1,37.24,Quality Issue
3051,149554,2024-11-03,7728,498,14,2,44.84,Not Needed
3052,149615,2024-11-19,15724,203,28,2,7.21,Damaged
3053,149620,2024-11-03,15408,63,2,1,35.92,Damaged
3054,149674,2024-11-15,18899,153,27,1,12.53,Late Delivery
3055,149701,2024-11-10,3628,187,14,1,14.95,Quality Issue
3056,149722,2024-11-15,17759,1,33,2,1.26,Damaged
3057,149732,2024-11-15,5712,79,14,1,6.05,Late Delivery
3058,149790,2024-11-05,4887,298,5,2,16.23,Not Needed
3059,149813,2024-11-17,23275,9,23,1,23.62,Damaged
3060,149831,2024-11-21,22422,473,33,1,6.13,Not Needed
3061,149874,2024-11-20,12818,145,15,1,6.93,Quality Issue
3062,149901,2024-11-07,715,686,23,1,215.55,Not Needed
3063,149942,2024-11-17,12781,185,6,1,26.0,Wrong Item
3064,149996,2024-11-02,14955,483,7,2,5.75,Not Needed
3065,150103,2024-11-16,17362,105,10,1,5.26,Late Delivery
3066,150122,2024-11-21,5396,230,29,1,14.4,Damaged
3067,150126,2024-11-02,2269,150,26,1,10.55,Late Delivery
3068,150170,2024-11-03,18614,668,7,1,198.29,Quality Issue
3069,150465,2024-11-18,16351,150,3,1,4.91,Damaged
3070,150483,2024-11-13,3081,107,4,1,2.9,Quality Issue
3071,150573,2024-11-22,3509,507,6,1,11.25,Late Delivery
3072,150594,2024-11-14,15790,386,30,1,22.87,Quality Issue
3073,150620,2024-11-06,1929,410,21,1,15.64,Not Needed
3074,150691,2024-11-06,23966,51,18,2,8.68,Quality Issue
3075,150757,2024-11-14,14468,330,21,1,41.89,Quality Issue
3076,150781,2024-11-09,19982,304,7,2,23.4,Damaged
3077,150829,2024-11-05,16034,225,16,1,18.05,Quality Issue
3078,150880,2024-11-08,2113,104,22,2,27.27,Late Delivery
3079,150882,2024-11-21,16997,534,22,2,15.65,Damaged
3080,150932,2024-11-14,18789,172,31,1,7.23,Not Needed
3081,150966,2024-11-20,12427,149,10,1,2.65,Damaged
3082,150967,2024-11-19,2268,261,8,2,26.79,Quality Issue
3083,150989,2024-11-09,20002,144,14,2,9.36,Damaged
3084,151047,2024-11-11,5886,443,18,1,12.01,Not Needed
3085,151056,2024-11-23,5110,392,27,2,18.34,Late Delivery
3086,151085,2024-11-05,6377,552,14,1,19.83,Not Needed
3087,151118,2024-11-08,19259,186,34,1,2.42,Quality Issue
3088,151120,2024-11-20,7018,488,3,2,17.78,Quality Issue
3089,151185,2024-11-17,13752,354,24,1,8.08,Not Needed
3090,151269,2024-11-06,15465,628,15,1,357.68,Late Delivery
3091,151285,2024-11-19,22945,134,21,2,23.75,Damaged
3092,151413,2024-11-13,20483,180,34,2,5.1,Not Needed
3093,151431,2024-11-09,3307,216,26,1,38.12,Quality Issue
3094,151470,2024-11-23,12591,565,21,1,12.11,Not Needed
3095,151485,2024-11-22,2398,373,27,1,9.23,Not Needed
3096,151538,2024-11-09,6641,560,33,1,7.99,Quality Issue
3097,151567,2024-11-06,801,13,30,1,3.03,Damaged
3098,151571,2024-11-21,23832,509,8,1,29.3,Not Needed
3099,151588,2024-11-08,5786,631,34,1,348.7,Wrong Item
3100,151593,2024-11-15,14592,695,21,2,665.89,Damaged
3101,151722,2024-11-08,23441,476,20,1,10.54,Damaged
3102,151818,2024-11-15,3977,464,8,1,19.03,Quality Issue
3103,152022,2024-11-14,20170,24,28,1,5.1,Late Delivery
3104,152038,2024-11-07,519,128,34,1,52.46,Not Needed
3105,152159,2024-11-08,538,538,7,1,22.03,Late Delivery
3106,152190,2024-11-20,6174,234,20,2,14.49,Late Delivery
3107,152197,2024-11-17,10343,141,22,2,11.94,Not Needed
3108,152256,2024-11-20,12496,131,6,1,2.46,Late Delivery
3109,152327,2024-11-17,4567,432,9,1,9.77,Quality Issue
3110,152535,2024-11-07,24329,467,7,1,12.22,Damaged
3111,152536,2024-11-23,9499,37,29,2,30.72,Not Needed
3112,152616,2024-11-14,11446,49,18,1,16.59,Not Needed
3113,152654,2024-11-21,2803,98,2,2,4.47,Not Needed
3114,152660,2024-11-13,19592,389,3,1,17.81,Quality Issue
3115,152680,2024-11-08,22435,161,11,2,60.78,Late Delivery
3116,152754,2024-11-13,12367,139,18,1,5.27,Not Needed
3117,152773,2024-11-25,15831,261,27,1,37.71,Quality Issue
3118,152804,2024-11-11,13108,46,8,2,17.11,Quality Issue
3119,152805,2024-11-13,7795,524,9,1,28.23,Damaged
3120,152842,2024-11-20,18833,574,9,1,13.57,Damaged
3121,152891,2024-11-24,21025,385,30,2,6.73,Late Delivery
3122,152922,2024-11-24,21654,447,12,2,30.42,Damaged
3123,152932,2024-11-26,3366,198,3,2,9.42,Quality Issue
3124,153022,2024-11-19,20285,680,5,1,272.78,Late Delivery
3125,153040,2024-11-12,17047,360,34,1,4.24,Not Needed
3126,153094,2024-11-17,12186,579,6,1,11.21,Not Needed
3127,153097,2024-11-25,8256,213,21,1,4.53,Wrong Item
3128,153134,2024-11-15,22904,685,29,1,177.62,Not Needed
3129,153160,2024-11-08,22001,420,30,2,39.69,Late Delivery
3130,153175,2024-11-23,10199,573,13,2,30.83,Not Needed
3131,153319,2024-11-24,3981,529,5,1,27.89,Late Delivery
3132,153323,2024-11-08,20538,347,18,2,4.01,Not Needed
3133,153366,2024-11-15,21759,438,27,1,8.52,Late Delivery
3134,153394,2024-11-17,19144,37,18,1,8.13,Quality Issue
3135,153463,2024-11-14,9243,91,15,2,6.48,Damaged
3136,153479,2024-11-08,2669,52,16,1,1.52,Late Delivery
3137,153480,2024-11-23,16233,208,18,1,6.82,Late Delivery
3138,153490,2024-11-09,13155,384,6,1,35.74,Not Needed
3139,153530,2024-11-21,14610,103,2,1,28.66,Not Needed
3140,153566,2024-11-21,4323,55,8,1,15.72,Damaged
3141,153610,2024-11-23,2355,399,22,2,38.21,Not Needed
3142,153625,2024-11-20,197,153,2,1,26.04,Wrong Item
3143,153718,2024-11-24,2594,439,11,1,36.03,Quality Issue
3144,153745,2024-11-21,18645,382,17,2,3.85,Damaged
3145,153767,2024-11-20,13422,100,9,2,19.61,Damaged
3146,153779,2024-11-26,15153,184,28,2,8.43,Quality Issue
3147,154017,2024-11-25,2651,212,33,1,9.07,Late Delivery
3148,154028,2024-11-12,10105,310,21,1,3.62,Quality Issue
3149,154049,2024-11-27,24693,199,18,1,24.28,Damaged
3150,154124,2024-11-18,18601,18,10,1,1.94,Not Needed
3151,154125,2024-11-15,9352,386,29,1,21.05,Not Needed
3152,154300,2024-11-15,13975,274,8,1,18.18,Quality Issue
3153,154321,2024-11-19,23640,571,34,1,24.44,Quality Issue
3154,154334,2024-11-23,6566,379,18,1,8.13,Quality Issue
3155,154386,2024-11-21,11293,203,5,1,1.23,Wrong Item
3156,154557,2024-11-27,4011,370,9,1,16.0,Wrong Item
3157,154579,2024-11-28,89,281,15,1,77.63,Not Needed
3158,154589,2024-11-24,5620,297,3,1,16.13,Damaged
3159,154698,2024-11-29,21566,199,9,1,22.67,Late Delivery
3160,154731,2024-11-28,13086,184,5,2,11.91,Late Delivery
3161,154775,2024-11-18,4471,380,24,2,27.16,Quality Issue
3162,154805,2024-11-13,17275,89,32,1,23.73,Quality Issue
3163,154894,2024-11-17,6572,66,20,2,3.58,Not Needed
3164,154980,2024-11-10,4051,550,2,2,76.23,Quality Issue
3165,154994,2024-11-11,10362,31,14,1,1.52,Quality Issue
3166,154997,2024-11-22,15438,514,32,1,9.65,Quality Issue
3167,155190,2024-11-10,1011,609,11,1,316.0,Not Needed
3168,155311,2024-11-30,14846,53,29,1,2.84,Quality Issue
3169,155339,2024-11-13,23929,55,25,1,12.67,Quality Issue
3170,155535,2024-11-26,939,355,8,2,45.27,Wrong Item
3171,155568,2024-11-28,7765,705,30,1,61.71,Wrong Item
3172,155597,2024-11-12,4446,211,22,2,21.35,Late Delivery
3173,155641,2024-11-18,8142,198,3,1,17.78,Not Needed
3174,155679,2024-11-30,9083,322,16,1,25.21,Quality Issue
3175,155787,2024-11-11,23937,195,33,1,5.15,Not Needed
3176,155868,2024-11-14,3583,248,21,1,12.5,Late Delivery
3177,155879,2024-11-16,19010,193,14,2,5.01,Damaged
3178,155965,2024-11-15,7453,64,33,1,7.81,Wrong Item
3179,155989,2024-11-27,18785,621,9,1,273.94,Late Delivery
3180,155997,2024-11-27,15820,137,25,1,6.98,Quality Issue
3181,156022,2024-11-17,22412,321,19,1,25.01,Quality Issue
3182,156067,2024-11-13,625,11,30,1,11.69,Not Needed
3183,156096,2024-11-24,15145,50,4,1,3.83,Late Delivery
3184,156148,2024-11-14,20968,71,3,1,2.35,Damaged
3185,156185,2024-11-23,11656,69,24,1,4.9,Quality Issue
3186,156209,2024-11-21,24411,476,19,1,11.26,Damaged
3187,156237,2024-11-30,21652,412,11,1,22.58,Late Delivery
3188,156267,2024-11-27,9531,585,31,1,2.71,Quality Issue
3189,156286,2024-11-28,2112,224,28,1,8.99,Damaged
3190,156341,2024-11-18,23317,15,26,1,9.97,Wrong Item
3191,156407,2024-11-20,2543,102,33,1,11.73,Wrong Item
3192,156449,2024-11-22,21929,709,4,1,154.88,Damaged
3193,156474,2024-11-17,3204,502,24,2,31.29,Not Needed
3194,156481,2024-11-17,16730,4,15,1,7.11,Not Needed
3195,156507,2024-11-24,13341,532,10,1,16.56,Not Needed
3196,156532,2024-11-13,4545,78,16,1,12.46,Not Needed
3197,156568,2024-11-18,2198,165,29,1,36.78,Not Needed
3198,156642,2024-12-01,1948,719,6,1,115.32,Late Delivery
3199,156692,2024-11-24,21505,22,32,1,19.4,Late Delivery
3200,156707,2024-11-26,8166,415,16,1,14.22,Late Delivery
3201,156710,2024-11-20,15304,536,32,1,4.71,Not Needed
3202,156722,2024-11-17,21747,356,10,1,58.5,Quality Issue
3203,156767,2024-11-26,10143,444,12,1,2.38,Late Delivery
3204,156825,2024-11-14,11752,190,10,1,51.55,Not Needed
3205,156849,2024-11-23,11624,188,8,2,24.31,Quality Issue
3206,156902,2024-11-28,2388,120,28,2,20.23,Not Needed
3207,156928,2024-11-17,12358,569,23,1,10.36,Late Delivery
3208,156939,2024-11-15,23478,131,29,1,3.62,Damaged
3209,156979,2024-11-28,17580,94,32,2,5.49,Quality Issue
3210,157030,2024-11-19,14336,198,16,1,6.15,Wrong Item
3211,157097,2024-11-13,4856,53,29,1,3.69,Late Delivery
3212,157177,2024-11-19,22132,94,13,2,3.19,Not Needed
3213,157216,2024-12-03,22786,215,4,1,3.39,Not Needed
3214,157274,2024-11-20,23710,176,26,1,6.03,Not Needed
3215,157301,2024-11-15,7157,20,33,1,31.28,Quality Issue
3216,157317,2024-11-16,15451,532,33,1,12.36,Late Delivery
3217,157361,2024-11-17,6445,454,19,1,4.39,Damaged
3218,157407,2024-11-15,16941,466,34,1,21.69,Not Needed
3219,157435,2024-11-30,19556,42,17,2,3.74,Wrong Item
3220,157499,2024-11-29,7028,188,29,2,17.04,Wrong Item
3221,157574,2024-11-30,520,107,12,2,1.83,Quality Issue
3222,157620,2024-12-01,8883,639,33,1,137.84,Quality Issue
3223,157639,2024-11-17,24361,84,26,1,4.19,Not Needed
3224,157698,2024-11-18,478,11,27,1,6.7,Not Needed
3225,157734,2024-11-16,6792,114,6,2,11.02,Wrong Item
3226,157760,2024-11-19,19502,690,1,1,335.07,Not Needed
3227,157796,2024-11-17,7212,86,21,1,10.04,Late Delivery
3228,157802,2024-11-18,2254,109,9,2,15.24,Not Needed
3229,157810,2024-11-17,11146,700,24,1,163.86,Wrong Item
3230,157856,2024-11-18,9205,112,3,1,16.7,Late Delivery
3231,157872,2024-11-28,4214,676,29,1,240.39,Not Needed
3232,157887,2024-12-03,12249,215,32,1,4.58,Not Needed
3233,157918,2024-11-27,23544,89,20,1,5.28,Damaged
3234,157949,2024-11-19,24422,504,27,1,33.13,Late Delivery
3235,157964,2024-11-28,11492,388,26,1,45.23,Not Needed
3236,158014,2024-11-16,21903,191,32,2,6.25,Quality Issue
3237,158017,2024-11-29,13492,376,26,1,20.64,Damaged
3238,158069,2024-11-16,14019,147,26,2,9.16,Late Delivery
3239,158083,2024-11-21,9868,533,18,1,19.07,Quality Issue
3240,158103,2024-11-23,23353,435,30,2,14.75,Late Delivery
3241,158144,2024-11-29,3944,648,17,1,161.16,Not Needed
3242,158151,2024-11-18,13073,275,4,1,15.07,Damaged
3243,158161,2024-11-16,3962,402,14,1,16.32,Damaged
3244,158250,2024-11-28,15894,322,8,1,92.72,Damaged
3245,158272,2024-11-20,22697,300,22,2,31.04,Late Delivery
3246,158292,2024-11-30,17500,630,20,1,227.58,Not Needed
3247,158294,2024-11-30,12639,439,30,1,16.84,Quality Issue
3248,158309,2024-11-25,10726,226,2,1,109.3,Quality Issue
3249,158338,2024-12-05,23796,638,32,1,16.92,Not Needed
3250,158341,2024-11-24,6703,354,29,1,6.91,Quality Issue
3251,158421,2024-11-29,16841,305,8,1,21.09,Wrong Item
3252,158467,2024-11-27,1037,211,20,1,5.07,Not Needed
3253,158530,2024-12-05,14353,366,13,1,9.36,Late Delivery
3254,158640,2024-12-04,23118,360,8,1,4.31,Quality Issue
3255,158672,2024-12-01,23501,216,11,2,12.43,Damaged
3256,158710,2024-11-17,24366,604,6,1,198.92,Damaged
3257,158714,2024-11-30,11489,37,29,1,5.44,Not Needed
3258,158784,2024-11-23,21092,54,13,2,7.86,Late Delivery
3259,158869,2024-11-22,5959,1,1,1,3.85,Not Needed
3260,159002,2024-11-19,13032,47,24,2,17.63,Not Needed
3261,159085,2024-11-18,21972,224,18,1,13.89,Wrong Item
3262,159220,2024-11-29,19821,657,14,1,203.14,Not Needed
3263,159297,2024-11-26,11676,419,18,2,88.38,Not Needed
3264,159316,2024-11-27,22180,693,1,1,241.91,Wrong Item
3265,159335,2024-11-27,3216,135,11,1,25.6,Wrong Item
3266,159354,2024-11-28,10653,86,30,1,5.04,Not Needed
3267,159374,2024-12-04,7266,446,7,2,12.71,Not Needed
3268,159464,2024-11-28,1882,243,33,2,27.42,Damaged
3269,159494,2024-11-25,14604,487,20,1,4.76,Damaged
3270,159590,2024-11-29,7095,77,10,1,30.51,Quality Issue
3271,159646,2024-11-29,11819,195,23,1,9.62,Quality Issue
3272,159690,2024-11-28,16452,421,2,1,15.13,Quality Issue
3273,159694,2024-12-05,10924,12,7,2,24.11,Wrong Item
3274,159719,2024-11-20,11632,445,21,1,19.06,Quality Issue
3275,159722,2024-11-18,20068,141,6,1,6.39,Wrong Item
3276,159844,2024-11-18,23745,129,33,1,8.91,Quality Issue
3277,159868,2024-11-21,23677,386,1,1,54.1,Not Needed
3278,159936,2024-11-20,8946,44,32,1,21.44,Not Needed
3279,159988,2024-11-22,10271,150,30,1,6.09,Quality Issue
3280,160018,2024-11-24,4964,381,8,1,17.35,Late Delivery
3281,160030,2024-11-29,13079,568,34,1,8.0,Damaged
3282,160108,2024-12-05,6446,262,3,1,22.68,Damaged
3283,160167,2024-12-02,24490,27,3,1,23.71,Wrong Item
3284,160198,2024-11-18,10980,157,9,2,4.91,Late Delivery
3285,160199,2024-12-03,23612,55,29,1,19.98,Late Delivery
3286,160233,2024-11-22,5486,165,31,2,42.02,Not Needed
3287,160266,2024-12-04,24013,173,29,1,13.98,Quality Issue
3288,160267,2024-12-06,9080,306,18,1,24.86,Damaged
3289,160341,2024-11-21,14302,511,20,1,24.06,Not Needed
3290,160535,2024-12-06,8235,363,9,1,5.48,Wrong Item
3291,160588,2024-12-06,24840,257,20,1,7.49,Not Needed
3292,160702,2024-11-25,8489,18,17,2,1.39,Damaged
3293,160763,2024-12-07,2260,618,20,1,236.08,Quality Issue
3294,160874,2024-11-27,11750,600,2,1,37.21,Late Delivery
3295,160887,2024-11-25,9925,116,26,2,14.83,Damaged
3296,161019,2024-11-27,11159,527,14,1,21.55,Not Needed
3297,161247,2024-12-08,7246,372,19,1,14.73,Quality Issue
3298,161263,2024-11-27,2204,143,8,2,11.62,Damaged
3299,161316,2024-12-03,5210,463,21,1,8.3,Not Needed
3300,161332,2024-11-29,17552,556,9,1,25.39,Quality Issue
3301,161396,2024-11-28,17789,66,14,1,11.36,Late Delivery
3302,161550,2024-12-06,24366,674,3,1,65.33,Not Needed
3303,161594,2024-11-21,9257,316,14,2,23.8,Not Needed
3304,161752,2024-11-27,17065,492,15,1,9.56,Not Needed
3305,161863,2024-12-08,24643,99,13,2,12.06,Damaged
3306,161910,2024-12-08,23413,356,22,1,19.29,Wrong Item
3307,162023,2024-11-27,15049,166,24,2,4.01,Late Delivery
3308,162030,2024-11-29,16813,101,32,2,21.36,Not Needed
3309,162039,2024-12-07,23358,214,15,1,7.73,Not Needed
3310,162100,2024-12-10,9294,106,26,2,11.77,Late Delivery
3311,162113,2024-11-28,2398,608,20,1,192.98,Quality Issue
3312,162121,2024-12-03,5117,118,23,2,5.71,Late Delivery
3313,162195,2024-11-22,24029,481,16,1,13.52,Damaged
3314,162236,2024-12-10,17566,425,6,2,43.77,Not Needed
3315,162294,2024-11-30,15131,167,22,2,37.99,Quality Issue
3316,162311,2024-12-07,11064,704,32,1,151.92,Not Needed
3317,162565,2024-12-09,22760,507,27,1,2.39,Not Needed
3318,162606,2024-12-10,1569,603,7,1,748.11,Quality Issue
3319,162611,2024-11-30,1693,674,18,1,98.92,Not Needed
3320,162645,2024-12-02,24032,257,6,1,6.86,Wrong Item
3321,162662,2024-12-09,15949,271,19,1,4.14,Not Needed
3322,162734,2024-12-02,9526,172,20,1,2.63,Wrong Item
3323,162836,2024-11-27,11808,591,18,1,314.28,Damaged
3324,162849,2024-12-03,19926,442,8,1,4.07,Late Delivery
3325,162979,2024-11-28,14430,246,9,1,100.57,Not Needed
3326,162986,2024-11-29,6088,44,15,1,5.89,Late Delivery
3327,162997,2024-11-25,7847,197,9,2,5.01,Damaged
3328,163006,2024-12-02,16789,305,13,2,34.39,Damaged
3329,163054,2024-12-03,6495,30,14,1,4.49,Late Delivery
3330,163071,2024-12-09,3050,313,6,1,7.69,Quality Issue
3331,163085,2024-11-24,6355,694,21,1,220.73,Not Needed
3332,163101,2024-12-01,11746,372,31,2,33.59,Quality Issue
3333,163112,2024-12-08,15985,437,29,2,53.69,Damaged
3334,163118,2024-12-06,7818,167,8,1,23.99,Late Delivery
3335,163122,2024-11-28,2779,133,13,2,18.42,Not Needed
3336,163146,2024-11-29,13264,299,30,1,22.16,Late Delivery
3337,163200,2024-11-30,21551,163,34,2,5.41,Damaged
3338,163241,2024-11-30,13810,120,33,1,20.78,Wrong Item
3339,163329,2024-12-10,22393,272,28,2,73.26,Late Delivery
3340,163350,2024-11-25,993,164,8,2,21.33,Late Delivery
3341,163382,2024-12-02,4463,93,9,2,3.76,Late Delivery
3342,163399,2024-12-11,2354,19,9,1,3.2,Quality Issue
3343,163413,2024-12-10,12217,539,33,1,31.96,Quality Issue
3344,163443,2024-12-03,21976,565,5,1,28.24,Not Needed
3345,163457,2024-12-13,1740,377,3,1,61.65,Damaged
3346,163492,2024-11-24,14949,275,20,2,19.72,Not Needed
3347,163547,2024-11-30,4296,442,7,1,4.38,Late Delivery
3348,163553,2024-12-05,1208,489,33,1,26.31,Not Needed
3349,163588,2024-12-03,19666,195,5,2,5.56,Not Needed
3350,163619,2024-11-28,18653,162,11,1,11.83,Late Delivery
3351,163676,2024-12-11,17943,305,22,1,23.95,Quality Issue
3352,163681,2024-12-01,6737,453,33,1,100.9,Not Needed
3353,163735,2024-12-08,8821,377,10,1,37.17,Not Needed
3354,163774,2024-12-03,10866,328,23,1,8.16,Late Delivery
3355,163785,2024-11-28,9188,566,34,1,21.68,Late Delivery
3356,163852,2024-12-12,24608,683,17,1,69.74,Damaged
3357,164035,2024-12-09,15939,701,9,1,420.89,Not Needed
3358,164061,2024-12-07,11060,123,31,1,8.87,Not Needed
3359,164067,2024-12-04,18516,589,4,1,101.35,Quality Issue
3360,164125,2024-12-08,13833,198,17,1,3.96,Not Needed
3361,164195,2024-11-27,18784,29,3,1,7.07,Not Needed
3362,164200,2024-12-02,2885,456,19,2,40.3,Not Needed
3363,164203,2024-12-13,6223,569,10,1,8.11,Quality Issue
3364,164224,2024-12-14,22337,417,21,1,7.16,Not Needed
3365,164280,2024-12-01,12074,261,8,1,21.81,Late Delivery
3366,164293,2024-12-07,11362,112,17,1,12.42,Not Needed
3367,164406,2024-12-03,8885,589,18,1,378.67,Wrong Item
3368,164434,2024-12-14,6779,665,18,1,204.11,Not Needed
3369,164458,2024-12-09,4260,73,15,2,10.48,Late Delivery
3370,164484,2024-12-10,7187,543,23,1,30.55,Damaged
3371,164538,2024-12-11,6331,334,15,1,18.19,Not Needed
3372,164618,2024-12-03,12116,127,14,2,10.94,Not Needed
3373,164645,2024-12-15,8862,111,29,2,11.32,Late Delivery
3374,164646,2024-12-07,19755,444,14,1,7.8,Not Needed
3375,164670,2024-11-27,8422,686,21,1,270.49,Late Delivery
3376,164686,2024-12-09,8047,423,6,1,46.74,Quality Issue
3377,164697,2024-12-02,1869,457,9,1,71.5,Not Needed
3378,164730,2024-12-09,21822,29,26,1,11.94,Not Needed
3379,164779,2024-11-27,5904,38,13,1,1.14,Quality Issue
3380,164899,2024-11-26,23326,516,34,1,25.62,Quality Issue
3381,164908,2024-12-08,24091,671,14,1,119.33,Not Needed
3382,164951,2024-12-03,14589,166,29,1,4.97,Wrong Item
3383,164953,2024-11-26,5418,186,28,1,2.53,Wrong Item
3384,164964,2024-11-28,12548,566,21,1,14.45,Wrong Item
3385,165019,2024-11-29,3368,65,26,2,21.53,Damaged
3386,165101,2024-11-30,24814,467,20,1,15.36,Late Delivery
3387,165198,2024-12-13,18991,261,3,1,17.38,Not Needed
3388,165210,2024-11-29,11887,133,1,2,3.71,Wrong Item
3389,165213,2024-12-16,13890,410,20,1,18.71,Late Delivery
3390,165261,2024-12-09,12737,119,14,2,20.75,Damaged
3391,165303,2024-12-04,23380,149,32,1,1.91,Not Needed
3392,165351,2024-11-29,17087,369,33,1,8.84,Wrong Item
3393,165371,2024-12-11,3521,39,10,1,4.11,Late Delivery
3394,165405,2024-12-15,12868,325,34,1,52.73,Damaged
3395,165443,2024-11-29,6187,507,15,1,5.72,Damaged
3396,165459,2024-12-14,23507,450,23,1,4.58,Not Needed
3397,165467,2024-11-27,10214,345,4,1,62.35,Damaged
3398,165537,2024-12-14,9807,378,19,1,8.3,Wrong Item
3399,165574,2024-12-12,18382,117,6,1,11.2,Late Delivery
3400,165584,2024-12-06,19538,699,18,1,180.73,Not Needed
3401,165637,2024-12-15,23320,257,33,1,15.6,Not Needed
3402,165655,2024-12-06,615,208,28,1,28.21,Quality Issue
3403,165656,2024-12-01,4459,321,30,1,26.26,Not Needed
3404,165691,2024-11-28,8935,240,3,1,2.9,Not Needed
3405,165770,2024-12-16,23119,31,26,1,9.11,Not Needed
3406,165788,2024-12-05,7829,84,3,2,5.43,Not Needed
3407,165813,2024-12-08,1445,425,18,2,27.87,Damaged
3408,165821,2024-12-09,2901,13,11,1,10.6,Not Needed
3409,165873,2024-12-01,24931,427,24,1,5.24,Not Needed
3410,165898,2024-12-17,13242,217,13,2,34.48,Damaged
3411,165923,2024-12-01,3906,315,5,1,11.76,Wrong Item
3412,165943,2024-12-12,6416,461,27,1,11.86,Not Needed
3413,165959,2024-11-30,22313,591,9,1,214.44,Quality Issue
3414,166045,2024-12-05,11629,212,1,1,5.96,Quality Issue
3415,166052,2024-12-02,14237,514,28,1,32.02,Late Delivery
3416,166168,2024-12-07,1231,492,5,2,22.64,Quality Issue
3417,166205,2024-12-17,9475,143,2,1,38.3,Wrong Item
3418,166252,2024-12-09,6847,327,14,1,13.94,Quality Issue
3419,166258,2024-12-03,316,34,27,1,28.68,Quality Issue
3420,166300,2024-12-06,23867,715,12,1,13.5,Quality Issue
3421,166312,2024-12-12,130,482,14,1,29.07,Not Needed
3422,166435,2024-12-06,24376,136,1,2,11.59,Damaged
3423,166566,2024-12-12,22849,503,11,2,54.77,Not Needed
3424,166622,2024-12-07,12464,501,17,1,23.21,Damaged
3425,166845,2024-12-19,18097,108,28,2,9.67,Late Delivery
3426,166859,2024-12-05,16033,218,14,2,9.49,Late Delivery
3427,166881,2024-12-06,20263,20,33,1,42.29,Wrong Item
3428,166978,2024-12-07,6137,622,32,1,193.68,Damaged
3429,167051,2024-12-05,19385,190,29,1,9.06,Not Needed
3430,167069,2024-12-13,21537,221,34,1,4.72,Damaged
3431,167106,2024-12-19,19377,400,21,1,24.09,Not Needed
3432,167142,2024-12-14,14814,23,21,1,6.52,Damaged
3433,167149,2024-12-13,10548,238,8,1,26.61,Late Delivery
3434,167167,2024-12-05,962,642,15,1,156.34,Quality Issue
3435,167196,2024-12-13,14586,488,34,1,10.8,Not Needed
3436,167231,2024-12-06,11619,398,15,1,14.53,Late Delivery
3437,167294,2024-12-01,13171,451,3,2,31.02,Damaged
3438,167296,2024-12-03,13543,165,29,1,12.58,Not Needed
3439,167448,2024-12-07,23705,257,29,1,12.95,Damaged
3440,167452,2024-12-10,146,118,1,2,1.89,Late Delivery
3441,167465,2024-12-01,1410,428,21,2,64.65,Quality Issue
3442,167558,2024-12-04,6032,374,24,1,9.89,Quality Issue
3443,167560,2024-12-04,8432,19,12,1,26.81,Damaged
3444,167585,2024-12-07,10855,319,23,1,11.57,Damaged
3445,167768,2024-12-13,9506,61,25,2,15.47,Late Delivery
3446,167948,2024-12-17,19275,687,19,1,210.58,Damaged
3447,167982,2024-12-11,14953,17,3,1,2.1,Quality Issue
3448,167983,2024-12-03,17969,103,24,1,13.7,Damaged
3449,168069,2024-12-02,11095,44,33,1,26.16,Quality Issue
3450,168086,2024-12-16,20894,150,33,2,8.81,Not Needed
3451,168098,2024-12-09,13922,473,14,1,3.28,Quality Issue
3452,168236,2024-12-15,12493,433,23,2,31.65,Wrong Item
3453,168286,2024-12-18,8888,246,10,1,51.02,Quality Issue
3454,168407,2024-12-19,12089,50,9,1,7.22,Late Delivery
3455,168501,2024-12-03,20279,131,23,2,8.49,Quality Issue
3456,168518,2024-12-10,4323,205,1,1,2.26,Quality Issue
3457,168681,2024-12-11,18587,239,8,1,18.59,Not Needed
3458,168701,2024-12-05,14968,341,8,1,10.52,Not Needed
3459,168739,2024-12-11,20101,186,21,2,8.64,Not Needed
3460,168753,2024-12-17,16704,154,9,1,5.61,Not Needed
3461,168812,2024-12-05,6679,146,2,1,13.13,Quality Issue
3462,168918,2024-12-11,18466,196,9,2,7.86,Late Delivery
3463,168922,2024-12-13,10264,433,33,1,9.99,Damaged
3464,168960,2024-12-14,17982,277,8,1,29.53,Quality Issue
3465,169017,2024-12-11,8089,506,18,1,11.19,Late Delivery
3466,169156,2024-12-10,9999,715,5,1,22.66,Damaged
3467,169211,2024-12-18,18516,313,23,2,8.62,Not Needed
3468,169312,2024-12-21,14956,70,33,1,3.69,Not Needed
3469,169331,2024-12-18,13475,496,32,2,26.96,Late Delivery
3470,169556,2024-12-22,9464,91,20,2,17.01,Not Needed
3471,169597,2024-12-21,24148,513,29,2,13.47,Not Needed
3472,169637,2024-12-07,18304,275,8,1,52.17,Not Needed
3473,169645,2024-12-04,18811,68,29,2,13.51,Not Needed
3474,169655,2024-12-19,22111,198,11,2,10.8,Not Needed
3475,169666,2024-12-13,6350,60,22,2,21.06,Quality Issue
3476,169690,2024-12-18,4185,321,23,1,16.33,Quality Issue
3477,169751,2024-12-15,18577,106,24,1,2.24,Quality Issue
3478,169806,2024-12-04,7912,33,4,1,15.04,Quality Issue
3479,169836,2024-12-08,13638,321,34,2,116.59,Not Needed
3480,169872,2024-12-17,6734,576,10,1,13.03,Not Needed
3481,169877,2024-12-12,13526,601,27,1,473.0,Quality Issue
3482,169890,2024-12-05,2921,517,18,1,2.3,Late Delivery
3483,169925,2024-12-20,17906,33,17,2,31.9,Quality Issue
3484,169985,2024-12-08,2526,162,33,2,17.66,Late Delivery
3485,170003,2024-12-15,9167,567,19,1,4.82,Damaged
3486,170112,2024-12-09,5929,71,13,1,10.43,Late Delivery
3487,170117,2024-12-17,19907,164,29,2,14.71,Damaged
3488,170180,2024-12-23,16616,166,8,1,6.56,Late Delivery
3489,170266,2024-12-14,3893,138,5,1,16.86,Not Needed
3490,170374,2024-12-24,22057,11,30,1,6.03,Late Delivery
3491,170408,2024-12-15,2508,194,33,1,3.84,Not Needed
3492,170439,2024-12-12,22002,480,22,1,7.0,Quality Issue
3493,170455,2024-12-21,12871,423,24,1,25.93,Wrong Item
3494,170577,2024-12-10,21191,377,5,2,83.63,Not Needed
3495,170588,2024-12-19,21281,606,7,1,764.02,Quality Issue
3496,170590,2024-12-24,2434,326,15,1,6.38,Late Delivery
3497,170711,2024-12-19,24376,50,22,2,26.56,Not Needed
3498,170739,2024-12-10,13260,14,25,2,12.55,Wrong Item
3499,170821,2024-12-22,388,151,28,1,15.66,Wrong Item
3500,170883,2024-12-20,15688,407,28,1,19.25,Damaged
3501,170928,2024-12-08,23461,106,16,1,6.01,Quality Issue
3502,171053,2024-12-22,23897,73,20,2,6.32,Wrong Item
3503,171058,2024-12-12,8840,337,8,1,16.85,Quality Issue
3504,171059,2024-12-21,4621,2,14,2,26.27,Quality Issue
3505,171095,2024-12-13,9662,111,13,1,5.95,Damaged
3506,171193,2024-12-19,22881,556,19,1,13.79,Damaged
3507,171270,2024-12-17,6148,297,14,2,17.5,Not Needed
3508,171335,2024-12-24,22094,551,23,2,16.85,Not Needed
3509,171413,2024-12-10,4103,339,19,2,15.07,Late Delivery
3510,171448,2024-12-19,22034,43,14,1,13.32,Wrong Item
3511,171457,2024-12-20,23072,430,10,1,30.42,Damaged
3512,171554,2024-12-21,24812,471,24,2,25.94,Late Delivery
3513,171555,2024-12-20,15160,92,26,1,1.76,Damaged
3514,171569,2024-12-18,20973,356,17,1,77.9,Quality Issue
3515,171584,2024-12-13,16237,115,5,1,1.79,Damaged
3516,171588,2024-12-25,6765,79,25,2,16.16,Late Delivery
3517,171660,2024-12-21,14371,551,27,1,11.32,Not Needed
3518,171663,2024-12-18,11705,493,1,1,35.14,Quality Issue
3519,171694,2024-12-09,2478,354,28,1,3.36,Quality Issue
3520,171707,2024-12-16,1940,12,27,1,15.73,Not Needed
3521,171784,2024-12-16,10364,262,26,1,73.82,Damaged
3522,171918,2024-12-17,17192,701,32,1,291.18,Not Needed
3523,172076,2024-12-24,6116,544,32,1,2.22,Late Delivery
3524,172091,2024-12-25,6157,20,26,1,8.63,Not Needed
3525,172167,2024-12-12,6917,31,3,1,4.81,Not Needed
3526,172211,2024-12-27,13302,127,9,2,12.85,Damaged
3527,172218,2024-12-16,3959,222,17,1,20.63,Damaged
3528,172375,2024-12-22,12935,218,5,2,5.06,Quality Issue
3529,172384,2024-12-25,18103,150,29,1,1.57,Quality Issue
3530,172391,2024-12-16,15704,142,10,1,9.24,Not Needed
3531,172658,2024-12-23,20605,135,33,1,40.7,Late Delivery
3532,172691,2024-12-11,17034,517,11,1,1.84,Wrong Item
3533,172720,2024-12-24,1101,10,8,1,5.39,Not Needed
3534,172762,2024-12-14,23002,460,32,1,18.34,Not Needed
3535,172806,2024-12-15,18818,520,22,2,9.59,Late Delivery
3536,172926,2024-12-16,2607,245,25,1,8.95,Not Needed
3537,172948,2024-12-27,19147,523,11,1,22.55,Not Needed
3538,173006,2024-12-17,20696,147,3,1,40.55,Damaged
3539,173204,2024-12-21,306,224,2,1,5.71,Not Needed
3540,173256,2024-12-17,22334,6,9,2,4.1,Damaged
3541,173319,2024-12-28,14776,331,17,1,63.73,Quality Issue
3542,173347,2024-12-20,12767,307,8,1,26.05,Late Delivery
3543,173350,2024-12-26,13431,34,8,1,3.68,Late Delivery
3544,173395,2024-12-28,2268,470,3,1,13.18,Not Needed
3545,173479,2024-12-11,19644,353,34,1,20.49,Quality Issue
3546,173567,2024-12-11,21832,238,19,1,65.33,Wrong Item
3547,173599,2024-12-21,12819,164,1,2,6.95,Damaged
3548,173628,2024-12-19,22188,521,14,2,13.86,Not Needed
3549,173672,2024-12-26,8106,218,32,1,8.22,Not Needed
3550,173691,2024-12-28,2793,14,30,2,13.42,Damaged
3551,173743,2024-12-23,10330,487,8,1,6.25,Damaged
3552,173750,2024-12-28,7666,138,34,2,10.92,Quality Issue
3553,173816,2024-12-20,1879,177,10,1,29.24,Not Needed
3554,173848,2024-12-23,18954,449,33,1,27.83,Quality Issue
3555,173853,2024-12-14,9081,244,5,1,19.5,Not Needed
3556,173902,2024-12-28,8487,20,9,1,18.21,Not Needed
3557,173946,2024-12-12,12610,137,30,1,19.22,Damaged
3558,174069,2024-12-22,22013,281,2,1,59.21,Damaged
3559,174093,2024-12-11,5330,101,19,1,11.07,Late Delivery
3560,174101,2024-12-20,1132,518,15,1,1.81,Wrong Item
3561,174252,2024-12-17,18163,462,24,2,54.31,Late Delivery
3562,174253,2024-12-28,23355,565,26,1,61.82,Damaged
3563,174282,2024-12-23,7413,36,26,1,17.5,Not Needed
3564,174355,2024-12-18,20562,9,30,1,5.51,Wrong Item
3565,174390,2024-12-15,4013,73,19,2,12.68,Not Needed
3566,174416,2024-12-24,16166,658,1,1,231.9,Not Needed
3567,174431,2024-12-17,14644,117,20,1,5.78,Late Delivery
3568,174438,2024-12-28,21223,234,10,1,6.81,Not Needed
3569,174444,2024-12-15,17325,88,9,2,14.77,Not Needed
3570,174550,2024-12-12,11700,210,9,1,37.38,Quality Issue
3571,174575,2024-12-18,10584,70,1,1,3.25,Not Needed
3572,174582,2024-12-22,15787,226,18,2,42.18,Not Needed
3573,174599,2024-12-28,1916,542,4,1,3.39,Not Needed
3574,174631,2024-12-22,22741,500,28,2,39.99,Wrong Item
3575,174760,2024-12-12,3962,410,22,1,63.26,Not Needed
3576,174788,2024-12-22,2454,223,11,1,3.58,Quality Issue
3577,174847,2024-12-18,24893,147,27,2,30.0,Quality Issue
3578,174899,2024-12-28,10678,120,13,2,33.16,Not Needed
3579,174948,2024-12-21,6684,441,27,1,21.0,Wrong Item
3580,174997,2024-12-19,14472,106,2,2,10.45,Late Delivery
3581,175061,2024-12-28,2345,88,18,1,15.6,Wrong Item
3582,175072,2024-12-16,11667,171,11,2,6.28,Quality Issue
3583,175092,2024-12-20,22700,281,3,2,71.16,Quality Issue
3584,175156,2024-12-27,14461,144,6,1,6.55,Late Delivery
3585,175178,2024-12-30,13382,619,31,1,23.26,Quality Issue
3586,175288,2024-12-16,7377,549,34,1,1.85,Wrong Item
3587,175291,2024-12-24,16129,225,3,2,21.95,Not Needed
3588,175363,2024-12-17,24982,220,8,1,32.27,Not Needed
3589,175405,2024-12-24,12202,269,9,2,43.33,Quality Issue
3590,175426,2024-12-23,8981,160,32,1,32.78,Late Delivery
3591,175450,2024-12-25,18275,65,1,2,17.88,Wrong Item
3592,175482,2024-12-22,118,541,19,2,44.92,Wrong Item
3593,175598,2024-12-25,2983,427,16,1,1.15,Not Needed
3594,175605,2024-12-23,22992,348,14,2,59.33,Quality Issue
3595,175611,2024-12-24,14691,415,20,2,33.95,Damaged
3596,175670,2024-12-14,23831,95,32,1,5.19,Damaged
3597,175692,2024-12-23,10127,330,30,1,18.01,Not Needed
3598,175803,2024-12-23,20382,461,21,1,14.58,Damaged
3599,175924,2024-12-23,19164,499,31,1,13.52,Quality Issue
3600,175931,2024-12-14,1497,29,33,2,48.77,Damaged
3601,176089,2024-12-24,8179,436,15,1,9.46,Quality Issue
3602,176090,2024-12-31,19531,176,5,1,2.84,Damaged
3603,176121,2024-12-27,10330,337,32,1,37.27,Not Needed
3604,176144,2024-12-22,3519,644,16,1,376.54,Not Needed
3605,176257,2024-12-20,17050,38,13,2,2.79,Damaged
3606,176294,2024-12-25,15145,534,5,2,20.33,Not Needed
3607,176306,2024-12-18,12977,614,30,2,180.34,Quality Issue
3608,176327,2024-12-19,16526,489,14,1,12.67,Quality Issue
3609,176411,2024-12-23,2601,146,19,1,15.8,Quality Issue
3610,176484,2024-12-30,19582,492,8,1,11.33,Not Needed
3611,176519,2024-12-19,17484,392,19,1,10.32,Quality Issue
3612,176619,2024-12-24,8637,222,7,1,9.61,Not Needed
3613,176634,2024-12-27,21295,139,8,1,12.9,Not Needed
3614,176643,2025-01-03,22778,584,20,1,10.94,Quality Issue
3615,176663,2024-12-21,14943,160,25,2,32.31,Not Needed
3616,176692,2024-12-24,8437,534,20,1,20.42,Not Needed
3617,176742,2024-12-15,4518,413,1,2,13.23,Not Needed
3618,176773,2024-12-20,4331,82,19,1,0.81,Damaged
3619,176869,2024-12-16,4830,45,6,1,7.91,Not Needed
3620,176972,2024-12-26,2384,539,15,1,10.61,Late Delivery
3621,176974,2024-12-26,4533,257,24,1,17.35,Not Needed
3622,176975,2024-12-27,16612,297,21,1,50.89,Wrong Item
3623,177052,2024-12-17,19472,4,16,1,10.2,Not Needed
3624,177102,2024-12-24,24768,371,33,1,25.99,Not Needed
3625,177109,2025-01-01,3581,144,30,1,5.08,Late Delivery
3626,177124,2024-12-21,13295,243,7,1,15.39,Not Needed
3627,177255,2024-12-16,7506,590,20,1,51.7,Quality Issue
3628,177307,2024-12-17,16066,151,14,1,15.54,Late Delivery
3629,177354,2025-01-04,12282,115,27,2,3.96,Not Needed
3630,177366,2024-12-17,16299,29,5,2,20.35,Not Needed
3631,177374,2024-12-16,13606,336,10,1,19.73,Not Needed
3632,177422,2025-01-04,19273,339,14,1,4.47,Not Needed
3633,177485,2024-12-22,4253,7,16,2,21.9,Not Needed
3634,177495,2025-01-02,13252,325,29,1,18.49,Late Delivery
3635,177496,2024-12-18,19910,334,8,1,43.8,Wrong Item
3636,177501,2025-01-02,23114,287,19,1,23.33,Quality Issue
3637,177616,2024-12-24,8975,304,26,2,15.56,Wrong Item
3638,177677,2025-01-04,22166,607,15,1,30.06,Quality Issue
3639,177687,2025-01-04,8747,49,34,2,24.4,Quality Issue
3640,177747,2024-12-29,13482,700,16,1,351.55,Quality Issue
3641,177813,2025-01-02,9015,5,9,2,24.06,Late Delivery
3642,177938,2025-01-03,15239,179,18,2,17.99,Quality Issue
3643,177996,2025-01-01,16866,129,24,2,5.57,Late Delivery
3644,178027,2024-12-23,2691,273,29,1,21.45,Not Needed
3645,178077,2024-12-25,6751,466,1,1,13.71,Late Delivery
3646,178118,2024-12-21,13321,5,13,1,12.68,Not Needed
3647,178266,2024-12-18,8233,202,34,2,7.23,Not Needed
3648,178274,2024-12-21,3339,156,4,2,1.59,Damaged
3649,178352,2025-01-06,22664,14,22,2,7.66,Quality Issue
3650,178450,2025-01-01,21566,28,20,1,6.73,Not Needed
3651,178472,2024-12-29,15072,254,21,1,30.42,Late Delivery
3652,178524,2025-01-02,13393,153,26,2,11.22,Damaged
3653,178555,2024-12-25,12120,142,7,1,4.47,Not Needed
3654,178572,2024-12-18,8216,39,26,2,3.98,Damaged
3655,178652,2024-12-21,14377,356,19,1,22.96,Quality Issue
3656,178653,2024-12-27,9039,340,31,1,12.93,Not Needed
3657,178760,2024-12-24,15579,404,19,1,16.43,Late Delivery
3658,178806,2024-12-25,17668,102,3,1,13.5,Damaged
3659,178851,2024-12-22,11409,221,8,2,13.5,Quality Issue
3660,178953,2024-12-21,24938,438,17,1,17.47,Not Needed
3661,179080,2024-12-20,11132,606,6,1,526.88,Not Needed
3662,179090,2024-12-31,19478,23,3,1,25.91,Quality Issue
3663,179105,2024-12-27,17776,321,3,1,45.61,Late Delivery
3664,179219,2024-12-26,9166,479,27,2,40.19,Not Needed
3665,179246,2025-01-03,22711,45,21,1,7.39,Wrong Item
3666,179363,2025-01-06,7364,342,8,1,19.92,Not Needed
3667,179365,2024-12-24,23157,561,32,1,8.92,Not Needed
3668,179503,2024-12-21,19140,298,20,1,13.93,Not Needed
3669,179504,2024-12-26,18580,542,3,1,3.68,Not Needed
3670,179510,2024-12-20,23262,40,6,2,13.62,Quality Issue
3671,179514,2024-12-22,2914,125,10,1,18.88,Late Delivery
3672,179567,2024-12-27,18555,682,34,1,111.17,Wrong Item
3673,179612,2025-01-04,752,424,17,1,14.43,Not Needed
3674,179628,2025-01-05,17510,546,30,1,61.9,Not Needed
3675,179652,2024-12-28,13348,669,21,1,95.05,Not Needed
3676,179659,2024-12-24,1200,404,33,1,12.6,Quality Issue
3677,179775,2025-01-07,8073,531,22,2,20.38,Late Delivery
3678,179827,2024-12-22,12164,276,16,1,14.2,Damaged
3679,179892,2024-12-24,20098,161,17,1,9.85,Not Needed
3680,179893,2025-01-08,4018,193,14,1,12.54,Not Needed
3681,179952,2024-12-31,1429,485,2,1,31.46,Damaged
3682,179971,2024-12-21,5058,43,23,1,2.55,Quality Issue
3683,179998,2025-01-04,23156,66,31,1,9.07,Not Needed
3684,180004,2024-12-22,5777,454,26,1,4.39,Not Needed
3685,180011,2025-01-01,11124,70,21,1,2.4,Late Delivery
3686,180158,2024-12-31,6725,499,9,1,14.53,Not Needed
3687,180171,2024-12-25,19869,432,1,1,18.13,Wrong Item
3688,180269,2024-12-29,23490,675,5,1,94.09,Quality Issue
3689,180395,2024-12-25,16799,412,20,2,33.71,Quality Issue
3690,180438,2024-12-24,7160,138,16,1,7.73,Not Needed
3691,180452,2024-12-24,22278,411,19,1,4.36,Late Delivery
3692,180497,2025-01-01,24098,187,20,1,35.7,Not Needed
3693,180570,2025-01-06,6108,39,30,2,5.6,Not Needed
3694,180585,2024-12-25,5543,355,24,2,32.65,Damaged
3695,180616,2024-12-26,4443,150,13,1,2.85,Wrong Item
3696,180661,2025-01-10,9229,416,27,2,15.54,Not Needed
3697,180703,2025-01-06,13462,32,9,2,21.23,Quality Issue
3698,180807,2025-01-02,1697,607,17,1,40.0,Late Delivery
3699,180836,2025-01-06,13158,639,11,2,265.51,Damaged
3700,180898,2025-01-08,19336,535,15,2,20.06,Not Needed
3701,180915,2024-12-23,13401,671,6,1,143.13,Not Needed
3702,180949,2024-12-24,4438,598,25,1,386.74,Damaged
3703,180955,2024-12-31,24552,629,16,1,57.27,Not Needed
3704,180994,2024-12-28,17732,295,14,1,24.31,Quality Issue
3705,181002,2025-01-03,1389,526,3,2,71.7,Not Needed
3706,181009,2025-01-06,9225,138,20,2,13.92,Not Needed
3707,181033,2025-01-04,2193,20,8,1,38.25,Damaged
3708,181060,2024-12-31,16868,475,29,2,13.44,Late Delivery
3709,181073,2024-12-24,1788,454,9,2,22.88,Not Needed
3710,181075,2025-01-08,2040,60,2,1,18.49,Not Needed
3711,181079,2024-12-28,353,97,15,1,3.26,Quality Issue
3712,181125,2025-01-04,3953,127,15,1,6.7,Damaged
3713,181165,2024-12-23,17815,586,34,1,365.66,Damaged
3714,181232,2024-12-24,15725,571,23,1,15.86,Quality Issue
3715,181320,2025-01-07,24871,171,24,2,13.86,Not Needed
3716,181337,2025-01-11,7951,471,21,1,24.28,Damaged
3717,181366,2024-12-26,15210,311,8,2,34.0,Quality Issue
3718,181382,2025-01-02,8727,437,31,1,27.61,Damaged
3719,181449,2024-12-24,5039,228,28,1,94.82,Wrong Item
3720,181482,2024-12-26,16929,342,23,1,8.89,Damaged
3721,181522,2025-01-01,10058,78,32,2,11.83,Quality Issue
3722,181553,2025-01-03,19350,34,31,1,6.49,Not Needed
3723,181577,2025-01-06,5586,239,19,1,31.19,Not Needed
3724,181696,2024-12-31,18439,215,23,1,4.47,Not Needed
3725,181698,2025-01-05,4350,124,30,1,12.38,Not Needed
3726,181780,2024-12-26,4346,270,34,2,25.85,Late Delivery
3727,181836,2025-01-09,3957,197,6,2,11.65,Damaged
3728,181875,2024-12-26,20084,1,7,1,1.21,Damaged
3729,181949,2024-12-24,17816,500,21,1,32.68,Damaged
3730,181959,2025-01-10,540,155,30,1,9.93,Quality Issue
3731,181986,2024-12-24,9402,87,2,1,1.48,Not Needed
3732,182025,2025-01-07,22917,209,1,2,24.27,Damaged
3733,182073,2025-01-08,10174,663,8,1,89.35,Wrong Item
3734,182304,2024-12-28,4364,153,19,2,14.91,Not Needed
3735,182328,2025-01-01,8994,220,31,2,20.63,Damaged
3736,182349,2024-12-27,18330,191,28,2,9.15,Not Needed
3737,182401,2025-01-13,17665,449,30,1,19.37,Late Delivery
3738,182463,2025-01-03,16148,260,9,1,28.47,Quality Issue
3739,182517,2024-12-25,12696,3,33,2,11.04,Not Needed
3740,182709,2025-01-07,5690,437,27,1,18.08,Quality Issue
3741,182758,2025-01-09,22376,522,11,2,49.62,Not Needed
3742,182871,2025-01-13,4272,210,6,1,21.36,Wrong Item
3743,182901,2025-01-12,20922,25,26,2,26.87,Wrong Item
3744,182926,2025-01-07,13736,90,14,1,26.17,Not Needed
3745,182946,2025-01-10,11159,79,2,2,14.27,Not Needed
3746,183012,2025-01-12,14265,136,1,1,15.61,Wrong Item
3747,183044,2025-01-06,24316,213,23,2,25.29,Wrong Item
3748,183053,2024-12-26,17621,493,17,1,21.4,Damaged
3749,183066,2025-01-13,18608,31,15,2,3.41,Quality Issue
3750,183070,2025-01-13,13192,200,32,1,6.67,Quality Issue
3751,183082,2024-12-29,4284,64,14,1,14.61,Not Needed
3752,183176,2025-01-12,10302,71,23,1,9.75,Not Needed
3753,183200,2025-01-05,4000,482,7,1,5.08,Quality Issue
3754,183213,2025-01-01,1343,489,33,2,63.34,Wrong Item
3755,183231,2025-01-09,11522,160,9,2,14.23,Late Delivery
3756,183347,2025-01-11,19567,196,7,1,3.27,Quality Issue
3757,183360,2025-01-13,9893,396,8,1,21.9,Quality Issue
3758,183396,2024-12-27,20512,655,24,1,248.64,Late Delivery
3759,183408,2025-01-03,16225,626,16,1,448.98,Not Needed
3760,183419,2025-01-02,1166,79,25,1,6.62,Not Needed
3761,183470,2025-01-03,11781,460,29,1,22.72,Damaged
3762,183538,2025-01-07,13218,682,14,1,181.03,Late Delivery
3763,183547,2024-12-30,3505,719,18,1,146.98,Late Delivery
3764,183570,2025-01-01,5691,489,13,1,37.6,Quality Issue
3765,183651,2025-01-10,7286,625,29,1,310.06,Not Needed
3766,183666,2025-01-11,1533,285,7,1,29.49,Late Delivery
3767,183706,2025-01-04,6267,171,28,1,4.41,Not Needed
3768,183710,2025-01-08,9322,537,33,2,34.33,Wrong Item
3769,183732,2025-01-10,4171,334,11,2,73.13,Damaged
3770,183753,2024-12-27,6450,309,32,2,36.56,Wrong Item
3771,183755,2025-01-01,17453,199,27,2,9.99,Late Delivery
3772,183836,2025-01-11,9327,285,14,2,28.89,Not Needed
3773,183846,2024-12-31,18248,65,16,1,39.71,Damaged
3774,183934,2025-01-03,12827,212,15,1,3.9,Not Needed
3775,183969,2025-01-02,11269,454,14,1,4.09,Quality Issue
3776,184053,2024-12-31,16092,368,5,1,8.03,Wrong Item
3777,184061,2025-01-09,3622,630,30,1,274.88,Not Needed
3778,184094,2024-12-27,18167,193,34,1,16.13,Late Delivery
3779,184123,2024-12-27,8080,118,7,2,7.99,Damaged
3780,184163,2024-12-30,13159,514,25,2,36.22,Quality Issue
3781,184271,2025-01-10,13616,648,6,1,161.85,Late Delivery
3782,184316,2025-01-01,10887,213,29,1,2.61,Not Needed
3783,184363,2025-01-12,20040,103,9,2,11.78,Not Needed
3784,184532,2025-01-13,5697,168,29,1,10.4,Damaged
3785,184552,2025-01-04,14241,635,7,1,321.91,Quality Issue
3786,184554,2025-01-08,314,139,29,2,5.24,Not Needed
3787,184596,2025-01-08,7040,349,29,1,8.04,Quality Issue
3788,184649,2025-01-12,201,714,32,1,426.0,Quality Issue
3789,184832,2025-01-11,14065,622,31,1,48.74,Damaged
3790,184867,2025-01-06,15787,368,21,1,3.85,Quality Issue
3791,184974,2025-01-16,1788,521,3,2,27.18,Quality Issue
3792,185043,2025-01-15,5516,73,30,1,11.3,Quality Issue
3793,185102,2024-12-29,4928,215,2,1,8.88,Wrong Item
3794,185129,2025-01-09,3608,261,29,2,16.42,Wrong Item
3795,185185,2025-01-16,11582,414,20,1,42.29,Not Needed
3796,185265,2025-01-09,338,57,12,1,2.42,Quality Issue
3797,185268,2025-01-15,503,63,6,1,25.02,Quality Issue
3798,185300,2025-01-07,7124,558,32,1,8.26,Late Delivery
3799,185377,2025-01-11,22760,45,27,1,18.56,Late Delivery
3800,185435,2025-01-02,5503,653,25,1,191.22,Quality Issue
3801,185481,2025-01-07,7982,79,23,2,37.93,Quality Issue
3802,185494,2025-01-04,8143,19,16,1,39.64,Late Delivery
3803,185586,2025-01-08,9177,489,14,1,19.67,Late Delivery
3804,185669,2024-12-30,6766,29,15,1,9.78,Not Needed
3805,185775,2025-01-11,8851,167,29,1,37.85,Quality Issue
3806,185834,2025-01-09,2014,511,9,1,31.1,Damaged
3807,185888,2025-01-06,5637,45,14,1,7.15,Wrong Item
3808,185946,2025-01-13,21692,37,7,2,12.77,Not Needed
3809,185962,2025-01-10,14483,71,16,1,9.37,Quality Issue
3810,186134,2025-01-17,260,347,34,2,5.38,Late Delivery
3811,186177,2025-01-03,5813,403,26,1,28.24,Late Delivery
3812,186190,2025-01-10,12589,528,19,1,15.95,Wrong Item
3813,186199,2025-01-10,16252,166,20,2,4.28,Damaged
3814,186265,2025-01-08,17008,117,33,2,6.85,Not Needed
3815,186292,2025-01-14,8268,123,18,1,28.73,Not Needed
3816,186305,2025-01-16,14255,24,29,2,20.5,Damaged
3817,186432,2025-01-06,7283,200,34,1,10.71,Damaged
3818,186444,2024-12-31,4931,545,5,1,4.36,Not Needed
3819,186508,2025-01-08,14816,712,33,1,519.6,Quality Issue
3820,186535,2025-01-12,8293,529,19,2,39.09,Damaged
3821,186603,2025-01-07,17455,120,27,2,45.18,Late Delivery
3822,186628,2025-01-15,11064,221,19,1,11.25,Not Needed
3823,186718,2025-01-17,20687,104,2,2,15.97,Damaged
3824,186757,2025-01-07,11817,445,14,1,20.24,Late Delivery
3825,186771,2025-01-09,17189,173,5,1,19.31,Damaged
3826,186814,2025-01-18,10091,336,23,2,14.93,Damaged
3827,186889,2025-01-09,18483,462,22,1,13.92,Quality Issue
3828,186954,2025-01-19,22783,110,18,1,14.88,Late Delivery
3829,186964,2025-01-18,17661,33,22,2,22.62,Late Delivery
3830,186972,2025-01-03,9323,557,27,1,3.9,Quality Issue
3831,187027,2025-01-07,22946,407,29,1,12.83,Late Delivery
3832,187133,2025-01-07,231,229,1,1,7.34,Not Needed
3833,187210,2025-01-14,21040,132,25,2,35.4,Not Needed
3834,187228,2025-01-02,1330,688,21,1,268.53,Quality Issue
3835,187241,2025-01-04,7262,176,20,1,3.82,Not Needed
3836,187353,2025-01-07,11630,532,18,1,16.17,Late Delivery
3837,187377,2025-01-18,20696,636,8,1,278.15,Damaged
3838,187381,2025-01-17,3175,169,17,2,16.53,Damaged
3839,187486,2025-01-13,12231,221,21,1,1.73,Not Needed
3840,187555,2025-01-20,15241,1,8,2,1.46,Not Needed
3841,187590,2025-01-05,13882,7,11,2,9.65,Damaged
3842,187594,2025-01-08,24857,134,15,2,48.65,Not Needed
3843,187603,2025-01-12,6868,257,22,1,9.1,Damaged
3844,187716,2025-01-12,21792,353,21,1,11.96,Damaged
3845,187726,2025-01-14,6395,16,10,2,8.29,Not Needed
3846,187887,2025-01-22,19495,404,12,1,21.87,Not Needed
3847,188037,2025-01-16,1312,577,32,2,19.45,Late Delivery
3848,188244,2025-01-03,9954,1,1,2,2.73,Not Needed
3849,188352,2025-01-07,20367,592,19,1,344.65,Damaged
3850,188366,2025-01-08,18526,224,11,1,17.63,Damaged
3851,188382,2025-01-16,20,460,14,1,25.44,Not Needed
3852,188437,2025-01-20,8887,290,34,1,53.47,Not Needed
3853,188439,2025-01-13,7959,587,26,1,35.82,Damaged
3854,188516,2025-01-17,24007,120,18,1,15.74,Quality Issue
3855,188550,2025-01-10,11281,624,17,1,20.0,Quality Issue
3856,188665,2025-01-23,3699,493,33,2,36.42,Damaged
3857,188705,2025-01-05,16293,241,21,1,55.0,Not Needed
3858,188734,2025-01-17,14078,204,26,1,4.32,Quality Issue
3859,188761,2025-01-12,17905,344,20,1,50.39,Late Delivery
3860,188861,2025-01-07,19086,540,21,1,29.2,Wrong Item
3861,188865,2025-01-21,20361,223,7,2,21.32,Quality Issue
3862,188937,2025-01-13,19367,494,14,1,5.79,Quality Issue
3863,188973,2025-01-19,830,643,5,1,189.54,Late Delivery
3864,189112,2025-01-22,510,193,21,1,5.41,Wrong Item
3865,189120,2025-01-12,1406,196,25,2,5.23,Not Needed
3866,189145,2025-01-24,17073,45,1,2,32.0,Quality Issue
3867,189149,2025-01-10,5134,587,2,1,24.17,Late Delivery
3868,189217,2025-01-09,9529,143,28,2,14.3,Not Needed
3869,189253,2025-01-10,20545,403,34,2,22.99,Not Needed
3870,189285,2025-01-18,20191,661,12,1,278.19,Not Needed
3871,189316,2025-01-16,14459,661,4,1,288.76,Damaged
3872,189344,2025-01-25,24498,179,18,2,4.39,Damaged
3873,189374,2025-01-06,300,411,8,1,2.95,Not Needed
3874,189542,2025-01-18,16836,102,9,2,7.43,Wrong Item
3875,189582,2025-01-25,21643,141,4,2,12.05,Not Needed
3876,189640,2025-01-12,20063,488,33,1,9.96,Not Needed
3877,189695,2025-01-21,6509,55,29,1,21.04,Quality Issue
3878,189749,2025-01-13,10016,96,4,2,9.97,Not Needed
3879,189839,2025-01-16,24311,671,21,1,84.11,Not Needed
3880,189854,2025-01-16,22651,125,8,2,16.99,Quality Issue
3881,189874,2025-01-22,6559,37,12,1,33.39,Not Needed
3882,189893,2025-01-18,20370,140,7,1,9.01,Not Needed
3883,189919,2025-01-21,18166,373,9,1,13.26,Damaged
3884,190017,2025-01-09,3695,403,8,2,15.23,Quality Issue
3885,190134,2025-01-17,19041,209,24,1,38.74,Quality Issue
3886,190166,2025-01-23,8654,127,21,1,4.81,Not Needed
3887,190169,2025-01-10,7631,293,29,2,26.38,Damaged
3888,190179,2025-01-19,15878,42,8,2,3.52,Not Needed
3889,190186,2025-01-14,21653,590,30,1,223.13,Late Delivery
3890,190198,2025-01-15,12937,313,24,1,3.53,Not Needed
3891,190208,2025-01-17,11369,379,4,1,12.78,Not Needed
3892,190242,2025-01-10,9143,465,10,2,6.96,Not Needed
3893,190326,2025-01-12,15822,441,17,1,46.21,Damaged
3894,190328,2025-01-13,20380,68,25,1,20.43,Wrong Item
3895,190415,2025-01-13,17318,250,5,2,25.02,Not Needed
3896,190560,2025-01-22,8009,515,26,2,52.48,Not Needed
3897,190735,2025-01-21,5188,303,6,1,51.3,Not Needed
3898,190783,2025-01-11,14490,324,20,2,43.66,Not Needed
3899,190784,2025-01-24,3074,102,4,1,4.51,Not Needed
3900,190787,2025-01-27,13919,504,33,1,39.89,Damaged
3901,190836,2025-01-09,14613,355,24,1,22.32,Quality Issue
3902,190921,2025-01-09,18559,242,9,1,69.79,Quality Issue
3903,190971,2025-01-12,15559,702,15,1,158.72,Not Needed
3904,190994,2025-01-16,16561,151,7,1,4.31,Damaged
3905,191046,2025-01-18,17804,525,17,1,19.21,Damaged
3906,191060,2025-01-15,10629,208,32,1,23.55,Late Delivery
3907,191069,2025-01-20,21924,429,11,1,2.9,Late Delivery
3908,191096,2025-01-12,2366,124,7,1,9.95,Late Delivery
3909,191117,2025-01-19,9127,98,13,2,4.22,Wrong Item
3910,191121,2025-01-26,18542,581,24,1,1.58,Late Delivery
3911,191154,2025-01-18,8761,104,7,1,6.07,Wrong Item
3912,191161,2025-01-26,20426,275,3,1,18.53,Damaged
3913,191191,2025-01-19,1447,338,24,2,36.87,Late Delivery
3914,191288,2025-01-19,21008,16,15,2,5.22,Quality Issue
3915,191313,2025-01-22,23511,30,15,2,7.39,Not Needed
3916,191333,2025-01-13,8535,289,30,1,11.79,Damaged
3917,191396,2025-01-14,11731,268,23,1,53.77,Damaged
3918,191540,2025-01-14,7043,428,28,1,18.3,Not Needed
3919,191564,2025-01-18,22371,409,28,1,32.79,Not Needed
3920,191721,2025-01-28,3037,648,14,2,302.97,Quality Issue
3921,191731,2025-01-17,20268,470,21,2,31.77,Not Needed
3922,191783,2025-01-27,6086,30,19,2,9.83,Damaged
3923,191785,2025-01-22,1515,607,17,1,44.97,Damaged
3924,191786,2025-01-14,9116,174,21,2,14.14,Wrong Item
3925,191798,2025-01-23,3556,183,22,2,12.19,Not Needed
3926,191910,2025-01-24,15677,120,3,2,9.25,Not Needed
3927,191943,2025-01-12,10991,184,3,1,6.16,Quality Issue
3928,191951,2025-01-26,16041,507,8,1,3.92,Not Needed
3929,192098,2025-01-14,18686,653,10,1,381.91,Not Needed
3930,192115,2025-01-21,3666,500,30,1,12.61,Quality Issue
3931,192158,2025-01-17,19302,558,17,1,10.98,Late Delivery
3932,192174,2025-01-20,16606,347,21,1,2.63,Not Needed
3933,192187,2025-01-31,18980,503,21,1,26.35,Not Needed
3934,192229,2025-01-25,7947,420,3,1,19.16,Not Needed
3935,192322,2025-01-27,16843,454,23,1,8.14,Damaged
3936,192400,2025-01-24,4552,245,1,1,8.28,Not Needed
3937,192415,2025-01-30,273,101,8,1,4.26,Not Needed
3938,192544,2025-01-12,24979,169,20,1,19.71,Not Needed
3939,192572,2025-01-22,19531,171,20,1,25.58,Quality Issue
3940,192574,2025-01-29,5188,19,30,1,13.71,Wrong Item
3941,192580,2025-01-23,18572,204,20,1,3.97,Damaged
3942,192592,2025-01-21,16446,684,22,1,121.13,Damaged
3943,192615,2025-01-22,9936,83,28,2,5.25,Quality Issue
3944,192734,2025-01-28,3936,631,26,1,306.89,Quality Issue
3945,192762,2025-01-14,10276,98,29,1,7.41,Late Delivery
3946,192807,2025-01-16,19944,567,16,2,10.68,Late Delivery
3947,192866,2025-01-29,4628,256,26,1,42.88,Not Needed
3948,192870,2025-01-27,3926,337,2,2,44.78,Quality Issue
3949,192908,2025-01-25,23041,11,16,1,35.86,Quality Issue
3950,192938,2025-01-22,14759,134,17,2,28.21,Quality Issue
3951,192940,2025-01-22,4833,167,13,1,30.19,Quality Issue
3952,192949,2025-01-23,19591,154,33,1,14.71,Quality Issue
3953,192954,2025-01-15,7901,501,13,1,33.55,Quality Issue
3954,192972,2025-01-31,3490,223,18,2,7.58,Late Delivery
3955,193160,2025-01-29,10078,482,14,1,9.22,Damaged
3956,193164,2025-01-28,13937,118,31,2,4.21,Damaged
3957,193179,2025-01-31,23817,127,15,1,8.14,Not Needed
3958,193304,2025-02-01,14543,190,10,1,14.52,Quality Issue
3959,193321,2025-01-23,24571,64,19,1,26.92,Not Needed
3960,193449,2025-01-29,23523,18,3,1,3.95,Late Delivery
3961,193483,2025-01-29,14070,16,16,1,12.7,Not Needed
3962,193568,2025-01-30,4830,20,14,2,22.47,Late Delivery
3963,193574,2025-01-22,14811,196,17,1,23.05,Quality Issue
3964,193575,2025-01-22,7420,17,29,1,4.11,Late Delivery
3965,193605,2025-01-20,17186,308,9,2,52.03,Late Delivery
3966,193608,2025-01-29,8548,422,28,1,28.49,Late Delivery
3967,193631,2025-02-01,16757,674,4,1,85.99,Quality Issue
3968,193661,2025-02-03,4613,86,11,1,17.15,Not Needed
3969,193676,2025-01-27,20878,185,7,2,22.12,Not Needed
3970,193679,2025-01-21,7989,203,3,2,2.99,Damaged
3971,193682,2025-02-01,4739,378,31,1,5.53,Damaged
3972,193806,2025-01-30,14241,419,4,1,23.38,Late Delivery
3973,193835,2025-01-23,8114,503,27,2,66.91,Damaged
3974,193843,2025-01-19,9673,571,15,1,18.73,Late Delivery
3975,193913,2025-01-21,23923,442,20,1,4.92,Late Delivery
3976,193962,2025-01-24,10723,506,7,1,6.91,Not Needed
3977,194033,2025-01-27,16773,549,32,1,2.56,Wrong Item
3978,194037,2025-01-15,8013,195,18,1,3.53,Late Delivery
3979,194062,2025-01-15,9865,514,26,2,16.59,Late Delivery
3980,194086,2025-01-27,11172,30,20,1,8.26,Quality Issue
3981,194159,2025-01-27,19728,195,15,1,11.15,Damaged
3982,194212,2025-02-02,9969,85,29,1,18.75,Not Needed
3983,194261,2025-02-01,11017,505,30,1,27.3,Late Delivery
3984,194295,2025-02-04,11550,551,27,2,32.64,Late Delivery
3985,194311,2025-01-22,9569,47,8,2,26.04,Not Needed
3986,194318,2025-01-30,14243,8,28,1,2.42,Damaged
3987,194380,2025-01-17,17557,706,17,1,35.13,Not Needed
3988,194413,2025-01-29,4733,230,16,2,70.76,Quality Issue
3989,194420,2025-01-17,24570,64,22,1,4.7,Not Needed
3990,194603,2025-01-31,6836,204,22,2,4.79,Quality Issue
3991,194644,2025-01-17,13665,433,20,1,57.76,Late Delivery
3992,194686,2025-01-18,9002,355,13,1,25.47,Damaged
3993,194702,2025-01-21,11125,344,29,1,38.7,Not Needed
3994,194708,2025-01-27,18335,171,30,1,8.83,Not Needed
3995,194784,2025-01-20,9594,114,16,1,29.24,Not Needed
3996,194862,2025-01-19,13244,650,7,1,224.65,Late Delivery
3997,194905,2025-01-22,11659,259,25,1,37.4,Not Needed
3998,194957,2025-02-05,11383,488,8,1,20.64,Late Delivery
3999,195032,2025-02-04,23716,376,13,1,15.29,Damaged
4000,195042,2025-01-25,15262,361,1,1,28.99,Quality Issue
4001,195138,2025-01-20,21202,85,18,2,23.39,Damaged
4002,195172,2025-01-27,12150,440,27,1,15.41,Quality Issue
4003,195465,2025-01-21,7793,96,18,2,5.84,Wrong Item
4004,195478,2025-02-05,24206,201,7,1,18.9,Not Needed
4005,195502,2025-01-27,19385,707,18,1,281.73,Not Needed
4006,195514,2025-01-28,6185,203,18,1,2.91,Wrong Item
4007,195585,2025-01-29,1501,69,29,2,7.62,Late Delivery
4008,195588,2025-01-28,17655,193,4,1,10.63,Damaged
4009,195674,2025-02-06,22878,156,34,1,4.28,Late Delivery
4010,195684,2025-01-27,21159,198,21,2,31.87,Wrong Item
4011,195766,2025-01-22,6513,395,28,2,44.23,Quality Issue
4012,195815,2025-01-23,16578,251,9,1,11.56,Not Needed
4013,195847,2025-01-27,17085,637,8,1,170.39,Not Needed
4014,195854,2025-02-07,2155,335,3,2,36.25,Late Delivery
4015,195924,2025-01-31,6626,26,15,2,10.89,Damaged
4016,195962,2025-01-27,15156,186,7,1,4.11,Late Delivery
4017,196000,2025-01-19,15656,538,7,2,29.31,Damaged
4018,196105,2025-02-08,22486,72,13,1,3.37,Damaged
4019,196118,2025-01-23,6439,147,19,1,16.1,Quality Issue
4020,196198,2025-01-21,23202,115,21,2,3.95,Damaged
4021,196275,2025-02-04,24377,248,9,1,23.2,Quality Issue
4022,196317,2025-02-08,23469,62,30,2,36.34,Quality Issue
4023,196442,2025-01-23,1374,519,23,1,10.47,Damaged
4024,196462,2025-02-01,7600,435,29,1,7.61,Quality Issue
4025,196493,2025-01-20,19672,370,7,1,10.93,Late Delivery
4026,196555,2025-01-26,6790,143,19,2,13.77,Damaged
4027,196558,2025-02-07,24823,364,20,1,17.35,Not Needed
4028,196650,2025-01-21,21343,373,14,1,44.04,Quality Issue
4029,196678,2025-02-07,18051,645,14,1,143.63,Quality Issue
4030,196719,2025-01-24,714,186,33,1,9.56,Quality Issue
4031,196725,2025-01-29,12244,292,20,1,16.62,Late Delivery
4032,196751,2025-02-02,20624,562,26,1,13.56,Late Delivery
4033,196764,2025-02-05,10600,447,19,1,27.65,Damaged
4034,196768,2025-02-07,3447,619,32,1,10.97,Damaged
4035,196828,2025-01-28,24952,467,8,1,30.64,Quality Issue
4036,196910,2025-01-26,11705,573,26,1,14.21,Not Needed
4037,196911,2025-02-08,13640,95,19,1,3.61,Damaged
4038,196949,2025-02-08,186,185,30,2,15.56,Quality Issue
4039,196953,2025-02-02,19900,220,9,1,25.05,Damaged
4040,196989,2025-01-24,22460,125,24,1,6.77,Wrong Item
4041,197122,2025-01-24,7421,145,15,2,16.08,Quality Issue
4042,197146,2025-02-08,1494,81,12,1,30.49,Wrong Item
4043,197420,2025-01-24,14774,13,18,2,6.16,Late Delivery
4044,197546,2025-02-05,8651,83,8,2,7.79,Not Needed
4045,197552,2025-01-24,5639,184,27,1,5.28,Not Needed
4046,197639,2025-01-31,11403,189,19,1,19.21,Damaged
4047,197684,2025-02-07,13303,168,10,1,3.86,Not Needed
4048,197715,2025-02-08,10253,461,20,1,32.81,Not Needed
4049,197720,2025-02-03,19563,384,18,1,26.31,Damaged
4050,197727,2025-01-24,2016,504,34,1,29.24,Not Needed
4051,197829,2025-01-25,19887,216,32,2,21.24,Not Needed
4052,197854,2025-02-08,10839,108,15,2,7.99,Not Needed
4053,197932,2025-02-11,2795,70,31,2,5.14,Late Delivery
4054,198017,2025-02-08,11727,307,15,1,10.71,Late Delivery
4055,198050,2025-02-10,12045,242,14,1,30.43,Quality Issue
4056,198090,2025-02-05,4485,334,8,1,67.54,Not Needed
4057,198127,2025-02-10,21959,109,6,1,5.69,Not Needed
4058,198130,2025-02-04,21801,350,22,1,25.9,Not Needed
4059,198234,2025-01-29,16270,45,22,1,4.31,Damaged
4060,198330,2025-02-02,9225,686,28,1,526.83,Damaged
4061,198332,2025-02-02,10387,371,4,1,9.32,Quality Issue
4062,198344,2025-01-25,12645,701,26,1,246.32,Not Needed
4063,198352,2025-02-06,11722,348,15,1,24.97,Late Delivery
4064,198375,2025-02-01,1830,615,9,1,459.95,Wrong Item
4065,198393,2025-02-11,18247,164,27,2,4.84,Damaged
4066,198442,2025-02-04,2043,182,17,1,13.46,Late Delivery
4067,198462,2025-02-09,5521,23,26,1,32.54,Not Needed
4068,198481,2025-02-09,9226,149,34,2,13.87,Quality Issue
4069,198490,2025-02-11,12582,218,31,2,6.25,Not Needed
4070,198528,2025-01-30,24135,659,12,1,238.15,Not Needed
4071,198587,2025-01-31,22514,489,23,2,31.97,Quality Issue
4072,198610,2025-01-28,15808,57,3,1,1.59,Late Delivery
4073,198640,2025-01-30,8994,60,23,1,29.51,Damaged
4074,198793,2025-02-14,11110,122,32,2,6.97,Not Needed
4075,198829,2025-01-30,16827,618,17,1,325.92,Damaged
4076,198856,2025-02-09,24427,340,18,1,17.55,Damaged
4077,198861,2025-02-14,4804,452,30,2,18.51,Damaged
4078,198868,2025-02-05,5675,34,9,1,4.17,Late Delivery
4079,198978,2025-02-03,24477,554,8,1,4.72,Not Needed
4080,198982,2025-02-08,13665,532,5,1,60.38,Wrong Item
4081,199065,2025-02-14,10886,270,33,1,13.35,Late Delivery
4082,199068,2025-01-30,895,413,30,1,6.03,Not Needed
4083,199077,2025-01-28,315,300,30,1,14.71,Quality Issue
4084,199094,2025-02-10,6985,54,28,1,8.75,Damaged
4085,199144,2025-02-04,9229,389,14,1,9.15,Late Delivery
4086,199213,2025-02-12,6413,209,17,2,27.89,Quality Issue
4087,199233,2025-02-08,6962,41,4,1,14.39,Not Needed
4088,199280,2025-02-06,14434,180,5,1,8.43,Not Needed
4089,199299,2025-02-07,868,106,5,2,6.91,Not Needed
4090,199307,2025-01-31,20026,293,28,1,13.54,Not Needed
4091,199347,2025-02-12,21999,334,2,2,26.63,Quality Issue
4092,199350,2025-02-10,8851,46,32,2,11.01,Damaged
4093,199394,2025-01-30,13858,669,24,1,52.8,Damaged
4094,199557,2025-02-13,19456,3,9,2,5.62,Late Delivery
4095,199584,2025-02-10,19490,123,15,2,32.73,Late Delivery
4096,199619,2025-02-12,9703,539,13,1,5.98,Wrong Item
4097,199625,2025-02-01,19529,21,11,1,4.36,Late Delivery
4098,199636,2025-02-13,16298,98,26,1,4.93,Damaged
4099,199643,2025-02-10,7774,57,20,1,5.07,Late Delivery
4100,199675,2025-02-04,24473,563,29,2,72.61,Quality Issue
4101,199692,2025-02-04,11105,418,30,1,34.31,Late Delivery
4102,199715,2025-02-02,17972,28,1,1,3.37,Damaged
4103,199746,2025-02-13,22939,353,7,2,69.87,Not Needed
4104,199813,2025-02-15,13153,156,14,2,2.93,Late Delivery
4105,199816,2025-02-15,4557,69,27,2,18.49,Damaged
4106,199913,2025-01-29,11639,198,28,1,6.31,Late Delivery
4107,199967,2025-02-06,12617,190,22,1,12.64,Quality Issue
4108,199997,2025-02-11,14503,209,13,1,20.33,Wrong Item
4109,200011,2025-02-09,847,4,24,1,19.05,Quality Issue
4110,200023,2025-02-02,4710,152,29,2,18.28,Not Needed
4111,200172,2025-02-06,6331,374,5,1,12.61,Late Delivery
4112,200182,2025-02-09,6252,180,17,2,9.84,Not Needed
4113,200340,2025-02-17,13108,87,15,1,0.96,Wrong Item
4114,200361,2025-02-01,20583,379,17,1,15.53,Late Delivery
4115,200381,2025-02-05,379,210,31,2,24.38,Not Needed
4116,200399,2025-02-04,9095,660,5,1,264.04,Quality Issue
4117,200574,2025-02-01,21898,349,6,1,21.08,Not Needed
4118,200578,2025-02-17,22762,411,7,1,5.41,Wrong Item
4119,200592,2025-02-08,24607,557,34,2,9.05,Late Delivery
4120,200626,2025-01-31,4051,458,10,1,22.1,Late Delivery
4121,200631,2025-02-08,2772,292,1,1,9.26,Late Delivery
4122,200633,2025-02-12,2922,166,3,2,6.69,Not Needed
4123,200646,2025-02-12,9123,357,11,2,12.92,Late Delivery
4124,200652,2025-02-03,20117,671,24,1,78.03,Not Needed
4125,200687,2025-02-02,3399,501,17,1,43.81,Damaged
4126,200837,2025-01-30,15922,615,14,1,240.09,Not Needed
4127,200944,2025-02-18,11463,458,29,1,14.68,Not Needed
4128,200979,2025-02-05,6422,555,27,1,20.74,Not Needed
4129,201001,2025-01-31,19651,39,2,2,8.26,Not Needed
4130,201081,2025-02-06,9480,39,2,2,3.1,Wrong Item
4131,201139,2025-02-02,3190,260,20,1,6.93,Quality Issue
4132,201171,2025-01-31,4247,360,4,1,9.83,Late Delivery
4133,201186,2025-02-12,23815,217,20,2,27.21,Not Needed
4134,201229,2025-02-15,19082,89,18,2,23.89,Not Needed
4135,201264,2025-02-10,9646,133,16,1,8.95,Quality Issue
4136,201274,2025-02-07,10761,501,14,2,73.16,Damaged
4137,201317,2025-02-01,2740,188,3,1,6.68,Wrong Item
4138,201410,2025-02-12,4637,52,9,2,1.45,Wrong Item
4139,201428,2025-01-31,22522,627,21,2,445.76,Not Needed
4140,201455,2025-02-08,23369,30,33,1,1.89,Not Needed
4141,201525,2025-02-10,1330,396,20,1,13.77,Quality Issue
4142,201629,2025-02-20,17754,185,16,1,6.06,Late Delivery
4143,201667,2025-02-15,4971,60,21,2,14.1,Not Needed
4144,201775,2025-02-06,4219,612,1,1,275.9,Not Needed
4145,201894,2025-02-15,7255,412,14,1,13.14,Damaged
4146,201933,2025-02-06,10231,201,10,1,3.21,Not Needed
4147,202009,2025-02-10,12782,411,21,1,3.2,Damaged
4148,202139,2025-02-17,21373,291,8,2,38.24,Damaged
4149,202234,2025-02-19,2344,214,24,2,32.98,Late Delivery
4150,202305,2025-02-21,3501,319,27,2,4.47,Not Needed
4151,202338,2025-02-03,11209,584,14,1,10.37,Quality Issue
4152,202480,2025-02-04,11833,43,13,1,11.03,Wrong Item
4153,202518,2025-02-13,6582,522,12,1,19.33,Not Needed
4154,202594,2025-02-03,16547,49,29,2,13.38,Damaged
4155,202604,2025-02-04,186,395,17,2,38.45,Damaged
4156,202630,2025-02-21,10059,643,11,1,202.56,Wrong Item
4157,202697,2025-02-11,24097,157,9,1,4.25,Quality Issue
4158,202711,2025-02-22,11489,76,3,2,31.22,Not Needed
4159,202772,2025-02-05,17066,41,14,2,27.02,Quality Issue
4160,202779,2025-02-10,2897,87,5,1,0.66,Quality Issue
4161,202789,2025-02-15,9311,195,21,1,4.55,Quality Issue
4162,202854,2025-02-10,17377,237,9,2,52.65,Quality Issue
4163,202947,2025-02-21,21836,564,17,1,2.46,Quality Issue
4164,202960,2025-02-19,21055,568,33,1,7.4,Late Delivery
4165,203012,2025-02-16,9948,472,19,1,7.12,Not Needed
4166,203076,2025-02-08,22071,263,13,1,69.89,Wrong Item
4167,203114,2025-02-09,9510,701,22,1,345.12,Quality Issue
4168,203172,2025-02-04,2437,235,10,1,17.59,Not Needed
4169,203207,2025-02-12,12854,62,20,1,26.13,Quality Issue
4170,203216,2025-02-20,7556,112,24,1,5.64,Wrong Item
4171,203317,2025-02-07,11848,422,18,1,9.19,Quality Issue
4172,203366,2025-02-07,8753,155,15,1,5.23,Wrong Item
4173,203507,2025-02-20,6423,237,19,1,18.6,Quality Issue
4174,203713,2025-02-20,18314,513,31,2,30.88,Not Needed
4175,203762,2025-02-09,3342,1,19,1,1.24,Damaged
4176,203768,2025-02-12,20947,131,9,1,5.55,Late Delivery
4177,203914,2025-02-10,24193,157,24,1,8.87,Wrong Item
4178,203918,2025-02-22,21466,181,21,1,3.94,Not Needed
4179,203925,2025-02-12,7269,203,20,2,5.04,Not Needed
4180,203990,2025-02-05,9461,175,8,1,2.19,Damaged
4181,204085,2025-02-16,20880,183,15,2,11.54,Damaged
4182,204088,2025-02-07,13358,303,6,1,22.13,Wrong Item
4183,204129,2025-02-10,2478,665,10,1,375.94,Wrong Item
4184,204152,2025-02-14,7516,436,6,1,7.16,Quality Issue
4185,204175,2025-02-10,16338,214,18,2,17.99,Quality Issue
4186,204188,2025-02-25,4601,533,14,1,11.5,Quality Issue
4187,204222,2025-02-12,3840,518,16,1,3.59,Damaged
4188,204362,2025-02-11,5235,670,13,1,371.9,Damaged
4189,204371,2025-02-22,12318,50,14,1,10.83,Wrong Item
4190,204416,2025-02-06,7375,499,14,1,8.33,Damaged
4191,204480,2025-02-15,12161,637,16,1,267.05,Not Needed
4192,204665,2025-02-22,23291,58,16,1,3.0,Wrong Item
4193,204680,2025-02-10,20388,54,28,2,11.31,Late Delivery
4194,204693,2025-02-18,17231,212,21,1,2.65,Not Needed
4195,204720,2025-02-18,23323,427,17,1,5.9,Late Delivery
4196,204807,2025-02-21,10838,112,9,2,14.96,Damaged
4197,204809,2025-02-26,23761,362,8,1,31.51,Damaged
4198,204848,2025-02-09,5213,28,21,1,5.13,Late Delivery
4199,204948,2025-02-19,4291,93,14,1,13.39,Late Delivery
4200,205101,2025-02-15,10234,466,21,1,20.66,Damaged
4201,205150,2025-02-27,12355,115,17,1,20.19,Wrong Item
4202,205212,2025-02-12,19247,693,23,1,293.79,Not Needed
4203,205278,2025-02-09,24657,336,10,1,5.49,Not Needed
4204,205300,2025-02-09,23950,487,2,1,3.43,Wrong Item
4205,205313,2025-02-12,5973,2,21,2,22.87,Wrong Item
4206,205452,2025-02-09,9474,453,9,1,29.53,Quality Issue
4207,205549,2025-02-13,14510,484,14,2,56.51,Not Needed
4208,205551,2025-02-22,23827,412,18,1,24.42,Quality Issue
4209,205599,2025-02-27,23459,619,11,1,14.42,Late Delivery
4210,205647,2025-02-22,2042,90,11,1,10.13,Not Needed
4211,205665,2025-02-27,939,35,29,2,9.96,Quality Issue
4212,205696,2025-02-18,18210,582,26,1,8.3,Not Needed
4213,205828,2025-02-23,5484,449,34,1,21.54,Quality Issue
4214,205866,2025-02-16,8340,80,17,1,5.24,Late Delivery
4215,205897,2025-02-19,4597,104,15,2,32.75,Damaged
4216,205985,2025-02-27,23828,140,8,2,17.63,Not Needed
4217,205995,2025-02-19,18491,358,25,1,5.51,Not Needed
4218,206045,2025-02-25,4386,360,6,1,6.66,Not Needed
4219,206146,2025-02-14,10081,558,21,1,14.41,Late Delivery
4220,206163,2025-02-10,8913,66,28,2,6.02,Damaged
4221,206227,2025-02-15,8596,412,11,2,51.21,Not Needed
4222,206233,2025-03-01,161,113,9,1,26.67,Late Delivery
4223,206307,2025-03-01,18225,346,32,1,7.29,Wrong Item
4224,206311,2025-02-16,20135,103,9,1,5.7,Not Needed
4225,206378,2025-02-20,23498,581,30,1,2.23,Not Needed
4226,206482,2025-02-21,11285,93,10,1,7.32,Not Needed
4227,206572,2025-03-01,24654,296,20,2,42.03,Late Delivery
4228,206591,2025-02-27,3080,414,5,2,49.54,Quality Issue
4229,206607,2025-02-25,5354,268,10,1,26.81,Not Needed
4230,206647,2025-02-25,23613,32,3,1,10.88,Late Delivery
4231,206650,2025-02-24,9172,577,13,2,11.88,Wrong Item
4232,206654,2025-02-14,18052,261,6,2,53.43,Damaged
4233,206683,2025-02-11,17186,188,6,2,13.98,Late Delivery
4234,206688,2025-02-23,18097,702,6,1,152.65,Damaged
4235,206756,2025-02-12,13376,352,21,1,22.62,Late Delivery
4236,206793,2025-02-25,11816,160,27,2,33.16,Not Needed
4237,206891,2025-02-16,14826,165,9,2,36.3,Not Needed
4238,207005,2025-02-15,12161,319,20,1,3.79,Not Needed
4239,207026,2025-03-01,1679,176,19,1,5.57,Late Delivery
4240,207039,2025-02-18,19882,162,9,1,26.65,Quality Issue
4241,207055,2025-02-18,24113,258,19,1,5.74,Quality Issue
4242,207056,2025-02-16,20816,584,5,2,69.37,Wrong Item
4243,207165,2025-02-26,22791,526,12,1,16.15,Quality Issue
4244,207173,2025-02-18,3518,169,30,1,23.31,Not Needed
4245,207251,2025-02-14,11121,14,34,1,2.76,Not Needed
4246,207289,2025-02-18,11164,118,28,1,1.78,Damaged
4247,207333,2025-02-28,23809,282,16,1,7.03,Damaged
4248,207349,2025-02-15,13016,712,27,1,357.69,Quality Issue
4249,207458,2025-03-02,2064,207,25,1,8.51,Not Needed
4250,207476,2025-02-26,424,530,16,1,43.99,Late Delivery
4251,207498,2025-03-03,8889,135,30,1,16.36,Late Delivery
4252,207631,2025-03-04,5167,528,9,1,17.02,Not Needed
4253,207688,2025-02-15,22788,161,9,1,8.04,Damaged
4254,207791,2025-03-02,5347,228,25,1,35.44,Not Needed
4255,207793,2025-03-01,8852,247,18,1,28.69,Quality Issue
4256,207797,2025-02-16,24532,228,1,2,109.74,Wrong Item
4257,207813,2025-02-22,3447,251,3,1,76.6,Quality Issue
4258,207830,2025-03-02,5669,104,8,2,19.78,Not Needed
4259,207837,2025-03-03,24067,295,6,2,66.25,Quality Issue
4260,207887,2025-03-04,13146,74,26,2,7.09,Quality Issue
4261,208013,2025-02-15,7965,441,18,1,23.48,Damaged
4262,208111,2025-02-17,3093,151,19,2,31.75,Not Needed
4263,208166,2025-02-24,21261,1,25,2,1.02,Not Needed
4264,208312,2025-03-01,5436,205,26,2,4.09,Not Needed
4265,208315,2025-02-28,19921,114,17,1,18.22,Damaged
4266,208352,2025-03-01,3045,370,29,1,14.9,Damaged
4267,208354,2025-03-02,14502,151,32,2,6.17,Not Needed
4268,208480,2025-02-23,22955,275,14,1,16.16,Late Delivery
4269,208521,2025-03-05,8693,83,33,1,3.21,Damaged
4270,208693,2025-02-28,8320,105,21,1,8.53,Late Delivery
4271,208705,2025-02-19,4228,176,10,1,6.4,Wrong Item
4272,208710,2025-02-26,24558,263,34,2,32.6,Not Needed
4273,208719,2025-02-27,7071,178,4,2,22.92,Not Needed
4274,208752,2025-03-02,7038,656,26,2,375.05,Quality Issue
4275,208769,2025-03-03,3876,620,29,1,24.92,Not Needed
4276,208865,2025-03-06,21841,40,34,1,8.04,Damaged
4277,208967,2025-03-01,11738,55,12,1,4.43,Quality Issue
4278,209013,2025-02-20,9189,33,15,1,7.36,Not Needed
4279,209065,2025-02-24,21452,31,33,2,2.25,Not Needed
4280,209184,2025-02-27,20216,147,18,2,17.02,Damaged
4281,209192,2025-03-01,19362,111,27,1,10.83,Quality Issue
4282,209258,2025-02-18,24251,168,21,1,2.97,Not Needed
4283,209417,2025-02-27,16089,331,32,1,30.9,Damaged
4284,209487,2025-03-04,22826,289,23,1,8.23,Not Needed
4285,209647,2025-03-01,11386,585,17,2,9.71,Not Needed
4286,209733,2025-02-26,18220,104,20,1,26.49,Not Needed
4287,209813,2025-03-08,21630,82,29,2,2.7,Not Needed
4288,209835,2025-02-17,20105,320,9,2,36.72,Late Delivery
4289,209913,2025-02-27,12952,165,15,1,21.35,Not Needed
4290,209978,2025-02-26,21007,541,32,2,91.39,Wrong Item
4291,210010,2025-03-04,3094,650,5,2,428.09,Damaged
4292,210087,2025-02-25,9456,252,1,1,9.51,Quality Issue
4293,210146,2025-02-22,20855,635,31,1,561.71,Quality Issue
4294,210199,2025-03-02,15883,204,15,1,3.34,Late Delivery
4295,210224,2025-03-06,6715,631,15,1,402.91,Wrong Item
4296,210242,2025-03-07,10524,408,3,1,22.96,Late Delivery
4297,210251,2025-03-09,17669,509,33,1,19.74,Wrong Item
4298,210301,2025-03-01,23247,470,8,2,58.71,Not Needed
4299,210304,2025-03-06,3461,632,23,1,463.56,Late Delivery
4300,210313,2025-03-02,9005,158,32,1,14.1,Late Delivery
4301,210336,2025-03-06,14946,254,32,1,61.23,Wrong Item
4302,210467,2025-02-20,20095,648,16,1,103.02,Late Delivery
4303,210468,2025-03-07,3853,54,11,2,11.25,Quality Issue
4304,210505,2025-03-02,14553,366,30,1,3.99,Wrong Item
4305,210512,2025-03-03,13557,379,15,2,25.77,Wrong Item
4306,210552,2025-02-22,17720,45,25,2,8.7,Late Delivery
4307,210594,2025-03-09,15619,55,26,2,10.61,Not Needed
4308,210638,2025-02-24,20922,265,20,2,40.53,Late Delivery
4309,210687,2025-03-08,5333,355,18,1,24.42,Quality Issue
4310,210704,2025-02-27,2044,637,21,1,604.02,Not Needed
4311,210711,2025-03-05,2803,598,24,1,430.86,Damaged
4312,210769,2025-03-02,14603,427,22,1,1.95,Not Needed
4313,210770,2025-02-26,12116,658,23,1,302.66,Not Needed
4314,210818,2025-03-10,727,402,34,2,68.24,Late Delivery
4315,210819,2025-02-28,2081,18,13,1,3.11,Late Delivery
4316,210918,2025-02-28,11397,195,2,2,9.91,Late Delivery
4317,210934,2025-02-19,17027,459,27,1,21.73,Late Delivery
4318,210979,2025-02-19,24024,437,29,1,22.52,Quality Issue
4319,211035,2025-02-28,1123,15,5,2,10.28,Not Needed
4320,211085,2025-02-28,10761,485,17,2,42.37,Late Delivery
4321,211092,2025-03-03,9633,611,23,1,22.1,Late Delivery
4322,211177,2025-02-27,18665,181,33,1,4.05,Not Needed
4323,211180,2025-03-05,8567,78,23,2,18.72,Damaged
4324,211185,2025-02-25,23031,25,14,2,36.18,Quality Issue
4325,211270,2025-03-02,9091,502,32,1,10.09,Wrong Item
4326,211294,2025-03-09,8131,180,21,1,1.01,Not Needed
4327,211334,2025-03-01,9069,391,18,1,3.95,Late Delivery
4328,211335,2025-02-27,6867,567,33,1,4.08,Late Delivery
4329,211357,2025-02-22,21526,433,16,1,23.96,Late Delivery
4330,211363,2025-02-20,3641,423,28,1,12.63,Not Needed
4331,211394,2025-03-11,10037,382,2,2,12.01,Late Delivery
4332,211464,2025-03-07,8358,120,16,2,30.02,Damaged
4333,211484,2025-03-10,9370,247,8,1,38.2,Damaged
4334,211661,2025-03-11,2936,112,7,2,8.52,Wrong Item
4335,211755,2025-03-10,19343,256,34,1,37.46,Damaged
4336,211858,2025-03-10,9266,622,9,1,100.38,Wrong Item
4337,211863,2025-03-08,15216,375,1,1,49.89,Late Delivery
4338,211900,2025-03-06,18471,545,30,1,7.66,Not Needed
4339,211909,2025-02-24,21595,56,14,1,15.69,Damaged
4340,211973,2025-03-03,23029,162,32,1,9.2,Not Needed
4341,212004,2025-03-01,6200,395,30,1,11.01,Wrong Item
4342,212057,2025-03-11,22104,455,4,1,9.15,Late Delivery
4343,212085,2025-02-25,8935,551,14,1,9.76,Wrong Item
4344,212135,2025-03-10,10415,316,2,2,14.61,Quality Issue
4345,212159,2025-02-28,16275,54,25,1,5.65,Late Delivery
4346,212163,2025-03-06,15878,1,9,1,3.98,Quality Issue
4347,212280,2025-03-03,315,79,16,2,13.26,Not Needed
4348,212380,2025-03-02,13560,720,9,2,90.77,Late Delivery
4349,212412,2025-02-27,15146,393,4,1,47.79,Not Needed
4350,212443,2025-03-07,12244,207,17,2,17.83,Not Needed
4351,212519,2025-03-01,22300,35,11,1,29.17,Late Delivery
4352,212522,2025-02-23,19005,78,26,2,18.98,Late Delivery
4353,212658,2025-03-11,4234,243,34,1,81.52,Not Needed
4354,212692,2025-03-07,5205,438,21,2,15.36,Wrong Item
4355,212755,2025-03-06,3219,556,23,1,18.28,Quality Issue
4356,212795,2025-03-12,3418,98,6,1,1.49,Late Delivery
4357,212824,2025-03-08,835,241,23,1,30.72,Late Delivery
4358,212859,2025-03-03,9757,288,10,2,58.82,Not Needed
4359,212877,2025-03-14,7168,216,16,2,24.67,Not Needed
4360,212891,2025-03-14,1791,618,13,1,323.98,Not Needed
4361,212906,2025-02-25,1627,93,23,1,5.26,Not Needed
4362,212910,2025-02-27,16501,39,13,1,0.98,Late Delivery
4363,212923,2025-02-23,9415,8,17,1,1.72,Wrong Item
4364,212951,2025-03-09,16951,392,27,2,39.8,Not Needed
4365,212964,2025-03-08,5143,471,29,1,22.56,Damaged
4366,213011,2025-03-03,6607,48,6,1,0.65,Damaged
4367,213058,2025-03-01,9418,23,28,1,11.81,Not Needed
4368,213072,2025-02-25,11798,13,21,2,4.83,Quality Issue
4369,213101,2025-03-04,22321,228,26,1,78.42,Quality Issue
4370,213140,2025-03-15,21473,47,5,1,22.28,Damaged
4371,213203,2025-03-07,20639,34,17,2,13.13,Wrong Item
4372,213553,2025-02-26,2988,479,24,1,26.54,Wrong Item
4373,213599,2025-03-12,2472,602,32,1,84.82,Not Needed
4374,213624,2025-03-12,17687,366,11,1,2.07,Not Needed
4375,213695,2025-02-28,24013,334,3,1,13.3,Damaged
4376,213716,2025-02-28,3430,444,8,2,15.1,Quality Issue
4377,213741,2025-03-04,19697,64,5,2,33.27,Late Delivery
4378,213768,2025-03-06,21661,499,8,2,17.57,Late Delivery
4379,213781,2025-03-07,7824,122,6,1,2.35,Damaged
4380,213809,2025-03-08,5840,545,21,2,15.35,Late Delivery
4381,213879,2025-03-08,11135,504,16,1,27.42,Quality Issue
4382,213902,2025-03-09,12760,158,6,1,5.41,Quality Issue
4383,213905,2025-03-14,896,662,32,1,16.87,Not Needed
4384,213950,2025-03-09,23597,101,9,2,21.15,Wrong Item
4385,213999,2025-03-08,13386,332,18,1,13.55,Quality Issue
4386,214023,2025-03-14,11318,362,26,1,59.12,Damaged
4387,214067,2025-03-14,7475,696,22,1,330.02,Not Needed
4388,214080,2025-03-16,11467,534,6,1,7.49,Late Delivery
4389,214126,2025-03-15,1186,76,13,2,10.51,Late Delivery
4390,214263,2025-02-27,18425,454,14,1,8.35,Not Needed
4391,214339,2025-03-14,24214,56,17,1,18.7,Damaged
4392,214401,2025-03-17,17951,686,8,1,427.82,Not Needed
4393,214428,2025-03-01,2687,179,17,2,13.51,Wrong Item
4394,214480,2025-03-07,406,364,17,1,15.65,Not Needed
4395,214509,2025-03-01,12644,45,28,2,39.82,Not Needed
4396,214650,2025-03-14,2498,451,27,2,49.74,Not Needed
4397,214697,2025-03-05,3215,118,1,1,2.68,Not Needed
4398,214950,2025-03-08,1162,342,16,1,9.64,Damaged
4399,214967,2025-03-17,8178,431,2,1,13.37,Not Needed
4400,214990,2025-03-05,6448,73,34,2,11.93,Wrong Item
4401,214996,2025-03-13,3548,452,15,1,9.64,Not Needed
4402,215115,2025-03-16,7740,164,20,1,3.31,Damaged
4403,215291,2025-03-17,17059,59,8,1,6.08,Not Needed
4404,215337,2025-03-01,14581,617,16,1,319.73,Damaged
4405,215391,2025-03-05,2613,312,11,1,33.57,Quality Issue
4406,215423,2025-03-09,3883,462,7,1,32.43,Late Delivery
4407,215463,2025-03-15,11335,313,33,1,2.97,Quality Issue
4408,215464,2025-03-10,7577,463,10,1,13.83,Damaged
4409,215481,2025-03-11,3003,490,13,1,22.71,Late Delivery
4410,215548,2025-03-02,8761,488,21,2,17.55,Quality Issue
4411,215605,2025-03-14,983,245,9,1,9.01,Late Delivery
4412,215634,2025-03-09,8527,392,22,1,30.84,Late Delivery
4413,215656,2025-03-20,4584,91,26,2,10.57,Not Needed
4414,215683,2025-03-05,12135,455,24,1,12.22,Not Needed
4415,215779,2025-03-07,23561,200,15,2,12.45,Not Needed
4416,215783,2025-03-16,21275,290,28,2,50.29,Not Needed
4417,215801,2025-03-19,1857,178,33,1,6.07,Late Delivery
4418,215829,2025-03-05,19598,357,7,1,8.13,Not Needed
4419,215833,2025-03-16,4619,500,8,1,13.6,Not Needed
4420,215872,2025-03-03,6355,30,30,1,7.35,Not Needed
4421,215886,2025-03-03,12748,352,22,1,7.04,Not Needed
4422,215941,2025-03-20,23597,92,15,2,2.0,Quality Issue
4423,216041,2025-03-16,9197,316,27,1,20.04,Wrong Item
4424,216051,2025-03-11,10394,433,18,2,41.44,Quality Issue
4425,216072,2025-03-10,6393,373,1,1,43.33,Late Delivery
4426,216095,2025-03-19,5322,48,25,1,5.45,Not Needed
4427,216100,2025-03-03,9638,697,22,1,446.12,Not Needed
4428,216104,2025-03-13,5388,178,24,2,23.97,Late Delivery
4429,216134,2025-03-03,3645,51,33,1,14.05,Not Needed
4430,216154,2025-03-05,5006,331,21,2,90.18,Damaged
4431,216160,2025-03-12,8515,511,29,1,27.88,Quality Issue
4432,216180,2025-03-18,8693,200,8,1,11.64,Damaged
4433,216235,2025-03-07,15964,276,15,1,18.53,Quality Issue
4434,216257,2025-03-03,19673,451,9,2,49.5,Damaged
4435,216339,2025-03-05,18541,329,19,2,22.37,Late Delivery
4436,216379,2025-03-22,2374,442,33,1,6.22,Not Needed
4437,216483,2025-03-03,5105,80,8,1,15.49,Quality Issue
4438,216521,2025-03-18,9740,10,22,1,2.98,Late Delivery
4439,216570,2025-03-12,22977,435,33,2,16.71,Quality Issue
4440,216613,2025-03-11,1152,218,33,1,21.95,Not Needed
4441,216647,2025-03-09,872,261,9,2,24.75,Late Delivery
4442,216651,2025-03-22,17507,1,13,1,0.62,Quality Issue
4443,216682,2025-03-15,10465,87,9,2,1.23,Damaged
4444,216718,2025-03-19,24564,202,2,1,36.05,Not Needed
4445,216810,2025-03-22,19640,255,6,1,22.93,Quality Issue
4446,216852,2025-03-22,23271,54,26,2,14.17,Damaged
4447,216876,2025-03-11,8060,701,14,1,943.21,Late Delivery
4448,217039,2025-03-17,11015,39,29,1,1.79,Late Delivery
4449,217052,2025-03-19,10076,173,31,1,45.88,Not Needed
4450,217082,2025-03-19,21373,128,17,2,23.79,Quality Issue
4451,217136,2025-03-22,6018,192,17,1,8.72,Damaged
4452,217268,2025-03-12,13219,370,2,2,51.25,Damaged
4453,217301,2025-03-13,4641,595,26,1,474.95,Quality Issue
4454,217360,2025-03-06,5989,499,3,1,23.63,Quality Issue
4455,217397,2025-03-23,24204,357,33,1,21.63,Not Needed
4456,217410,2025-03-17,21668,213,11,1,28.42,Not Needed
4457,217466,2025-03-06,13707,158,20,2,11.12,Late Delivery
4458,217531,2025-03-09,11665,300,32,1,22.77,Not Needed
4459,217549,2025-03-11,15241,570,22,1,9.27,Quality Issue
4460,217631,2025-03-16,5067,62,3,1,7.38,Quality Issue
4461,217712,2025-03-05,19536,438,4,1,19.91,Quality Issue
4462,217725,2025-03-14,22666,153,8,1,27.61,Quality Issue
4463,217760,2025-03-17,10116,78,5,1,6.99,Damaged
4464,217845,2025-03-17,7686,524,32,1,16.88,Wrong Item
4465,217895,2025-03-06,17436,163,22,1,4.14,Quality Issue
4466,217963,2025-03-06,1857,40,29,2,28.21,Quality Issue
4467,218086,2025-03-06,978,44,10,1,19.62,Late Delivery
4468,218093,2025-03-20,13974,405,7,1,18.78,Not Needed
4469,218135,2025-03-17,3373,81,14,2,42.27,Not Needed
4470,218246,2025-03-15,11695,648,33,1,129.83,Late Delivery
4471,218253,2025-03-20,22050,709,14,1,175.48,Late Delivery
4472,218356,2025-03-20,7078,38,21,1,2.16,Not Needed
4473,218486,2025-03-11,332,190,34,2,12.99,Late Delivery
4474,218494,2025-03-10,940,200,26,1,20.29,Not Needed
4475,218505,2025-03-17,17510,428,29,2,26.56,Wrong Item
4476,218560,2025-03-16,6082,21,26,2,5.08,Not Needed
4477,218568,2025-03-15,3972,159,15,2,13.52,Quality Issue
4478,218600,2025-03-17,17469,251,21,2,24.74,Not Needed
4479,218609,2025-03-25,11273,492,32,2,25.77,Quality Issue
4480,218712,2025-03-09,402,330,29,1,26.16,Wrong Item
4481,218751,2025-03-19,17336,46,14,1,11.7,Late Delivery
4482,218755,2025-03-23,17197,402,8,1,10.22,Late Delivery
4483,218865,2025-03-25,15135,279,11,1,43.85,Not Needed
4484,218866,2025-03-21,22061,173,17,2,35.59,Damaged
4485,218893,2025-03-15,23013,220,11,1,12.07,Late Delivery
4486,218904,2025-03-15,24678,607,34,1,29.18,Damaged
4487,218994,2025-03-10,20319,253,33,1,81.57,Quality Issue
4488,219029,2025-03-24,8600,565,21,1,27.27,Damaged
4489,219123,2025-03-23,24008,552,17,1,38.92,Quality Issue
4490,219202,2025-03-19,10801,177,4,1,27.98,Damaged
4491,219217,2025-03-19,23067,238,15,1,15.97,Quality Issue
4492,219262,2025-03-27,23403,175,13,1,1.83,Late Delivery
4493,219293,2025-03-25,7969,22,26,1,19.74,Quality Issue
4494,219301,2025-03-12,10813,416,29,1,6.67,Late Delivery
4495,219309,2025-03-14,18962,208,29,1,18.8,Not Needed
4496,219347,2025-03-17,4431,307,10,1,4.61,Quality Issue
4497,219406,2025-03-16,6578,126,31,2,6.57,Quality Issue
4498,219430,2025-03-10,12652,85,32,1,3.64,Wrong Item
4499,219451,2025-03-17,12832,150,24,2,6.41,Not Needed
4500,219464,2025-03-21,21829,685,26,1,198.9,Late Delivery
4501,219530,2025-03-20,19320,636,34,2,522.78,Damaged
4502,219572,2025-03-12,21807,19,1,2,9.77,Not Needed
4503,219635,2025-03-10,90,45,25,1,22.06,Not Needed
4504,219742,2025-03-11,24759,492,33,2,39.97,Not Needed
4505,219748,2025-03-19,9824,115,4,1,12.41,Damaged
4506,219840,2025-03-28,5757,29,33,1,28.49,Quality Issue
4507,219904,2025-03-23,20745,77,2,1,11.5,Late Delivery
4508,220057,2025-03-11,1223,11,15,1,3.95,Late Delivery
4509,220069,2025-03-20,10919,681,26,1,111.36,Not Needed
4510,220101,2025-03-18,19523,35,23,2,22.01,Wrong Item
4511,220130,2025-03-17,2092,13,22,2,4.37,Damaged
4512,220141,2025-03-23,18033,136,2,1,20.1,Not Needed
4513,220154,2025-03-27,21987,416,11,1,7.93,Late Delivery
4514,220227,2025-03-25,4372,96,9,1,2.71,Damaged
4515,220396,2025-03-29,1324,673,15,1,111.93,Damaged
4516,220419,2025-03-27,1235,271,26,1,8.08,Damaged
4517,220512,2025-03-13,1385,653,10,2,501.85,Wrong Item
4518,220645,2025-03-16,12163,177,21,1,9.45,Quality Issue
4519,220698,2025-03-25,9371,40,21,1,30.42,Quality Issue
4520,220713,2025-03-24,24357,192,28,1,6.25,Damaged
4521,220770,2025-03-21,12097,495,14,1,24.71,Quality Issue
4522,220783,2025-03-14,20047,656,13,2,514.64,Not Needed
4523,220833,2025-03-21,267,187,21,1,10.7,Damaged
4524,220903,2025-03-12,9352,105,14,1,27.97,Quality Issue
4525,220951,2025-03-15,5026,177,5,1,5.13,Late Delivery
4526,220994,2025-03-16,4456,702,17,1,142.85,Damaged
4527,221050,2025-03-18,2063,107,14,1,1.26,Wrong Item
4528,221099,2025-03-22,110,652,11,1,218.68,Not Needed
4529,221187,2025-03-19,9607,6,9,1,2.0,Wrong Item
4530,221303,2025-03-15,13255,177,15,2,32.05,Wrong Item
4531,221333,2025-03-24,13359,199,9,1,5.9,Damaged
4532,221336,2025-03-17,18135,448,17,2,84.45,Not Needed
4533,221387,2025-03-18,11741,36,4,2,5.67,Late Delivery
4534,221401,2025-03-24,21425,429,13,2,7.63,Quality Issue
4535,221440,2025-03-23,9379,220,9,1,22.73,Damaged
4536,221481,2025-03-26,15530,352,17,2,29.27,Not Needed
4537,221503,2025-03-27,24659,265,29,1,13.4,Not Needed
4538,221516,2025-03-14,16423,18,22,2,4.46,Wrong Item
4539,221540,2025-03-13,9853,498,21,1,14.13,Not Needed
4540,221589,2025-03-28,7586,198,31,1,40.19,Quality Issue
4541,221607,2025-03-31,17546,519,26,1,11.59,Quality Issue
4542,221645,2025-03-13,12717,63,23,1,9.74,Quality Issue
4543,221731,2025-03-16,1077,105,11,1,4.43,Quality Issue
4544,221742,2025-03-30,22196,358,24,1,5.22,Not Needed
4545,221788,2025-03-16,11216,471,33,1,13.1,Quality Issue
4546,221815,2025-03-21,14056,246,18,1,20.11,Damaged
4547,221834,2025-03-15,21743,409,13,1,9.8,Quality Issue
4548,221926,2025-03-30,18011,36,17,2,8.37,Not Needed
4549,221994,2025-03-14,18082,543,25,1,9.59,Not Needed
4550,222015,2025-03-20,23646,530,23,1,30.74,Quality Issue
4551,222122,2025-03-29,23894,168,3,1,13.14,Not Needed
4552,222132,2025-03-22,12309,170,7,2,3.83,Quality Issue
4553,222160,2025-04-02,4648,49,8,2,21.4,Not Needed
4554,222166,2025-03-29,17970,399,27,1,11.46,Late Delivery
4555,222181,2025-03-18,10585,250,21,2,14.67,Late Delivery
4556,222205,2025-03-28,12824,195,29,1,11.98,Damaged
4557,222241,2025-04-02,11300,655,9,1,204.22,Damaged
4558,222311,2025-03-20,18572,225,3,2,8.51,Damaged
4559,222355,2025-03-22,4504,95,29,1,8.8,Late Delivery
4560,222464,2025-03-19,7678,129,21,1,9.54,Late Delivery
4561,222726,2025-03-22,6391,419,12,1,19.71,Quality Issue
4562,222744,2025-04-03,2398,515,27,1,37.34,Damaged
4563,222882,2025-03-30,17544,218,17,1,12.92,Not Needed
4564,222895,2025-04-04,10812,152,29,1,15.01,Not Needed
4565,222953,2025-03-19,1546,204,15,1,14.85,Late Delivery
4566,222958,2025-04-02,16739,411,3,1,2.88,Not Needed
4567,223036,2025-03-29,11397,407,12,1,18.67,Damaged
4568,223046,2025-04-03,310,506,14,1,19.61,Quality Issue
4569,223072,2025-03-24,1968,491,32,1,13.69,Late Delivery
4570,223075,2025-04-03,11422,123,7,1,3.94,Not Needed
4571,223092,2025-03-26,21789,183,29,1,2.86,Not Needed
4572,223153,2025-03-30,19926,11,9,1,3.97,Late Delivery
4573,223288,2025-03-16,1874,657,19,1,221.41,Wrong Item
4574,223299,2025-04-04,3754,192,22,2,28.24,Late Delivery
4575,223327,2025-03-18,1075,27,32,1,6.0,Not Needed
4576,223400,2025-03-23,15763,165,21,2,30.02,Late Delivery
4577,223492,2025-03-24,10602,79,25,1,44.19,Late Delivery
4578,223521,2025-04-03,19446,49,11,1,6.04,Damaged
4579,223550,2025-03-25,24571,18,14,2,4.87,Damaged
4580,223566,2025-03-31,14495,567,17,1,4.74,Damaged
4581,223577,2025-03-30,12788,631,33,1,419.54,Damaged
4582,223651,2025-04-02,11052,619,28,1,38.02,Not Needed
4583,223653,2025-04-01,18919,376,22,2,22.33,Wrong Item
4584,223687,2025-04-01,18710,88,23,1,13.24,Not Needed
4585,223694,2025-03-22,13413,21,8,2,5.32,Damaged
4586,223738,2025-04-02,3990,63,30,2,12.39,Not Needed
4587,223752,2025-03-22,11785,707,25,1,483.59,Not Needed
4588,223802,2025-03-27,24427,137,9,2,29.17,Damaged
4589,223837,2025-03-29,15905,151,21,1,16.15,Damaged
4590,223849,2025-03-18,1020,110,13,2,10.51,Not Needed
4591,223869,2025-03-31,15166,36,2,2,10.28,Damaged
4592,223891,2025-03-31,5678,71,29,2,3.21,Not Needed
4593,223893,2025-03-24,2337,36,9,2,43.58,Damaged
4594,223910,2025-03-30,22980,633,30,1,242.86,Not Needed
4595,224061,2025-03-25,16945,633,19,1,401.33,Not Needed
4596,224078,2025-03-27,11153,280,17,1,18.12,Quality Issue
4597,224110,2025-03-30,20,705,22,1,77.04,Damaged
4598,224146,2025-03-31,6474,25,10,1,6.29,Quality Issue
4599,224193,2025-03-26,9913,202,14,1,19.51,Not Needed
4600,224490,2025-04-06,19631,108,19,2,9.12,Wrong Item
4601,224689,2025-03-25,20804,684,20,1,72.47,Damaged
4602,224823,2025-03-22,23813,541,23,2,79.39,Wrong Item
4603,224848,2025-04-04,735,192,14,1,21.37,Damaged
4604,224851,2025-04-05,15535,71,17,2,5.14,Quality Issue
4605,225025,2025-03-21,3326,177,34,1,11.36,Quality Issue
4606,225029,2025-03-26,21774,487,7,1,3.45,Late Delivery
4607,225103,2025-04-08,16329,95,20,2,5.13,Damaged
4608,225123,2025-04-01,18716,653,30,1,247.58,Damaged
4609,225184,2025-04-07,1485,479,31,2,47.16,Quality Issue
4610,225189,2025-04-06,1274,413,33,1,5.83,Late Delivery
4611,225249,2025-03-20,5625,706,2,1,21.84,Late Delivery
4612,225288,2025-04-02,7752,330,18,2,26.39,Damaged
4613,225314,2025-03-31,135,360,24,2,19.63,Wrong Item
4614,225323,2025-04-01,717,193,20,1,2.07,Not Needed
4615,225382,2025-03-28,23024,458,16,2,63.71,Late Delivery
4616,225481,2025-03-27,9761,377,33,2,65.04,Wrong Item
4617,225599,2025-03-30,14554,92,2,2,2.57,Late Delivery
4618,225647,2025-04-03,21095,12,22,2,8.48,Wrong Item
4619,225681,2025-04-02,3586,130,18,1,0.84,Not Needed
4620,225743,2025-04-06,24926,307,16,1,24.47,Quality Issue
4621,225746,2025-03-23,21899,443,18,1,10.95,Quality Issue
4622,225763,2025-04-03,7239,259,30,1,14.17,Late Delivery
4623,225836,2025-04-01,17902,399,34,1,9.05,Quality Issue
4624,225889,2025-04-07,8185,8,9,1,3.54,Late Delivery
4625,225894,2025-04-04,12275,712,34,1,405.4,Wrong Item
4626,225925,2025-04-04,14101,667,27,1,364.36,Not Needed
4627,225940,2025-04-02,20386,128,19,1,27.08,Not Needed
4628,225975,2025-04-02,23792,84,33,1,2.93,Late Delivery
4629,226077,2025-03-26,21701,534,26,1,7.36,Late Delivery
4630,226096,2025-03-24,709,93,26,2,11.49,Wrong Item
4631,226138,2025-03-27,20388,511,24,2,110.16,Not Needed
4632,226246,2025-04-05,2838,130,18,2,3.47,Not Needed
4633,226294,2025-03-23,12321,133,30,1,10.86,Late Delivery
4634,226368,2025-03-23,23985,510,33,2,47.94,Damaged
4635,226492,2025-04-01,16747,133,30,1,9.04,Damaged
4636,226505,2025-04-03,18598,99,15,1,7.99,Quality Issue
4637,226628,2025-04-09,2014,374,3,1,52.17,Quality Issue
4638,226793,2025-04-07,6555,87,3,1,0.71,Not Needed
4639,226943,2025-04-07,18819,306,11,1,13.29,Late Delivery
4640,226963,2025-03-28,596,423,34,1,23.49,Not Needed
4641,227191,2025-03-25,3793,47,33,1,8.28,Late Delivery
4642,227259,2025-04-12,23815,47,33,2,43.93,Not Needed
4643,227357,2025-04-10,4476,220,17,2,12.92,Wrong Item
4644,227448,2025-03-28,2776,372,33,1,16.32,Wrong Item
4645,227576,2025-04-11,7106,221,18,1,5.19,Damaged
4646,227612,2025-03-27,20316,2,3,1,13.88,Wrong Item
4647,227686,2025-04-12,9777,209,9,1,14.54,Late Delivery
4648,227700,2025-03-28,5858,399,23,1,8.27,Not Needed
4649,227708,2025-04-09,13892,434,34,1,25.32,Quality Issue
4650,227711,2025-04-11,14811,120,26,1,9.8,Not Needed
4651,227730,2025-04-01,5387,38,5,1,6.54,Not Needed
4652,227745,2025-04-04,24150,198,16,1,10.17,Quality Issue
4653,227850,2025-04-05,22005,162,22,1,25.09,Not Needed
4654,227922,2025-03-25,8297,414,32,1,11.73,Quality Issue
4655,227976,2025-03-25,23513,190,1,2,27.86,Not Needed
4656,227992,2025-04-06,16166,485,14,1,20.75,Not Needed
4657,228020,2025-04-01,251,178,7,1,38.56,Damaged
4658,228068,2025-03-30,17262,315,28,2,8.65,Wrong Item
4659,228212,2025-04-12,14530,233,12,1,25.71,Damaged
4660,228230,2025-04-14,13589,81,28,1,15.73,Damaged
4661,228272,2025-04-10,23453,525,20,1,7.4,Wrong Item
4662,228337,2025-04-08,8391,247,27,1,42.11,Quality Issue
4663,228399,2025-04-07,20023,625,16,1,508.52,Not Needed
4664,228474,2025-03-31,3924,367,12,2,32.69,Not Needed
4665,228491,2025-04-14,14521,64,9,1,17.45,Not Needed
4666,228625,2025-04-03,1747,401,7,1,17.08,Not Needed
4667,228720,2025-04-08,17403,9,23,1,23.43,Late Delivery
4668,228726,2025-04-11,7466,666,28,1,385.43,Wrong Item
4669,228762,2025-04-03,24455,217,16,1,8.31,Not Needed
4670,228774,2025-04-02,3182,214,14,2,12.41,Not Needed
4671,228836,2025-04-10,4235,540,21,2,23.61,Damaged
4672,228883,2025-04-05,11460,406,30,2,42.93,Late Delivery
4673,228981,2025-04-13,22579,175,23,2,6.63,Damaged
4674,229135,2025-04-09,5154,57,26,1,1.51,Quality Issue
4675,229159,2025-04-07,3193,101,9,1,6.12,Late Delivery
4676,229180,2025-03-29,23080,131,2,2,9.79,Quality Issue
4677,229198,2025-04-12,21408,36,24,1,8.44,Not Needed
4678,229315,2025-03-31,48,152,12,1,9.66,Damaged
4679,229370,2025-04-13,14956,367,4,2,34.42,Not Needed
4680,229377,2025-04-08,6216,3,33,1,23.07,Not Needed
4681,229427,2025-04-04,1916,51,22,1,13.31,Quality Issue
4682,229459,2025-03-31,16604,151,8,2,10.44,Late Delivery
4683,229555,2025-04-02,1992,521,26,1,7.01,Not Needed
4684,229645,2025-04-13,18435,92,32,2,2.71,Not Needed
4685,229675,2025-04-08,3495,474,11,1,8.1,Not Needed
4686,229739,2025-04-15,1812,9,34,2,9.5,Not Needed
4687,229771,2025-04-06,8529,424,29,1,27.63,Not Needed
4688,229857,2025-04-11,8116,191,8,2,2.47,Quality Issue
4689,229889,2025-04-14,22305,84,25,1,4.46,Not Needed
4690,230022,2025-03-30,13474,654,8,1,240.23,Damaged
4691,230090,2025-04-12,15073,461,6,1,7.75,Quality Issue
4692,230104,2025-04-09,22934,636,8,1,234.79,Late Delivery
4693,230137,2025-04-08,7407,463,31,1,9.67,Not Needed
4694,230171,2025-04-03,15442,399,14,1,13.57,Quality Issue
4695,230178,2025-04-01,23372,100,24,1,16.47,Damaged
4696,230249,2025-04-03,5581,700,18,1,151.8,Quality Issue
4697,230278,2025-04-08,12408,203,28,2,5.83,Not Needed
4698,230332,2025-04-05,24587,494,21,2,16.26,Damaged
4699,230358,2025-04-04,8859,51,1,1,10.42,Damaged
4700,230385,2025-04-13,13982,501,33,1,88.36,Quality Issue
4701,230395,2025-04-03,13944,88,3,1,5.55,Not Needed
4702,230402,2025-04-16,13879,578,6,1,27.45,Wrong Item
4703,230460,2025-04-04,5193,28,15,2,10.2,Quality Issue
4704,230464,2025-04-10,22403,249,29,1,35.05,Damaged
4705,230505,2025-04-10,20213,521,5,1,7.81,Quality Issue
4706,230535,2025-04-09,1717,53,21,2,8.35,Quality Issue
4707,230563,2025-04-07,1326,195,9,1,1.8,Not Needed
4708,230568,2025-04-03,5979,71,11,1,5.48,Quality Issue
4709,230583,2025-04-14,6057,30,11,1,6.91,Damaged
4710,230597,2025-04-01,12607,569,24,1,22.65,Quality Issue
4711,230612,2025-04-04,5922,172,18,1,3.13,Damaged
4712,230645,2025-04-05,2493,237,6,1,116.24,Wrong Item
4713,230647,2025-04-14,15791,305,2,1,22.28,Quality Issue
4714,230677,2025-04-06,15829,137,26,2,22.09,Late Delivery
4715,230678,2025-04-11,4655,222,18,1,2.8,Quality Issue
4716,230726,2025-04-05,1733,701,24,1,413.35,Wrong Item
4717,230777,2025-04-08,22263,189,9,2,11.07,Quality Issue
4718,230865,2025-04-06,8428,523,12,2,48.05,Not Needed
4719,231074,2025-04-17,11018,104,19,2,33.87,Not Needed
4720,231161,2025-04-05,3274,539,5,1,12.1,Quality Issue
4721,231233,2025-04-17,8851,223,8,2,19.09,Not Needed
4722,231289,2025-04-11,13226,13,29,2,5.22,Damaged
4723,231429,2025-04-08,484,606,9,1,365.29,Damaged
4724,231432,2025-04-06,1917,145,14,1,15.33,Not Needed
4725,231476,2025-04-08,7958,125,14,1,5.44,Late Delivery
4726,231527,2025-04-17,24101,160,25,2,29.83,Late Delivery
4727,231573,2025-04-04,870,123,5,1,14.18,Wrong Item
4728,231773,2025-04-18,5657,289,33,1,40.25,Damaged
4729,231813,2025-04-05,15893,174,23,2,7.64,Late Delivery
4730,231814,2025-04-09,7360,400,34,1,38.72,Quality Issue
4731,231830,2025-04-02,15193,588,21,1,411.47,Late Delivery
4732,231914,2025-04-05,3908,163,32,1,3.49,Not Needed
4733,232052,2025-04-02,20923,612,28,1,141.49,Not Needed
4734,232069,2025-04-16,16842,533,30,1,21.45,Not Needed
4735,232294,2025-04-17,4937,503,4,1,59.83,Late Delivery
4736,232411,2025-04-09,22896,523,32,2,37.43,Not Needed
4737,232488,2025-04-17,4038,479,18,1,23.52,Not Needed
4738,232646,2025-04-11,1007,45,32,2,11.16,Damaged
4739,232670,2025-04-12,9957,181,14,1,1.08,Quality Issue
4740,232698,2025-04-16,17036,322,14,2,67.65,Quality Issue
4741,232725,2025-04-15,3812,575,6,1,6.88,Damaged
4742,232754,2025-04-20,16465,7,9,1,12.76,Not Needed
4743,232781,2025-04-07,8317,623,25,1,400.53,Not Needed
4744,232915,2025-04-14,19836,339,33,1,15.32,Damaged
4745,232969,2025-04-09,1813,487,7,1,7.35,Wrong Item
4746,233052,2025-04-12,5942,247,6,1,27.56,Not Needed
4747,233092,2025-04-07,61,315,30,1,6.83,Wrong Item
4748,233263,2025-04-19,18374,111,29,2,20.2,Quality Issue
4749,233319,2025-04-05,11876,394,14,1,33.88,Late Delivery
4750,233330,2025-04-14,23758,45,34,1,5.74,Not Needed
4751,233351,2025-04-20,18037,85,32,1,13.55,Quality Issue
4752,233368,2025-04-09,4382,163,14,2,6.1,Not Needed
4753,233437,2025-04-22,5538,117,24,2,27.25,Not Needed
4754,233522,2025-04-16,11501,204,9,1,4.49,Not Needed
4755,233603,2025-04-10,12321,251,34,1,8.61,Damaged
4756,233646,2025-04-16,24843,133,14,2,15.36,Wrong Item
4757,233651,2025-04-12,6007,229,34,2,17.47,Damaged
4758,233837,2025-04-06,7411,413,24,1,15.15,Quality Issue
4759,233927,2025-04-11,20724,343,11,2,21.97,Quality Issue
4760,234057,2025-04-10,13290,45,9,2,16.64,Not Needed
4761,234073,2025-04-16,15915,661,31,1,354.24,Not Needed
4762,234083,2025-04-16,23918,546,18,2,73.93,Quality Issue
4763,234201,2025-04-26,20813,543,14,2,16.88,Not Needed
4764,234271,2025-04-20,2003,220,18,1,37.06,Wrong Item
4765,234294,2025-04-15,17154,126,5,1,10.07,Late Delivery
4766,234379,2025-04-15,2385,13,21,1,2.88,Late Delivery
4767,234398,2025-04-19,7303,390,28,1,3.48,Not Needed
4768,234432,2025-04-13,2563,206,6,1,9.23,Late Delivery
4769,234463,2025-04-23,309,185,9,1,23.6,Not Needed
4770,234569,2025-04-16,11407,359,6,2,16.99,Damaged
4771,234658,2025-04-11,14024,132,5,1,11.74,Quality Issue
4772,234670,2025-04-16,7813,213,10,1,4.91,Not Needed
4773,234687,2025-04-10,12148,37,32,1,5.09,Damaged
4774,234706,2025-04-16,4338,32,4,2,56.49,Quality Issue
4775,234711,2025-04-21,16338,347,14,1,2.53,Quality Issue
4776,234740,2025-04-13,280,174,19,1,3.33,Quality Issue
4777,234764,2025-04-15,2880,126,15,2,18.94,Late Delivery
4778,234798,2025-04-13,3445,245,2,1,10.71,Late Delivery
4779,234803,2025-04-15,10755,70,8,1,7.76,Wrong Item
4780,234869,2025-04-11,14567,484,6,2,42.98,Quality Issue
4781,234937,2025-04-12,15062,61,3,1,26.0,Late Delivery
4782,234989,2025-04-25,20227,498,33,1,34.99,Quality Issue
4783,235022,2025-04-18,10792,123,34,1,26.58,Late Delivery
4784,235281,2025-04-24,1336,240,32,1,5.27,Not Needed
4785,235313,2025-04-24,19668,518,9,1,3.75,Late Delivery
4786,235333,2025-04-28,21127,152,11,1,9.17,Wrong Item
4787,235392,2025-04-09,11316,592,33,1,238.88,Not Needed
4788,235416,2025-04-16,18420,212,26,2,16.29,Damaged
4789,235432,2025-04-27,8654,68,12,1,6.78,Quality Issue
4790,235488,2025-04-15,16056,592,18,1,510.56,Quality Issue
4791,235490,2025-04-26,1696,473,14,2,15.27,Not Needed
4792,235725,2025-04-13,10076,559,16,2,66.58,Quality Issue
4793,235738,2025-04-14,10230,409,30,1,8.31,Late Delivery
4794,235759,2025-04-18,24050,19,18,1,20.04,Quality Issue
4795,235760,2025-04-19,17701,244,11,1,21.1,Late Delivery
4796,235774,2025-04-24,4716,264,14,1,16.64,Damaged
4797,235903,2025-04-16,4330,124,1,2,32.24,Quality Issue
4798,235934,2025-04-11,22331,279,1,1,32.56,Not Needed
4799,235983,2025-04-26,2915,396,29,2,53.39,Damaged
4800,236007,2025-04-13,19340,62,33,2,20.09,Damaged
4801,236077,2025-04-24,11961,76,22,2,25.45,Not Needed
4802,236128,2025-04-10,11775,122,18,1,2.25,Quality Issue
4803,236211,2025-04-15,16878,569,34,2,36.86,Not Needed
4804,236212,2025-04-13,48,487,23,2,9.31,Late Delivery
4805,236213,2025-04-23,1921,97,8,2,2.75,Damaged
4806,236226,2025-04-25,3021,59,34,1,7.24,Not Needed
4807,236272,2025-04-19,21096,632,24,1,235.88,Quality Issue
4808,236276,2025-04-23,15761,78,2,1,9.4,Late Delivery
4809,236375,2025-04-23,3739,193,20,1,12.2,Quality Issue
4810,236463,2025-04-12,16745,666,14,1,418.53,Not Needed
4811,236485,2025-04-13,15548,290,27,1,17.34,Damaged
4812,236508,2025-04-19,10388,498,8,2,67.42,Not Needed
4813,236521,2025-04-24,16923,576,20,1,25.99,Damaged
4814,236554,2025-04-30,21594,462,2,1,69.33,Not Needed
4815,236619,2025-04-13,17466,109,32,1,12.38,Quality Issue
4816,236661,2025-04-18,24905,86,15,1,4.96,Damaged
4817,236754,2025-04-19,15488,442,9,2,18.58,Quality Issue
4818,236756,2025-04-18,12807,292,14,2,45.58,Damaged
4819,236759,2025-04-13,22025,334,8,1,70.54,Wrong Item
4820,236972,2025-05-01,21154,425,18,1,48.87,Late Delivery
4821,237015,2025-04-15,13265,135,23,2,13.15,Late Delivery
4822,237046,2025-04-22,19172,476,15,1,24.35,Damaged
4823,237058,2025-04-17,22704,213,1,1,10.96,Damaged
4824,237061,2025-04-15,16290,201,8,1,3.42,Damaged
4825,237163,2025-04-25,3272,431,32,2,110.12,Late Delivery
4826,237167,2025-04-23,21184,54,29,2,12.89,Late Delivery
4827,237176,2025-04-21,23228,149,10,2,5.46,Quality Issue
4828,237188,2025-04-26,19353,301,34,1,10.44,Not Needed
4829,237211,2025-04-25,1609,435,20,1,7.54,Late Delivery
4830,237256,2025-04-28,6396,148,20,1,5.48,Late Delivery
4831,237459,2025-05-01,20384,428,33,2,90.96,Damaged
4832,237540,2025-04-22,12406,144,3,2,10.91,Late Delivery
4833,237610,2025-04-22,5687,124,16,1,3.07,Not Needed
4834,237758,2025-04-21,20093,201,34,1,6.1,Not Needed
4835,237766,2025-04-30,19350,463,29,1,22.62,Not Needed
4836,237812,2025-04-27,4287,458,1,2,43.2,Damaged
4837,237883,2025-04-18,14249,92,33,1,1.27,Damaged
4838,237939,2025-04-19,11600,699,9,1,210.77,Not Needed
4839,237955,2025-04-21,186,264,31,2,60.17,Not Needed
4840,238000,2025-04-23,17559,120,5,1,15.67,Late Delivery
4841,238003,2025-05-01,4180,164,9,1,7.17,Wrong Item
4842,238014,2025-04-27,17890,153,9,2,13.67,Wrong Item
4843,238034,2025-04-27,24603,215,9,1,5.25,Quality Issue
4844,238039,2025-04-25,10802,275,6,2,29.27,Quality Issue
4845,238103,2025-04-26,3399,46,7,2,43.23,Late Delivery
4846,238151,2025-04-19,246,562,10,1,39.76,Not Needed
4847,238275,2025-04-27,22614,597,34,1,48.12,Not Needed
4848,238294,2025-05-04,22401,131,2,2,16.27,Not Needed
4849,238365,2025-05-03,13055,473,19,1,5.08,Not Needed
4850,238412,2025-05-04,18650,375,25,2,49.37,Damaged
4851,238507,2025-04-17,8741,599,18,1,71.19,Not Needed
4852,238655,2025-04-17,14972,234,9,1,6.02,Wrong Item
4853,238667,2025-04-28,8428,140,27,1,9.27,Not Needed
4854,238704,2025-04-19,8476,137,8,2,49.1,Not Needed
4855,238744,2025-04-25,11994,81,29,1,13.4,Not Needed
4856,238817,2025-04-29,14982,499,24,2,23.21,Not Needed
4857,238900,2025-04-29,2206,232,14,1,41.54,Damaged
4858,238924,2025-05-03,15042,155,2,1,47.35,Wrong Item
4859,239013,2025-04-27,24285,400,2,2,28.69,Quality Issue
4860,239024,2025-04-24,20633,706,11,1,18.93,Quality Issue
4861,239075,2025-04-24,18500,205,24,2,5.75,Not Needed
4862,239120,2025-05-05,20879,510,2,1,8.36,Quality Issue
4863,239124,2025-04-19,19675,211,13,1,10.81,Not Needed
4864,239171,2025-04-17,7509,333,4,1,10.8,Damaged
4865,239187,2025-05-03,8207,76,12,1,7.15,Damaged
4866,239291,2025-04-18,2236,335,4,2,44.5,Not Needed
4867,239295,2025-04-30,12128,167,13,2,24.29,Quality Issue
4868,239305,2025-05-03,4698,496,26,1,21.02,Quality Issue
4869,239409,2025-04-19,17367,25,9,2,14.63,Quality Issue
4870,239464,2025-05-01,16545,235,14,1,10.46,Damaged
4871,239487,2025-05-03,8469,540,14,1,18.24,Quality Issue
4872,239585,2025-04-17,16076,6,23,2,8.51,Quality Issue
4873,239604,2025-05-04,1972,28,10,2,12.29,Not Needed
4874,239617,2025-04-24,15860,562,32,1,16.75,Wrong Item
4875,239743,2025-04-27,23738,133,21,2,12.97,Not Needed
4876,239872,2025-04-19,18612,49,6,1,6.35,Damaged
4877,239903,2025-04-28,16028,204,30,1,2.45,Damaged
4878,239928,2025-05-02,4151,52,26,1,5.03,Not Needed
4879,239953,2025-05-06,8343,377,8,1,27.78,Wrong Item
4880,239954,2025-05-05,5021,128,9,2,29.73,Not Needed
4881,240007,2025-05-05,23406,164,15,2,17.39,Quality Issue
4882,240010,2025-04-28,12801,208,2,1,11.01,Not Needed
4883,240054,2025-04-26,13715,115,22,1,2.22,Damaged
4884,240059,2025-04-28,18658,681,9,2,245.14,Quality Issue
4885,240144,2025-04-24,19646,225,18,2,13.18,Not Needed
4886,240177,2025-05-07,16277,488,1,2,9.95,Not Needed
4887,240182,2025-05-01,15049,206,1,1,36.84,Not Needed
4888,240279,2025-04-25,15539,2,28,2,26.02,Not Needed
4889,240313,2025-04-29,8888,498,28,2,42.06,Not Needed
4890,240346,2025-05-07,18088,190,18,2,14.0,Quality Issue
4891,240349,2025-05-06,4619,138,23,1,6.02,Not Needed
4892,240413,2025-04-22,2401,519,26,1,14.64,Late Delivery
4893,240501,2025-05-05,14200,572,19,1,19.82,Quality Issue
4894,240529,2025-05-08,10179,133,29,1,4.65,Not Needed
4895,240655,2025-05-05,10260,199,14,2,12.1,Late Delivery
4896,240682,2025-05-02,15541,569,1,2,40.41,Not Needed
4897,240795,2025-04-30,13926,93,21,2,8.35,Late Delivery
4898,240864,2025-04-26,23565,40,19,2,7.99,Quality Issue
4899,240887,2025-04-30,881,118,19,1,6.26,Late Delivery
4900,240951,2025-04-22,8167,26,19,1,3.12,Not Needed
4901,240954,2025-04-27,10855,41,3,1,19.65,Not Needed
4902,240983,2025-04-22,6184,649,33,1,198.82,Quality Issue
4903,240985,2025-05-07,6937,485,29,2,27.05,Not Needed
4904,241140,2025-05-07,22724,176,16,1,9.92,Damaged
4905,241161,2025-04-20,3696,30,2,1,1.06,Quality Issue
4906,241208,2025-05-04,18980,565,9,2,68.6,Late Delivery
4907,241279,2025-04-22,17714,109,28,2,20.43,Damaged
4908,241301,2025-04-26,17398,383,8,1,7.43,Wrong Item
4909,241389,2025-05-05,6860,347,34,1,8.05,Late Delivery
4910,241424,2025-05-07,20474,643,13,1,133.82,Not Needed
4911,241501,2025-04-30,14319,661,9,1,462.76,Quality Issue
4912,241535,2025-04-21,22786,597,25,1,51.27,Not Needed
4913,241576,2025-05-04,730,74,23,1,4.67,Late Delivery
4914,241580,2025-04-25,10334,640,3,1,261.73,Not Needed
4915,241613,2025-04-24,1608,44,27,2,23.02,Not Needed
4916,241709,2025-04-21,18628,536,3,1,4.99,Not Needed
4917,241724,2025-04-30,6336,158,8,1,6.33,Not Needed
4918,241807,2025-04-27,20171,157,9,1,1.52,Late Delivery
4919,241844,2025-04-22,20368,211,9,2,13.74,Not Needed
4920,241972,2025-05-07,22684,172,15,2,3.81,Quality Issue
4921,242010,2025-05-01,11865,246,11,2,76.18,Late Delivery
4922,242345,2025-05-07,19472,57,15,1,3.68,Late Delivery
4923,242417,2025-05-08,17690,520,26,1,11.83,Quality Issue
4924,242629,2025-05-07,22648,101,14,2,19.85,Quality Issue
4925,242673,2025-05-03,2335,616,28,1,141.6,Not Needed
4926,242684,2025-05-07,5905,257,34,1,23.4,Damaged
4927,242692,2025-05-01,24670,619,26,1,24.0,Damaged
4928,242696,2025-04-29,15775,331,24,1,85.78,Quality Issue
4929,242750,2025-05-03,6905,79,12,2,38.51,Damaged
4930,242797,2025-05-10,1555,131,19,2,9.35,Wrong Item
4931,242825,2025-04-29,13424,161,20,1,19.99,Quality Issue
4932,242834,2025-05-11,5990,528,9,1,47.64,Wrong Item
4933,242954,2025-04-29,6729,352,27,1,24.95,Damaged
4934,242979,2025-05-09,19674,303,32,1,15.32,Not Needed
4935,242993,2025-05-06,5630,276,1,1,19.52,Damaged
4936,243093,2025-05-13,18145,23,3,1,7.03,Not Needed
4937,243241,2025-05-08,19659,631,10,1,693.47,Quality Issue
4938,243269,2025-05-05,1041,331,23,2,29.43,Quality Issue
4939,243356,2025-05-08,6123,134,12,2,13.74,Not Needed
4940,243423,2025-05-05,21685,534,17,1,6.05,Not Needed
4941,243441,2025-05-04,5511,188,26,1,4.03,Damaged
4942,243491,2025-05-03,5049,34,9,2,9.89,Damaged
4943,243761,2025-04-30,5173,321,5,1,83.63,Damaged
4944,243802,2025-05-03,12088,387,25,1,18.12,Wrong Item
4945,243869,2025-05-01,5206,387,20,1,19.71,Not Needed
4946,243884,2025-04-28,24616,286,16,1,42.3,Damaged
4947,243910,2025-05-09,10458,195,29,1,3.12,Not Needed
4948,243950,2025-04-27,24894,254,29,1,11.76,Damaged
4949,244042,2025-05-09,17807,76,4,1,12.7,Late Delivery
4950,244148,2025-05-14,24332,183,10,1,2.37,Late Delivery
4951,244335,2025-04-29,8400,143,17,2,27.69,Late Delivery
4952,244378,2025-04-29,4065,129,23,2,3.04,Not Needed
4953,244384,2025-05-15,13317,269,27,1,29.17,Damaged
4954,244456,2025-05-12,13308,125,27,1,23.77,Quality Issue
4955,244524,2025-05-14,17414,490,1,1,14.9,Quality Issue
4956,244531,2025-05-02,16341,198,6,2,18.42,Not Needed
4957,244537,2025-04-28,827,574,8,1,40.54,Late Delivery
4958,244556,2025-05-05,14099,485,20,1,18.2,Not Needed
4959,244581,2025-05-13,20041,178,12,1,9.2,Late Delivery
4960,244595,2025-05-14,13124,62,31,1,8.26,Not Needed
4961,244641,2025-05-15,8354,303,23,2,20.23,Quality Issue
4962,244671,2025-05-07,5318,558,9,1,40.89,Wrong Item
4963,244677,2025-04-30,10115,681,26,1,64.58,Quality Issue
4964,244802,2025-04-28,2824,287,13,1,15.68,Damaged
4965,244883,2025-04-30,11475,34,27,2,30.88,Damaged
4966,244954,2025-05-07,15437,565,21,2,52.72,Not Needed
4967,244983,2025-05-02,12026,101,12,1,5.57,Damaged
4968,244999,2025-05-11,8339,241,3,2,102.36,Wrong Item
4969,245031,2025-04-28,6967,569,27,2,24.44,Late Delivery
4970,245161,2025-05-03,12078,229,15,1,10.1,Late Delivery
4971,245169,2025-04-28,12662,494,26,1,9.67,Damaged
4972,245175,2025-05-16,3458,608,8,1,227.92,Late Delivery
4973,245206,2025-05-08,11150,109,21,1,4.28,Not Needed
4974,245273,2025-04-29,978,86,5,1,30.94,Not Needed
4975,245310,2025-04-30,15068,484,3,2,25.0,Quality Issue
4976,245340,2025-05-05,17219,569,1,1,49.43,Quality Issue
4977,245413,2025-05-05,2313,219,6,1,12.41,Damaged
4978,245477,2025-05-09,4689,97,14,2,3.59,Damaged
4979,245560,2025-05-09,2346,669,7,1,95.54,Wrong Item
4980,245587,2025-05-18,15010,183,10,2,16.53,Damaged
4981,245648,2025-05-17,22304,603,21,1,332.74,Quality Issue
4982,245725,2025-05-12,3431,386,31,1,13.53,Not Needed
4983,245781,2025-05-07,20442,323,3,1,2.08,Not Needed
4984,245791,2025-05-09,4047,90,18,1,4.18,Late Delivery
4985,245818,2025-04-30,5362,127,14,2,27.63,Quality Issue
4986,245858,2025-04-29,19584,499,16,1,11.65,Damaged
4987,245948,2025-05-06,3551,613,21,1,220.21,Wrong Item
4988,245963,2025-05-08,4290,531,18,1,8.73,Quality Issue
4989,246050,2025-05-03,24584,554,11,1,5.55,Quality Issue
4990,246165,2025-05-03,22558,513,27,1,6.2,Quality Issue
4991,246184,2025-05-04,9188,410,9,1,49.67,Damaged
4992,246216,2025-05-07,13668,605,30,1,208.44,Late Delivery
4993,246218,2025-05-09,23899,567,34,1,4.31,Late Delivery
4994,246259,2025-05-15,18277,9,2,2,23.43,Not Needed
4995,246308,2025-05-17,560,325,29,1,24.23,Not Needed
4996,246393,2025-05-07,9613,440,8,2,43.84,Quality Issue
4997,246452,2025-05-12,2749,682,26,1,197.9,Not Needed
4998,246466,2025-05-01,15145,34,27,1,21.15,Damaged
4999,246523,2025-05-17,12170,598,6,1,346.74,Not Needed
5000,246536,2025-05-16,7180,580,28,1,2.87,Quality Issue
5001,246565,2025-05-17,12054,610,15,1,133.53,Quality Issue
5002,246605,2025-05-03,3283,96,15,2,15.8,Late Delivery
5003,246674,2025-05-04,2571,90,14,1,10.71,Damaged
5004,246710,2025-05-15,1765,574,8,1,14.68,Not Needed
5005,246716,2025-05-10,17885,46,4,2,18.48,Quality Issue
5006,246738,2025-05-13,13290,50,6,2,36.91,Damaged
5007,246807,2025-05-09,11552,583,27,1,5.08,Late Delivery
5008,246822,2025-05-19,10306,708,14,1,68.5,Not Needed
5009,246865,2025-05-14,16959,128,18,1,6.71,Quality Issue
5010,247011,2025-05-18,3098,663,9,1,144.01,Late Delivery
5011,247084,2025-05-03,7720,32,34,1,7.66,Not Needed
5012,247181,2025-05-20,20870,600,16,1,34.32,Quality Issue
5013,247229,2025-05-19,21813,293,19,1,10.72,Not Needed
5014,247281,2025-05-12,13614,631,29,1,360.45,Wrong Item
5015,247290,2025-05-09,19557,491,30,1,7.28,Not Needed
5016,247310,2025-05-04,5949,64,7,2,17.47,Damaged
5017,247322,2025-05-17,23031,172,15,1,2.71,Not Needed
5018,247393,2025-05-18,22933,200,23,2,8.51,Late Delivery
5019,247397,2025-05-08,17104,167,9,1,32.18,Quality Issue
5020,247449,2025-05-11,2288,261,4,1,9.69,Damaged
5021,247500,2025-05-22,21772,164,32,1,20.5,Not Needed
5022,247532,2025-05-21,8791,575,21,1,6.31,Late Delivery
5023,247673,2025-05-18,20001,340,33,1,71.18,Not Needed
5024,247692,2025-05-03,4726,309,34,1,64.0,Damaged
5025,247736,2025-05-03,14707,412,33,2,36.35,Not Needed
5026,247760,2025-05-18,21281,144,17,1,5.3,Late Delivery
5027,247768,2025-05-14,1015,39,3,1,6.24,Late Delivery
5028,247849,2025-05-06,4933,40,34,1,9.37,Not Needed
5029,247884,2025-05-12,17987,170,33,1,5.3,Wrong Item
5030,247989,2025-05-09,22153,131,29,2,18.39,Wrong Item
5031,248012,2025-05-07,23091,42,2,2,5.76,Quality Issue
5032,248272,2025-05-04,22343,507,21,1,3.27,Quality Issue
5033,248315,2025-05-11,8890,340,18,1,34.64,Damaged
5034,248325,2025-05-12,7231,499,25,1,12.42,Wrong Item
5035,248369,2025-05-22,23051,288,24,1,46.97,Wrong Item
5036,248481,2025-05-20,15107,625,33,1,505.25,Quality Issue
5037,248524,2025-05-13,1242,112,34,1,4.07,Not Needed
5038,248526,2025-05-20,3120,479,18,1,15.73,Wrong Item
5039,248535,2025-05-20,3743,213,34,1,18.64,Quality Issue
5040,248561,2025-05-11,5703,433,30,1,22.25,Damaged
5041,248569,2025-05-08,21396,274,6,1,15.77,Not Needed
5042,248575,2025-05-22,21976,123,19,2,11.75,Late Delivery
5043,248627,2025-05-21,16655,35,7,1,4.24,Damaged
5044,248656,2025-05-15,14486,45,30,2,7.74,Late Delivery
5045,248672,2025-05-14,3693,554,33,2,10.59,Wrong Item
5046,248703,2025-05-16,23522,168,18,2,5.14,Not Needed
5047,248862,2025-05-11,7601,167,9,2,18.28,Late Delivery
5048,248897,2025-05-22,20339,522,30,1,19.23,Quality Issue
5049,248933,2025-05-13,21814,204,12,2,4.09,Damaged
5050,248994,2025-05-09,23879,153,21,1,15.42,Damaged
5051,249173,2025-05-09,9905,716,25,1,457.14,Not Needed
5052,249175,2025-05-09,12116,278,24,2,5.55,Quality Issue
5053,249186,2025-05-10,14234,24,32,1,21.02,Wrong Item
5054,249187,2025-05-09,12134,616,13,1,121.65,Not Needed
5055,249193,2025-05-14,20062,215,18,1,25.1,Not Needed
5056,249198,2025-05-19,10078,10,8,1,3.13,Quality Issue
5057,249294,2025-05-08,22042,200,30,1,14.01,Damaged
5058,249323,2025-05-11,5871,10,30,2,19.79,Not Needed
5059,249324,2025-05-23,6871,255,18,1,15.23,Not Needed
5060,249419,2025-05-22,19964,510,5,1,12.49,Not Needed
5061,249478,2025-05-14,21353,577,33,1,9.33,Late Delivery
5062,249500,2025-05-12,16853,171,7,1,4.07,Wrong Item
5063,249594,2025-05-16,23739,137,33,1,40.71,Not Needed
5064,249679,2025-05-24,20127,567,29,1,3.78,Quality Issue
5065,249737,2025-05-26,14696,295,19,1,33.55,Quality Issue
5066,249818,2025-05-20,4504,555,11,2,23.31,Not Needed
5067,250011,2025-05-08,6667,535,17,1,8.86,Damaged
5068,250173,2025-05-08,13227,400,17,1,19.84,Not Needed
5069,250268,2025-05-10,10618,599,6,1,134.88,Quality Issue
5070,250482,2025-05-25,15407,170,13,1,1.87,Not Needed
5071,250511,2025-05-22,19272,348,9,1,14.1,Late Delivery
5072,250539,2025-05-24,18567,370,3,1,15.53,Not Needed
5073,250564,2025-05-10,1330,21,28,1,2.63,Not Needed
5074,250575,2025-05-18,24293,151,8,1,5.48,Not Needed
5075,250692,2025-05-21,23332,393,8,1,17.28,Damaged
5076,250752,2025-05-12,11741,447,32,1,22.06,Quality Issue
5077,250802,2025-05-19,5753,80,18,2,18.48,Late Delivery
5078,250808,2025-05-27,9247,673,34,1,118.97,Late Delivery
5079,250902,2025-05-12,15749,88,29,1,24.6,Quality Issue
5080,250927,2025-05-22,24606,228,23,1,16.91,Damaged
5081,251062,2025-05-17,12536,714,2,1,405.47,Quality Issue
5082,251180,2025-05-17,6556,166,5,1,7.81,Late Delivery
5083,251220,2025-05-20,8616,178,6,1,3.9,Quality Issue
5084,251259,2025-05-29,20075,40,29,2,11.69,Quality Issue
5085,251333,2025-05-14,5487,40,17,2,22.59,Wrong Item
5086,251413,2025-05-28,22266,610,28,1,161.07,Damaged
5087,251430,2025-05-25,10123,298,5,1,68.49,Not Needed
5088,251454,2025-05-19,424,64,26,2,23.23,Not Needed
5089,251538,2025-05-28,8632,169,21,2,31.56,Quality Issue
5090,251640,2025-05-15,20171,29,34,1,15.03,Not Needed
5091,251684,2025-05-11,14458,149,16,1,2.93,Not Needed
5092,251756,2025-05-12,2071,377,23,1,30.29,Late Delivery
5093,251898,2025-05-12,4798,573,25,1,11.96,Quality Issue
5094,251959,2025-05-21,9085,224,17,1,15.12,Damaged
5095,251974,2025-05-26,10681,358,17,2,13.25,Not Needed
5096,251990,2025-05-12,20086,473,11,2,13.93,Late Delivery
5097,252054,2025-05-28,15573,676,19,1,390.66,Damaged
5098,252057,2025-05-13,2435,274,9,1,58.92,Not Needed
5099,252077,2025-05-11,7674,450,9,1,12.69,Not Needed
5100,252134,2025-05-19,17452,5,18,1,4.45,Damaged
5101,252154,2025-05-27,12357,597,21,1,81.33,Quality Issue
5102,252177,2025-05-27,23949,57,3,1,3.76,Damaged
5103,252252,2025-05-13,11645,98,15,2,7.75,Not Needed
5104,252285,2025-05-17,21516,313,12,1,11.08,Damaged
5105,252317,2025-05-14,21769,423,14,1,24.99,Damaged
5106,252422,2025-05-20,19573,446,9,1,5.17,Damaged
5107,252521,2025-05-29,715,704,33,1,64.61,Late Delivery
5108,252607,2025-05-31,8098,135,15,1,3.62,Damaged
5109,252665,2025-05-25,24924,287,27,2,37.6,Damaged
5110,252771,2025-05-28,11124,430,22,1,7.63,Not Needed
5111,252853,2025-05-16,23123,98,26,2,8.63,Quality Issue
5112,252884,2025-05-14,17049,138,29,1,13.75,Not Needed
5113,252888,2025-05-14,1878,156,17,1,0.97,Not Needed
5114,252930,2025-05-22,10724,388,20,1,33.52,Wrong Item
5115,252951,2025-05-16,1756,73,22,1,9.69,Quality Issue
5116,253018,2025-05-22,13292,425,21,1,24.65,Not Needed
5117,253025,2025-05-20,5329,81,5,1,30.53,Late Delivery
5118,253053,2025-05-30,11083,105,30,1,10.07,Quality Issue
5119,253071,2025-05-25,17261,462,13,1,35.77,Late Delivery
5120,253083,2025-05-22,16268,120,8,2,30.5,Not Needed
5121,253145,2025-05-26,6004,222,2,1,27.59,Damaged
5122,253157,2025-05-18,1012,112,8,1,10.72,Not Needed
5123,253164,2025-05-24,4198,140,15,1,32.36,Late Delivery
5124,253224,2025-05-20,9348,449,16,1,21.8,Wrong Item
5125,253267,2025-05-19,23406,104,30,2,49.83,Not Needed
5126,253328,2025-05-24,8938,61,6,1,5.78,Not Needed
5127,253377,2025-05-20,6477,703,10,1,247.43,Quality Issue
5128,253383,2025-05-30,9213,227,30,1,5.11,Quality Issue
5129,253413,2025-05-15,24720,78,8,1,40.3,Not Needed
5130,253469,2025-05-27,3922,249,32,1,21.68,Quality Issue
5131,253478,2025-05-14,4005,387,13,1,13.09,Wrong Item
5132,253487,2025-05-21,15645,445,14,1,20.99,Quality Issue
5133,253508,2025-05-23,15490,456,1,1,10.78,Late Delivery
5134,253525,2025-06-02,7479,45,3,1,16.82,Late Delivery
5135,253556,2025-05-31,5235,55,32,1,20.1,Late Delivery
5136,253579,2025-05-23,11744,101,10,2,25.18,Not Needed
5137,253587,2025-05-19,7072,50,21,1,12.86,Quality Issue
5138,253612,2025-05-23,19030,401,32,1,49.14,Late Delivery
5139,253617,2025-05-19,2542,420,30,1,15.79,Quality Issue
5140,253667,2025-05-21,7496,427,28,2,5.24,Late Delivery
5141,253678,2025-06-01,16397,167,3,1,18.04,Quality Issue
5142,253714,2025-05-24,17647,518,17,1,11.28,Late Delivery
5143,253726,2025-05-15,18130,244,9,1,11.97,Not Needed
5144,253735,2025-05-21,14070,568,1,1,5.63,Damaged
5145,253763,2025-05-20,12258,290,32,1,14.58,Late Delivery
5146,253781,2025-05-30,6577,711,19,1,36.02,Damaged
5147,253801,2025-05-15,6447,605,3,2,332.11,Quality Issue
5148,253862,2025-05-31,23752,577,15,1,5.32,Quality Issue
5149,253866,2025-05-16,8616,327,14,2,34.34,Not Needed
5150,253895,2025-05-16,23253,118,11,1,5.82,Not Needed
5151,253981,2025-05-27,11903,289,19,2,61.41,Quality Issue
5152,254189,2025-05-29,21961,503,25,2,44.31,Not Needed
5153,254218,2025-06-01,24067,457,5,2,39.94,Damaged
5154,254300,2025-05-16,21279,28,14,2,35.3,Damaged
5155,254355,2025-05-30,23759,525,34,2,22.82,Quality Issue
5156,254359,2025-05-19,14029,541,5,1,26.8,Wrong Item
5157,254367,2025-05-15,21804,78,34,1,4.62,Quality Issue
5158,254428,2025-06-01,17506,461,8,1,22.68,Damaged
5159,254456,2025-05-25,24516,89,15,1,7.98,Late Delivery
5160,254468,2025-05-22,6609,234,34,1,7.94,Wrong Item
5161,254628,2025-06-02,2023,246,34,1,27.33,Damaged
5162,254655,2025-05-18,11937,134,1,2,29.46,Not Needed
5163,254693,2025-06-02,15178,609,23,1,244.04,Not Needed
5164,254761,2025-06-01,24215,571,15,1,15.02,Not Needed
5165,254815,2025-05-28,12999,15,24,2,5.4,Not Needed
5166,254876,2025-06-01,15556,17,6,1,9.6,Damaged
5167,254894,2025-06-02,91,86,2,1,11.39,Quality Issue
5168,254928,2025-05-24,836,532,14,1,27.33,Late Delivery
5169,255013,2025-05-28,12409,101,34,2,21.68,Quality Issue
5170,255036,2025-06-05,3913,33,7,2,15.14,Not Needed
5171,255193,2025-05-20,6708,502,24,2,75.62,Late Delivery
5172,255203,2025-06-02,1062,88,26,1,3.18,Not Needed
5173,255218,2025-05-24,10230,170,30,2,5.19,Not Needed
5174,255246,2025-06-05,10380,283,8,1,10.05,Damaged
5175,255330,2025-06-05,22718,217,29,2,20.13,Late Delivery
5176,255346,2025-06-05,21029,96,14,1,9.21,Not Needed
5177,255354,2025-05-21,17323,48,31,1,0.75,Late Delivery
5178,255362,2025-05-18,5767,65,21,2,11.9,Not Needed
5179,255452,2025-05-27,11595,164,32,1,7.02,Wrong Item
5180,255557,2025-06-06,19331,78,21,2,20.53,Late Delivery
5181,255573,2025-05-30,1939,453,31,1,29.73,Late Delivery
5182,255575,2025-06-05,3092,102,15,1,7.88,Quality Issue
5183,255696,2025-06-03,4575,123,12,2,15.89,Late Delivery
5184,255853,2025-05-30,1350,268,6,1,15.45,Late Delivery
5185,255865,2025-06-06,6838,130,17,1,1.07,Wrong Item
5186,255883,2025-05-25,7468,594,31,1,131.01,Quality Issue
5187,255915,2025-05-21,16349,342,32,1,12.68,Not Needed
5188,255999,2025-06-02,5952,103,7,1,6.33,Late Delivery
5189,256026,2025-05-23,16201,151,24,2,20.08,Not Needed
5190,256080,2025-05-20,9961,74,7,1,16.72,Quality Issue
5191,256083,2025-06-03,14824,225,9,2,17.9,Late Delivery
5192,256199,2025-05-20,24005,491,10,1,9.36,Damaged
5193,256241,2025-06-06,14679,216,22,2,11.63,Damaged
5194,256283,2025-05-26,2658,23,15,1,4.46,Damaged
5195,256284,2025-05-19,21408,230,9,1,11.43,Not Needed
5196,256363,2025-05-25,89,65,29,1,26.66,Not Needed
5197,256847,2025-06-04,14161,593,13,1,15.41,Damaged
5198,256874,2025-06-01,3347,173,7,2,39.22,Wrong Item
5199,256916,2025-05-24,24730,370,5,1,19.84,Damaged
5200,256932,2025-06-07,19319,317,14,2,7.3,Damaged
5201,257010,2025-05-27,4961,203,21,2,4.29,Damaged
5202,257056,2025-06-07,17071,380,23,1,19.01,Damaged
5203,257071,2025-06-08,18239,75,28,1,6.31,Damaged
5204,257174,2025-05-31,10578,192,25,1,16.99,Wrong Item
5205,257221,2025-06-04,8814,29,32,1,10.58,Damaged
5206,257348,2025-05-28,9795,377,8,1,13.01,Damaged
5207,257366,2025-05-31,4776,111,23,1,18.3,Quality Issue
5208,257404,2025-05-22,17467,22,16,2,29.4,Damaged
5209,257441,2025-06-07,22137,216,24,1,13.12,Not Needed
5210,257475,2025-06-09,3414,6,34,1,4.85,Late Delivery
5211,257522,2025-06-06,14124,52,2,2,4.02,Not Needed
5212,257558,2025-06-03,15353,624,16,1,38.04,Quality Issue
5213,257599,2025-06-09,22439,208,29,1,7.0,Quality Issue
5214,257727,2025-05-26,6798,228,34,1,36.11,Late Delivery
5215,257738,2025-06-09,4605,278,4,1,9.04,Damaged
5216,257810,2025-06-02,9320,312,21,1,16.06,Damaged
5217,257910,2025-05-27,8583,557,34,1,10.81,Wrong Item
5218,257945,2025-06-01,19015,489,4,1,47.06,Late Delivery
5219,257962,2025-06-02,13409,530,32,1,16.6,Quality Issue
5220,258136,2025-05-25,4513,90,21,1,12.24,Late Delivery
5221,258161,2025-06-01,3199,214,24,2,15.75,Late Delivery
5222,258230,2025-06-01,13596,613,33,1,438.34,Wrong Item
5223,258346,2025-06-04,11694,592,18,1,454.69,Damaged
5224,258367,2025-05-27,19747,506,14,2,48.16,Not Needed
5225,258385,2025-05-29,15943,153,8,1,19.37,Late Delivery
5226,258534,2025-05-26,16801,667,24,1,403.82,Quality Issue
5227,258663,2025-05-31,13356,472,12,1,7.19,Quality Issue
5228,258720,2025-06-12,3199,701,26,2,623.51,Damaged
5229,258872,2025-05-24,20881,492,7,1,15.18,Damaged
5230,258884,2025-06-11,13079,708,34,1,53.41,Quality Issue
5231,259000,2025-06-08,294,383,30,2,7.06,Not Needed
5232,259076,2025-06-11,19580,445,13,1,47.86,Not Needed
5233,259102,2025-06-10,24715,512,3,1,9.7,Late Delivery
5234,259134,2025-06-03,19811,9,29,1,9.17,Not Needed
5235,259140,2025-05-30,22996,137,15,2,30.7,Not Needed
5236,259226,2025-06-09,2333,532,29,2,51.55,Damaged
5237,259261,2025-06-12,3824,250,5,1,6.54,Quality Issue
5238,259277,2025-06-04,22470,492,23,1,18.36,Damaged
5239,259326,2025-05-25,15470,53,7,1,12.33,Wrong Item
5240,259386,2025-05-30,7070,191,31,2,3.85,Not Needed
5241,259414,2025-06-12,20812,553,30,1,28.56,Quality Issue
5242,259475,2025-06-02,24421,110,9,1,27.98,Quality Issue
5243,259534,2025-06-02,17236,3,28,1,4.44,Wrong Item
5244,259608,2025-05-28,2064,581,10,1,1.65,Not Needed
5245,259623,2025-05-30,12260,75,13,1,8.36,Quality Issue
5246,259661,2025-06-12,14171,18,8,2,2.71,Not Needed
5247,259675,2025-06-05,1079,84,21,1,2.54,Not Needed
5248,259698,2025-05-31,13874,325,9,2,71.78,Not Needed
5249,259785,2025-06-11,20003,251,10,1,17.09,Quality Issue
5250,259813,2025-06-14,14054,28,3,2,6.59,Late Delivery
5251,259818,2025-06-11,7980,617,14,1,458.44,Not Needed
5252,259978,2025-06-09,5987,58,13,2,7.53,Not Needed
5253,260043,2025-05-31,17029,139,30,1,12.38,Not Needed
5254,260065,2025-06-06,6218,315,31,2,14.29,Damaged
5255,260087,2025-06-12,4196,88,3,1,20.5,Not Needed
5256,260117,2025-06-06,24649,707,32,1,415.2,Not Needed
5257,260134,2025-06-01,20771,313,15,1,9.18,Not Needed
5258,260195,2025-06-03,13268,11,19,1,11.75,Quality Issue
5259,260206,2025-06-12,14307,67,12,1,14.7,Quality Issue
5260,260208,2025-06-08,4253,130,16,1,3.24,Damaged
5261,260222,2025-06-14,16958,511,30,2,51.63,Not Needed
5262,260240,2025-05-31,13712,126,30,1,3.66,Quality Issue
5263,260270,2025-06-06,10310,265,32,2,15.38,Late Delivery
5264,260304,2025-06-02,21037,88,3,1,4.15,Quality Issue
5265,260307,2025-06-06,18945,579,9,2,47.65,Not Needed
5266,260341,2025-05-27,12325,68,31,1,47.73,Quality Issue
5267,260346,2025-06-15,12845,236,9,1,3.64,Damaged
5268,260574,2025-06-07,22512,507,26,1,4.68,Damaged
5269,260575,2025-06-04,16605,597,4,1,71.36,Damaged
5270,260584,2025-06-02,2108,224,18,1,11.78,Quality Issue
5271,260628,2025-06-08,880,77,18,1,37.95,Not Needed
5272,260735,2025-06-06,21479,207,34,1,5.94,Damaged
5273,260791,2025-06-09,6897,25,18,1,6.75,Late Delivery
5274,260857,2025-05-28,23476,625,18,1,558.82,Not Needed
5275,260973,2025-06-05,9846,27,23,1,15.95,Not Needed
5276,261008,2025-06-04,15098,328,15,1,14.16,Late Delivery
5277,261064,2025-06-12,4503,600,23,1,25.77,Quality Issue
5278,261142,2025-06-02,16852,566,13,1,25.35,Not Needed
5279,261165,2025-06-05,2277,330,17,2,47.59,Not Needed
5280,261175,2025-06-10,15226,141,16,2,19.97,Not Needed
5281,261278,2025-05-31,10799,326,29,1,10.5,Late Delivery
5282,261325,2025-06-14,2344,22,15,2,54.35,Not Needed
5283,261346,2025-06-16,16224,178,7,1,17.04,Quality Issue
5284,261371,2025-06-13,13175,437,32,1,35.55,Quality Issue
5285,261419,2025-06-02,990,538,17,2,6.54,Not Needed
5286,261620,2025-05-31,8085,64,5,2,19.42,Damaged
5287,261702,2025-06-04,23038,465,29,1,2.76,Damaged
5288,261764,2025-06-08,17437,498,3,1,30.63,Quality Issue
5289,261843,2025-06-14,15392,445,15,1,14.72,Late Delivery
5290,261952,2025-06-10,11341,558,5,1,13.2,Not Needed
5291,261992,2025-06-14,8766,716,24,1,455.63,Not Needed
5292,261996,2025-06-05,19087,489,24,1,28.26,Not Needed
5293,262084,2025-06-08,19022,214,27,2,18.56,Not Needed
5294,262236,2025-06-07,16824,417,5,2,34.25,Quality Issue
5295,262265,2025-06-13,9345,338,34,2,75.66,Wrong Item
5296,262396,2025-06-09,5434,359,15,1,5.49,Not Needed
5297,262422,2025-06-18,12682,96,34,1,19.03,Damaged
5298,262522,2025-06-01,11750,432,15,1,7.67,Late Delivery
5299,262536,2025-06-17,13300,37,15,1,29.3,Quality Issue
5300,262589,2025-06-03,8155,228,30,2,94.75,Not Needed
5301,262683,2025-06-06,6683,80,9,1,4.26,Wrong Item
5302,262713,2025-06-12,24584,47,29,2,39.69,Damaged
5303,262724,2025-06-17,4494,42,32,1,9.51,Not Needed
5304,262810,2025-06-18,17990,469,6,2,5.98,Quality Issue
5305,262831,2025-06-04,4163,64,13,1,7.5,Late Delivery
5306,262925,2025-06-11,7937,464,33,1,22.63,Not Needed
5307,262971,2025-06-14,5502,38,29,2,2.79,Not Needed
5308,263048,2025-06-19,2606,573,9,1,41.27,Damaged
5309,263073,2025-06-16,24925,410,16,1,18.41,Damaged
5310,263074,2025-06-10,24067,89,20,1,6.3,Not Needed
5311,263164,2025-06-19,13435,494,27,1,2.57,Late Delivery
5312,263183,2025-06-11,4106,444,4,2,9.62,Damaged
5313,263202,2025-06-14,24828,136,14,1,11.36,Not Needed
5314,263226,2025-06-10,23959,535,17,2,20.64,Not Needed
5315,263258,2025-06-05,5387,216,9,1,5.79,Quality Issue
5316,263362,2025-06-18,23592,327,29,1,8.87,Not Needed
5317,263408,2025-06-14,63,553,34,2,34.47,Late Delivery
5318,263411,2025-06-11,19697,346,20,1,7.98,Late Delivery
5319,263453,2025-06-11,12132,99,21,1,3.82,Quality Issue
5320,263485,2025-06-08,808,145,20,2,14.47,Not Needed
5321,263509,2025-06-17,5332,279,10,1,22.54,Late Delivery
5322,263615,2025-06-06,19745,361,20,1,54.12,Late Delivery
5323,263636,2025-06-20,22158,575,19,1,22.23,Quality Issue
5324,263676,2025-06-09,364,186,20,1,8.13,Damaged
5325,263769,2025-06-21,8794,58,10,1,5.35,Quality Issue
5326,263821,2025-06-10,861,286,7,1,24.67,Not Needed
5327,263859,2025-06-04,138,563,25,1,25.28,Quality Issue
5328,263879,2025-06-10,8348,587,15,2,55.78,Not Needed
5329,263884,2025-06-20,22980,125,9,2,11.66,Wrong Item
5330,263928,2025-06-19,5589,274,25,1,44.74,Late Delivery
5331,263967,2025-06-21,11238,501,20,1,13.55,Not Needed
5332,263989,2025-06-17,6164,625,6,1,540.15,Late Delivery
5333,263994,2025-06-02,69,303,20,1,54.73,Quality Issue
5334,264000,2025-06-06,2969,75,19,2,15.75,Damaged
5335,264002,2025-06-18,3864,13,12,2,3.15,Quality Issue
5336,264066,2025-06-04,22747,275,23,2,69.59,Not Needed
5337,264141,2025-06-03,15954,678,33,1,137.85,Damaged
5338,264156,2025-06-07,926,523,29,2,70.14,Late Delivery
5339,264288,2025-06-10,11031,248,14,2,25.77,Late Delivery
5340,264296,2025-06-07,22306,564,10,1,1.86,Quality Issue
5341,264324,2025-06-07,15772,385,20,1,4.98,Not Needed
5342,264402,2025-06-04,8331,121,16,1,3.24,Wrong Item
5343,264494,2025-06-09,20827,419,29,1,26.99,Quality Issue
5344,264598,2025-06-19,18885,100,14,1,27.89,Not Needed
5345,264624,2025-06-08,7366,405,21,1,22.19,Damaged
5346,264630,2025-06-20,10520,698,1,1,405.32,Quality Issue
5347,264662,2025-06-20,4530,207,26,1,19.99,Quality Issue
5348,264701,2025-06-06,13451,345,32,2,76.08,Quality Issue
5349,264709,2025-06-09,9692,80,28,1,14.74,Quality Issue
5350,264760,2025-06-14,7071,353,30,1,10.13,Damaged
5351,264773,2025-06-09,2815,17,15,1,6.15,Quality Issue
5352,264836,2025-06-06,20342,174,30,1,3.65,Not Needed
5353,264906,2025-06-06,23576,252,23,1,5.63,Quality Issue
5354,264942,2025-06-07,13846,379,30,1,30.7,Not Needed
5355,264959,2025-06-20,24692,351,33,2,86.68,Quality Issue
5356,264997,2025-06-04,11989,149,32,1,7.93,Wrong Item
5357,265082,2025-06-06,6673,174,18,2,10.57,Not Needed
5358,265118,2025-06-09,16346,240,5,1,10.47,Damaged
5359,265131,2025-06-11,2047,642,31,1,126.98,Damaged
5360,265138,2025-06-09,22913,274,33,1,28.61,Not Needed
5361,265155,2025-06-05,4863,149,26,2,6.2,Not Needed
5362,265156,2025-06-14,7057,123,6,2,20.19,Not Needed
5363,265194,2025-06-22,17037,105,22,1,4.54,Damaged
5364,265327,2025-06-20,5601,39,19,1,4.09,Not Needed
5365,265387,2025-06-11,23518,21,32,2,11.24,Not Needed
5366,265450,2025-06-06,14380,661,13,2,621.99,Quality Issue
5367,265506,2025-06-21,8468,394,29,1,34.39,Quality Issue
5368,265701,2025-06-11,11915,282,29,1,23.1,Not Needed
5369,265702,2025-06-16,14280,285,18,1,23.21,Quality Issue
5370,265819,2025-06-09,11775,660,11,1,169.75,Not Needed
5371,265886,2025-06-14,21638,515,31,1,27.55,Quality Issue
5372,265933,2025-06-06,5263,261,13,1,37.03,Late Delivery
5373,265965,2025-06-20,4773,18,13,1,5.68,Late Delivery
5374,266027,2025-06-07,1479,680,27,1,450.44,Not Needed
5375,266036,2025-06-25,10473,397,18,1,18.81,Not Needed
5376,266039,2025-06-22,8213,117,8,1,6.89,Damaged
5377,266114,2025-06-15,17545,420,17,1,66.83,Late Delivery
5378,266209,2025-06-16,1065,311,31,2,39.8,Late Delivery
5379,266268,2025-06-14,5814,100,17,1,19.93,Wrong Item
5380,266290,2025-06-07,20966,585,34,1,5.21,Damaged
5381,266337,2025-06-15,11940,186,8,1,11.75,Late Delivery
5382,266433,2025-06-26,15826,16,32,2,7.4,Quality Issue
5383,266570,2025-06-24,17370,487,33,1,6.37,Quality Issue
5384,266624,2025-06-18,21436,718,16,1,271.96,Quality Issue
5385,266763,2025-06-22,19580,63,8,1,15.94,Quality Issue
5386,266796,2025-06-23,3354,115,21,2,9.88,Not Needed
5387,266836,2025-06-21,5050,113,26,1,24.2,Damaged
5388,266893,2025-06-19,21415,333,28,2,24.89,Damaged
5389,266900,2025-06-11,19346,582,24,1,6.92,Not Needed
5390,267012,2025-06-24,16608,73,28,1,2.37,Quality Issue
5391,267029,2025-06-09,22831,552,10,1,9.94,Quality Issue
5392,267052,2025-06-09,19760,655,12,1,130.66,Damaged
5393,267055,2025-06-27,12461,12,8,1,7.9,Wrong Item
5394,267098,2025-06-20,698,134,1,2,52.26,Not Needed
5395,267099,2025-06-27,24933,161,7,2,44.5,Damaged
5396,267114,2025-06-19,9159,245,29,2,18.27,Damaged
5397,267148,2025-06-20,24260,215,14,1,2.58,Not Needed
5398,267255,2025-06-28,14480,489,9,1,39.5,Damaged
5399,267269,2025-06-22,1431,128,33,2,16.66,Not Needed
5400,267331,2025-06-17,12187,17,3,2,4.19,Quality Issue
5401,267340,2025-06-11,12903,190,24,2,30.08,Damaged
5402,267462,2025-06-20,19085,96,13,1,6.9,Late Delivery
5403,267555,2025-06-11,947,572,9,2,48.41,Damaged
5404,267577,2025-06-09,656,212,15,1,2.21,Not Needed
5405,267672,2025-06-15,10592,538,9,1,13.31,Late Delivery
5406,267673,2025-06-13,23540,376,20,1,12.13,Damaged
5407,267704,2025-06-20,23053,122,22,1,9.48,Not Needed
5408,267715,2025-06-18,24978,89,27,1,15.46,Damaged
5409,267875,2025-06-25,19748,47,23,2,12.57,Wrong Item
5410,267894,2025-06-23,5591,580,10,1,6.66,Late Delivery
5411,267949,2025-06-19,4362,49,7,2,7.84,Not Needed
5412,267979,2025-06-17,13206,577,21,1,8.3,Not Needed
5413,268023,2025-06-27,21376,293,11,2,22.33,Quality Issue
5414,268107,2025-06-26,16561,106,19,1,3.76,Not Needed
5415,268207,2025-06-10,10207,44,25,1,8.43,Damaged
5416,268227,2025-06-18,22948,110,7,1,8.66,Quality Issue
5417,268237,2025-06-26,7371,27,9,1,16.26,Quality Issue
5418,268283,2025-06-22,4849,64,33,1,23.98,Wrong Item
5419,268340,2025-06-21,20150,276,18,1,25.7,Damaged
5420,268422,2025-06-14,17781,284,27,1,25.82,Not Needed
5421,268519,2025-06-25,13621,301,15,1,20.03,Not Needed
5422,268619,2025-06-19,11643,207,27,2,25.99,Damaged
5423,268690,2025-06-30,920,63,28,1,9.5,Not Needed
5424,268715,2025-06-18,13414,145,9,1,20.38,Late Delivery
5425,268788,2025-06-26,11227,78,27,1,29.04,Quality Issue
5426,268799,2025-06-16,15346,175,18,1,1.26,Late Delivery
5427,268857,2025-06-23,16575,130,14,1,1.33,Late Delivery
5428,268932,2025-06-15,7839,540,19,1,55.41,Wrong Item
5429,268964,2025-06-29,20456,450,14,1,5.16,Not Needed
5430,268969,2025-06-13,1114,171,21,1,4.49,Late Delivery
5431,269012,2025-07-01,7335,650,18,1,408.6,Wrong Item
5432,269025,2025-06-17,14630,637,26,2,544.82,Not Needed
5433,269089,2025-06-12,3834,260,34,1,26.61,Wrong Item
5434,269296,2025-06-14,14755,125,13,2,36.29,Damaged
5435,269319,2025-06-13,13566,333,21,1,33.48,Wrong Item
5436,269385,2025-06-21,9649,99,29,2,10.26,Not Needed
5437,269457,2025-06-18,11988,537,19,1,9.69,Damaged
5438,269635,2025-06-30,2335,459,29,2,77.57,Late Delivery
5439,269665,2025-06-15,2208,96,31,1,10.57,Quality Issue
5440,269678,2025-06-26,13623,29,8,1,37.98,Damaged
5441,269861,2025-06-14,6714,503,9,1,55.46,Late Delivery
5442,269916,2025-06-25,17800,154,18,1,25.44,Quality Issue
5443,269941,2025-06-30,3345,192,34,1,24.75,Late Delivery
5444,269992,2025-06-30,23812,523,14,1,25.75,Quality Issue
5445,270111,2025-06-15,2876,169,14,2,22.44,Wrong Item
5446,270159,2025-07-01,6859,93,5,2,5.16,Damaged
5447,270269,2025-06-15,9415,338,28,1,21.36,Late Delivery
5448,270313,2025-06-22,19525,330,2,1,14.91,Wrong Item
5449,270361,2025-06-28,12088,426,12,1,16.33,Wrong Item
5450,270388,2025-06-27,8263,39,16,1,6.65,Wrong Item
5451,270403,2025-06-29,12899,424,17,2,67.26,Late Delivery
5452,270447,2025-06-25,21836,390,32,2,16.21,Quality Issue
5453,270483,2025-06-20,18330,620,26,1,12.95,Late Delivery
5454,270508,2025-06-22,383,251,31,1,17.62,Late Delivery
5455,270561,2025-06-19,5261,451,8,1,10.15,Not Needed
5456,270565,2025-07-01,21267,176,18,2,19.9,Quality Issue
5457,270573,2025-06-20,12011,189,22,1,10.04,Quality Issue
5458,270626,2025-06-24,5696,343,2,1,7.04,Late Delivery
5459,270673,2025-07-02,6519,36,34,2,6.56,Quality Issue
5460,270676,2025-07-03,11031,38,19,1,2.45,Wrong Item
5461,270702,2025-06-30,17014,192,2,1,19.55,Wrong Item
5462,270756,2025-06-15,6912,538,18,1,15.09,Damaged
5463,270818,2025-06-29,11672,361,33,2,66.83,Quality Issue
5464,270873,2025-07-03,986,139,29,1,11.42,Quality Issue
5465,270878,2025-06-22,12259,145,29,1,19.78,Quality Issue
5466,270924,2025-06-18,20925,172,2,1,3.56,Quality Issue
5467,270946,2025-06-27,964,116,3,1,12.65,Not Needed
5468,270968,2025-06-23,11388,85,4,1,6.24,Late Delivery
5469,270973,2025-07-03,8037,143,13,2,12.98,Quality Issue
5470,270985,2025-07-05,12142,244,19,1,10.44,Not Needed
5471,271027,2025-06-22,23795,449,8,1,20.1,Wrong Item
5472,271045,2025-07-02,8145,95,11,1,2.66,Quality Issue
5473,271115,2025-07-03,16077,36,19,2,21.89,Damaged
5474,271127,2025-07-02,10246,409,8,1,11.23,Late Delivery
5475,271130,2025-06-21,3136,251,26,1,16.22,Quality Issue
5476,271216,2025-06-23,9066,227,33,1,11.95,Not Needed
5477,271295,2025-07-05,24072,537,5,1,14.62,Not Needed
5478,271330,2025-06-27,15913,124,3,2,8.43,Damaged
5479,271375,2025-06-21,7759,681,32,1,109.91,Wrong Item
5480,271403,2025-06-20,16371,43,17,2,10.52,Quality Issue
5481,271410,2025-06-26,8705,424,14,2,53.88,Damaged
5482,271451,2025-07-05,11047,363,1,2,14.69,Quality Issue
5483,271527,2025-06-24,1284,307,29,2,9.55,Not Needed
5484,271600,2025-06-20,11139,341,31,2,27.42,Late Delivery
5485,271630,2025-06-23,19618,572,27,1,9.13,Not Needed
5486,271684,2025-06-17,22573,223,33,1,12.76,Damaged
5487,271698,2025-07-03,24546,32,34,2,36.03,Late Delivery
5488,271735,2025-06-20,19030,499,13,1,11.66,Not Needed
5489,271851,2025-06-20,23025,272,26,2,53.91,Late Delivery
5490,271918,2025-06-28,3861,95,20,1,3.84,Damaged
5491,271967,2025-06-22,10793,295,14,1,71.13,Not Needed
5492,271973,2025-07-04,6214,190,22,2,35.0,Quality Issue
5493,271978,2025-07-06,12874,196,31,1,14.94,Quality Issue
5494,272054,2025-07-06,5187,97,26,1,1.52,Quality Issue
5495,272077,2025-07-05,17713,70,3,2,4.22,Late Delivery
5496,272120,2025-06-19,24876,526,31,1,57.95,Quality Issue
5497,272191,2025-07-05,21864,274,29,1,66.56,Wrong Item
5498,272198,2025-06-30,18125,311,33,1,13.41,Not Needed
5499,272206,2025-07-06,4164,190,27,1,9.79,Late Delivery
5500,272248,2025-06-25,14278,102,21,1,8.29,Wrong Item
5501,272263,2025-06-28,9989,377,32,2,96.7,Quality Issue
5502,272334,2025-07-05,8490,265,12,2,22.21,Not Needed
5503,272345,2025-07-04,21191,243,26,1,15.66,Quality Issue
5504,272346,2025-06-24,13824,34,2,1,3.49,Wrong Item
5505,272418,2025-06-19,3912,153,24,1,24.4,Not Needed
5506,272436,2025-06-19,20132,54,14,1,7.77,Late Delivery
5507,272456,2025-06-18,21636,231,14,1,54.18,Wrong Item
5508,272532,2025-06-25,10589,587,29,1,107.35,Late Delivery
5509,272567,2025-07-08,3556,647,24,1,265.23,Quality Issue
5510,272596,2025-06-25,7711,390,20,2,5.79,Not Needed
5511,272632,2025-06-30,9469,322,12,2,41.22,Wrong Item
5512,272670,2025-06-25,18396,220,17,1,25.24,Late Delivery
5513,272900,2025-07-01,14925,169,29,1,4.97,Not Needed
5514,272940,2025-07-06,6487,342,33,1,9.66,Not Needed
5515,272994,2025-07-06,11254,204,8,1,1.65,Damaged
5516,273033,2025-06-23,21594,8,24,1,1.89,Late Delivery
5517,273133,2025-07-05,4160,216,27,1,7.14,Damaged
5518,273190,2025-06-24,7023,75,27,2,40.79,Late Delivery
5519,273219,2025-06-29,16678,396,32,1,19.24,Late Delivery
5520,273284,2025-07-06,1873,323,32,1,9.58,Quality Issue
5521,273300,2025-07-03,3231,22,30,2,23.54,Not Needed
5522,273482,2025-06-22,18466,448,29,1,19.53,Damaged
5523,273511,2025-06-28,14153,114,2,1,12.63,Not Needed
5524,273543,2025-06-26,4193,158,9,1,5.05,Not Needed
5525,273562,2025-06-25,23954,284,9,1,31.03,Damaged
5526,273627,2025-07-07,4912,683,20,1,101.11,Quality Issue
5527,273633,2025-06-21,14982,139,32,2,12.32,Quality Issue
5528,273661,2025-06-21,7305,267,3,1,22.6,Damaged
5529,273697,2025-07-05,10148,207,8,1,8.57,Damaged
5530,273710,2025-06-27,24849,572,21,1,11.67,Damaged
5531,273798,2025-06-24,23644,414,2,1,10.98,Quality Issue
5532,273873,2025-07-04,16859,705,4,1,36.18,Quality Issue
5533,273891,2025-07-08,19418,458,34,2,29.92,Not Needed
5534,273904,2025-07-08,4856,527,27,1,78.0,Wrong Item
5535,273913,2025-07-03,10577,347,32,1,3.65,Late Delivery
5536,273944,2025-06-26,21433,70,12,2,6.61,Quality Issue
5537,273965,2025-07-10,16254,446,17,1,9.15,Not Needed
5538,274008,2025-07-05,24769,59,26,2,9.35,Wrong Item
5539,274035,2025-07-05,10515,451,32,2,26.77,Damaged
5540,274086,2025-07-03,7901,123,33,1,20.0,Quality Issue
5541,274159,2025-07-03,24853,50,29,1,18.31,Wrong Item
5542,274195,2025-06-25,6662,128,34,2,30.23,Not Needed
5543,274251,2025-07-05,12934,586,33,1,325.6,Late Delivery
5544,274367,2025-06-27,11398,70,18,1,7.23,Damaged
5545,274556,2025-07-09,16320,495,12,1,18.55,Late Delivery
5546,274582,2025-06-27,17081,312,20,1,6.06,Quality Issue
5547,274599,2025-06-26,17637,14,6,2,4.44,Late Delivery
5548,274663,2025-07-02,1389,344,31,2,35.19,Not Needed
5549,274666,2025-07-10,16837,122,33,1,4.06,Late Delivery
5550,274673,2025-06-27,4363,669,11,1,52.57,Damaged
5551,274732,2025-06-28,20864,209,17,1,3.44,Not Needed
5552,274746,2025-07-01,2095,705,18,1,38.81,Not Needed
5553,274866,2025-06-23,999,645,10,2,322.7,Not Needed
5554,274901,2025-06-29,15110,309,30,1,29.77,Not Needed
5555,274915,2025-07-04,2709,90,9,1,9.47,Not Needed
5556,274987,2025-06-30,22006,230,33,2,46.5,Not Needed
5557,274991,2025-06-30,8672,447,24,1,12.16,Late Delivery
5558,275039,2025-07-09,9173,211,32,2,19.03,Not Needed
5559,275078,2025-06-29,16370,4,20,2,32.81,Quality Issue
5560,275083,2025-07-03,7930,54,32,1,1.75,Not Needed
5561,275135,2025-07-09,10880,409,3,1,10.42,Quality Issue
5562,275136,2025-07-01,21613,184,33,1,18.23,Wrong Item
5563,275377,2025-06-30,13693,301,22,1,28.48,Wrong Item
5564,275471,2025-07-04,13581,600,31,1,32.66,Not Needed
5565,275503,2025-07-06,4611,175,3,2,6.66,Damaged
5566,275513,2025-06-27,7420,142,25,1,6.89,Not Needed
5567,275583,2025-07-13,22060,21,4,2,7.69,Quality Issue
5568,275600,2025-07-10,7716,308,20,1,26.96,Wrong Item
5569,275669,2025-07-13,2134,377,21,1,91.05,Not Needed
5570,275677,2025-07-05,12744,277,10,2,38.45,Late Delivery
5571,275781,2025-06-24,23286,525,5,1,19.99,Wrong Item
5572,275828,2025-07-02,21406,543,29,1,10.77,Wrong Item
5573,275925,2025-07-13,4809,133,2,1,4.95,Quality Issue
5574,275978,2025-07-03,7809,502,11,2,35.6,Wrong Item
5575,276054,2025-07-05,20786,14,11,1,4.85,Wrong Item
5576,276104,2025-07-12,16898,309,16,2,85.33,Damaged
5577,276159,2025-07-05,23982,109,19,1,16.62,Wrong Item
5578,276182,2025-06-25,12325,10,5,2,7.31,Late Delivery
5579,276265,2025-07-14,21418,175,18,2,5.86,Late Delivery
5580,276273,2025-07-14,23701,594,13,1,112.35,Not Needed
5581,276281,2025-07-06,6615,579,14,1,15.5,Not Needed
5582,276413,2025-07-12,3374,86,32,1,11.45,Damaged
5583,276476,2025-07-11,6881,122,29,2,6.28,Damaged
5584,276479,2025-06-26,1775,7,18,1,18.54,Damaged
5585,276535,2025-07-09,2261,68,18,1,16.68,Not Needed
5586,276640,2025-07-12,11256,149,17,2,4.58,Quality Issue
5587,276648,2025-07-06,17569,436,14,2,37.23,Damaged
5588,276710,2025-07-03,5942,124,5,1,4.84,Not Needed
5589,276720,2025-07-13,19030,71,26,1,6.61,Not Needed
5590,276744,2025-07-01,1573,122,34,1,22.59,Late Delivery
5591,276835,2025-06-27,15245,290,26,2,23.03,Wrong Item
5592,276867,2025-07-04,584,622,32,1,87.08,Wrong Item
5593,276897,2025-07-02,5844,40,33,1,6.41,Damaged
5594,276915,2025-07-13,2143,9,29,1,22.9,Not Needed
5595,277017,2025-07-09,4624,366,26,1,9.32,Quality Issue
5596,277106,2025-07-11,8061,71,21,1,2.05,Quality Issue
5597,277156,2025-06-27,5416,132,21,2,27.13,Damaged
5598,277206,2025-07-15,17740,245,34,1,21.33,Not Needed
5599,277217,2025-07-14,12136,32,12,2,12.42,Quality Issue
5600,277276,2025-07-01,885,187,31,2,34.16,Not Needed
5601,277290,2025-07-14,13418,566,13,2,36.01,Quality Issue
5602,277291,2025-06-30,8077,554,20,1,3.62,Quality Issue
5603,277318,2025-07-01,10348,215,9,1,2.82,Quality Issue
5604,277322,2025-07-14,21524,651,13,1,29.62,Not Needed
5605,277376,2025-07-06,24398,93,12,2,10.6,Not Needed
5606,277441,2025-06-29,19856,531,16,1,44.34,Late Delivery
5607,277463,2025-06-28,11351,77,18,2,20.03,Late Delivery
5608,277467,2025-07-06,21127,35,32,1,13.88,Wrong Item
5609,277483,2025-07-10,5955,544,14,1,1.96,Wrong Item
5610,277511,2025-06-30,13066,14,30,2,10.02,Not Needed
5611,277516,2025-07-16,12447,22,12,1,10.66,Quality Issue
5612,277528,2025-07-07,13286,37,28,1,8.03,Not Needed
5613,277571,2025-07-02,9534,77,34,1,32.16,Damaged
5614,277576,2025-07-03,11689,482,23,2,32.15,Quality Issue
5615,277615,2025-07-03,15738,50,23,2,17.08,Wrong Item
5616,277717,2025-06-30,12751,138,6,1,16.97,Not Needed
5617,277720,2025-06-28,7865,616,4,1,329.41,Quality Issue
5618,277911,2025-06-29,19977,452,23,1,19.56,Quality Issue
5619,277917,2025-07-17,5612,22,33,1,29.58,Not Needed
5620,277968,2025-07-11,20048,54,6,1,12.23,Quality Issue
5621,277980,2025-07-01,14138,36,19,1,30.66,Not Needed
5622,278062,2025-07-04,2407,222,15,2,21.69,Late Delivery
5623,278198,2025-07-15,11267,135,15,2,11.39,Not Needed
5624,278204,2025-07-11,20805,118,29,1,1.41,Damaged
5625,278235,2025-06-29,10531,519,30,1,11.97,Not Needed
5626,278310,2025-07-16,7390,67,34,2,24.61,Not Needed
5627,278339,2025-07-05,6108,18,22,2,3.17,Not Needed
5628,278343,2025-07-15,14682,493,24,1,48.52,Late Delivery
5629,278351,2025-07-01,12482,46,14,2,19.41,Damaged
5630,278583,2025-07-02,21662,584,1,1,20.21,Damaged
5631,278668,2025-07-11,18419,219,2,1,3.65,Not Needed
5632,278752,2025-07-19,7409,182,14,2,23.17,Not Needed
5633,278753,2025-07-16,17162,33,20,2,17.91,Not Needed
5634,278756,2025-07-05,13841,342,20,2,41.7,Quality Issue
5635,278772,2025-07-13,22885,526,21,2,71.98,Quality Issue
5636,278784,2025-06-30,4841,438,15,1,15.93,Damaged
5637,278795,2025-07-01,24196,486,8,1,21.54,Late Delivery
5638,278801,2025-07-08,2506,639,29,1,180.4,Quality Issue
5639,278845,2025-07-18,5676,71,10,1,3.81,Quality Issue
5640,278917,2025-07-15,396,121,9,1,3.7,Not Needed
5641,278946,2025-07-10,9971,104,15,2,18.6,Late Delivery
5642,279043,2025-07-03,13203,60,9,1,3.3,Late Delivery
5643,279048,2025-07-09,20503,367,3,1,12.78,Quality Issue
5644,279075,2025-07-12,21284,194,15,2,3.08,Quality Issue
5645,279141,2025-07-11,16941,158,27,1,35.45,Wrong Item
5646,279142,2025-07-09,11340,79,34,1,9.6,Quality Issue
5647,279145,2025-07-17,6509,650,31,1,424.87,Late Delivery
5648,279226,2025-07-03,15406,108,7,1,3.4,Late Delivery
5649,279452,2025-07-17,6778,262,6,1,21.44,Wrong Item
5650,279493,2025-07-04,3992,108,17,2,6.16,Late Delivery
5651,279519,2025-07-04,6316,455,3,1,3.17,Quality Issue
5652,279541,2025-07-13,8966,253,5,1,25.9,Late Delivery
5653,279615,2025-07-17,22259,189,14,1,8.01,Not Needed
5654,279645,2025-07-07,356,656,27,1,301.98,Late Delivery
5655,279673,2025-07-09,5156,687,9,1,190.98,Damaged
5656,279842,2025-07-08,5445,15,29,2,11.52,Late Delivery
5657,279868,2025-07-17,4987,607,6,2,39.58,Wrong Item
5658,279879,2025-07-13,5531,286,33,1,15.42,Wrong Item
5659,279891,2025-07-03,4633,67,6,2,23.86,Wrong Item
5660,279929,2025-07-21,15912,715,8,1,10.85,Not Needed
5661,280006,2025-07-13,17637,517,28,2,15.37,Damaged
5662,280068,2025-07-09,21348,206,7,2,51.76,Not Needed
5663,280136,2025-07-05,16032,692,26,1,178.76,Damaged
5664,280162,2025-07-17,6434,203,20,1,0.64,Damaged
5665,280187,2025-07-06,19402,431,34,1,24.07,Not Needed
5666,280189,2025-07-15,12443,8,17,2,6.06,Not Needed
5667,280196,2025-07-20,10888,32,21,2,30.33,Quality Issue
5668,280282,2025-07-08,16299,392,13,1,74.77,Quality Issue
5669,280334,2025-07-04,1327,581,24,2,2.89,Late Delivery
5670,280559,2025-07-08,12825,337,17,1,54.54,Quality Issue
5671,280584,2025-07-22,12983,336,32,1,15.5,Not Needed
5672,280587,2025-07-20,2460,180,14,1,2.79,Not Needed
5673,280642,2025-07-06,17897,134,19,2,32.25,Wrong Item
5674,280643,2025-07-20,10797,358,31,2,5.66,Wrong Item
5675,280651,2025-07-20,17360,584,12,1,19.86,Not Needed
5676,280702,2025-07-21,21211,44,31,1,17.59,Wrong Item
5677,280721,2025-07-10,7302,557,33,1,4.25,Damaged
5678,280730,2025-07-20,2816,210,19,1,16.06,Not Needed
5679,280856,2025-07-13,3802,107,14,1,1.49,Wrong Item
5680,280886,2025-07-19,13640,36,26,1,9.18,Not Needed
5681,280918,2025-07-22,1374,161,9,1,24.99,Wrong Item
5682,280961,2025-07-13,6602,499,20,1,29.76,Quality Issue
5683,280965,2025-07-04,8023,13,21,1,2.92,Not Needed
5684,281194,2025-07-10,16276,273,24,1,12.89,Not Needed
5685,281199,2025-07-21,24451,137,18,1,25.48,Damaged
5686,281202,2025-07-13,24280,418,34,1,26.85,Damaged
5687,281253,2025-07-19,9303,106,32,1,17.33,Late Delivery
5688,281265,2025-07-24,6900,370,23,1,13.21,Wrong Item
5689,281428,2025-07-17,6208,63,10,1,66.58,Late Delivery
5690,281485,2025-07-22,19540,92,33,1,1.72,Damaged
5691,281497,2025-07-11,23747,141,2,1,2.62,Not Needed
5692,281504,2025-07-09,6774,55,33,2,11.07,Damaged
5693,281513,2025-07-19,14058,488,28,2,11.14,Not Needed
5694,281571,2025-07-07,112,413,30,2,11.33,Late Delivery
5695,281644,2025-07-15,16202,492,20,2,35.2,Not Needed
5696,281653,2025-07-06,20292,330,10,2,21.61,Not Needed
5697,281659,2025-07-22,12024,326,17,1,14.9,Damaged
5698,281698,2025-07-17,19947,59,13,2,27.95,Damaged
5699,281725,2025-07-08,14605,47,18,1,4.01,Quality Issue
5700,281727,2025-07-21,18111,177,9,2,21.06,Not Needed
5701,281745,2025-07-11,16617,561,7,1,9.84,Quality Issue
5702,281746,2025-07-08,21236,179,29,1,2.62,Wrong Item
5703,281818,2025-07-15,3533,157,19,1,5.54,Not Needed
5704,281829,2025-07-25,5144,122,33,2,8.67,Damaged
5705,281877,2025-07-12,10368,638,29,1,19.04,Late Delivery
5706,281925,2025-07-11,19005,553,34,1,15.16,Quality Issue
5707,281965,2025-07-14,6285,409,5,1,27.86,Damaged
5708,281978,2025-07-10,13856,352,28,1,12.13,Late Delivery
5709,282009,2025-07-14,11240,346,31,1,12.49,Wrong Item
5710,282072,2025-07-21,24816,212,27,1,13.9,Damaged
5711,282094,2025-07-19,19820,554,34,2,15.84,Not Needed
5712,282117,2025-07-18,12835,106,22,1,3.62,Not Needed
5713,282118,2025-07-20,2118,559,33,1,25.11,Damaged
5714,282134,2025-07-13,10684,280,19,1,25.32,Quality Issue
5715,282194,2025-07-23,21615,82,1,1,5.33,Not Needed
5716,282244,2025-07-12,19721,366,21,2,9.49,Late Delivery
5717,282265,2025-07-15,13735,560,17,1,47.07,Damaged
5718,282283,2025-07-17,18648,182,12,1,16.0,Not Needed
5719,282313,2025-07-22,22468,703,8,2,406.05,Damaged
5720,282343,2025-07-15,20586,578,30,1,15.96,Not Needed
5721,282447,2025-07-16,24101,12,15,1,11.5,Not Needed
5722,282504,2025-07-14,9028,50,21,1,14.63,Quality Issue
5723,282511,2025-07-22,6296,29,10,2,26.58,Not Needed
5724,282565,2025-07-11,2227,442,23,1,19.92,Not Needed
5725,282573,2025-07-16,19473,208,19,2,11.7,Quality Issue
5726,282601,2025-07-13,11284,560,14,1,7.53,Not Needed
5727,282611,2025-07-15,16888,77,33,1,22.89,Late Delivery
5728,282698,2025-07-10,11470,408,21,1,9.55,Quality Issue
5729,282703,2025-07-21,7546,198,21,2,23.26,Quality Issue
5730,282718,2025-07-11,13623,69,9,1,3.01,Not Needed
5731,282745,2025-07-27,16152,438,19,1,23.65,Quality Issue
5732,282760,2025-07-17,16698,339,8,1,4.37,Damaged
5733,282829,2025-07-13,19583,278,14,2,9.97,Quality Issue
5734,282996,2025-07-10,16843,491,10,1,11.85,Wrong Item
5735,283103,2025-07-25,18912,154,8,1,25.34,Not Needed
5736,283123,2025-07-14,24383,51,30,1,7.86,Damaged
5737,283226,2025-07-17,24685,546,6,1,49.22,Not Needed
5738,283290,2025-07-26,1082,231,6,1,11.27,Not Needed
5739,283295,2025-07-19,19661,336,4,1,6.42,Late Delivery
5740,283335,2025-07-20,24547,89,19,1,14.6,Not Needed
5741,283418,2025-07-18,11028,688,9,1,148.99,Quality Issue
5742,283438,2025-07-10,24895,108,5,1,2.25,Damaged
5743,283440,2025-07-21,22499,83,19,1,6.53,Wrong Item
5744,283474,2025-07-26,20080,212,22,1,19.49,Damaged
5745,283575,2025-07-12,1972,74,9,1,3.96,Not Needed
5746,283773,2025-07-18,144,326,29,1,7.73,Late Delivery
5747,283783,2025-07-17,23784,428,22,2,70.59,Wrong Item
5748,283944,2025-07-16,6828,163,18,1,2.49,Late Delivery
5749,283950,2025-07-28,13548,10,8,1,13.55,Quality Issue
5750,283965,2025-07-23,3158,598,6,1,190.18,Not Needed
5751,284135,2025-07-18,6417,49,1,1,35.75,Not Needed
5752,284143,2025-07-11,20859,257,29,1,9.48,Late Delivery
5753,284148,2025-07-30,9128,349,25,1,7.85,Quality Issue
5754,284162,2025-07-29,6081,374,9,1,11.74,Late Delivery
5755,284236,2025-07-25,29,445,20,1,22.57,Not Needed
5756,284388,2025-07-31,22960,305,13,1,24.14,Not Needed
5757,284398,2025-07-21,12055,222,3,2,17.15,Quality Issue
5758,284419,2025-07-13,21672,607,33,1,22.3,Wrong Item
5759,284448,2025-07-13,7061,204,7,1,9.44,Damaged
5760,284484,2025-07-14,10707,542,33,1,17.95,Not Needed
5761,284489,2025-07-14,16096,198,18,2,15.85,Quality Issue
5762,284561,2025-07-24,9855,60,30,1,13.7,Late Delivery
5763,284575,2025-07-16,17571,299,34,2,35.49,Quality Issue
5764,284609,2025-07-15,21662,318,23,1,6.2,Not Needed
5765,284639,2025-07-30,2620,478,3,1,15.09,Not Needed
5766,284645,2025-08-01,18790,571,26,1,17.49,Late Delivery
5767,284660,2025-08-01,14503,525,8,1,8.16,Not Needed
5768,284666,2025-07-26,5906,554,18,1,19.14,Quality Issue
5769,284671,2025-07-31,20385,164,21,1,32.24,Not Needed
5770,284698,2025-08-01,23382,483,2,1,4.22,Not Needed
5771,284766,2025-07-29,10918,119,14,2,26.12,Not Needed
5772,284771,2025-07-13,10759,117,30,1,31.37,Wrong Item
5773,284788,2025-07-25,22993,638,27,1,25.12,Quality Issue
5774,284838,2025-07-28,6245,536,6,2,11.66,Late Delivery
5775,284987,2025-07-23,14572,575,33,1,11.23,Damaged
5776,285036,2025-07-14,16923,212,24,2,11.7,Not Needed
5777,285043,2025-07-27,10656,102,24,1,11.66,Late Delivery
5778,285097,2025-07-14,14617,214,15,1,11.51,Not Needed
5779,285140,2025-07-14,10885,484,14,1,58.27,Late Delivery
5780,285144,2025-07-19,2425,465,1,1,3.17,Not Needed
5781,285257,2025-07-21,24112,56,18,1,24.66,Not Needed
5782,285281,2025-07-22,21319,170,20,2,3.24,Quality Issue
5783,285288,2025-08-02,24998,502,2,2,35.0,Quality Issue
5784,285401,2025-07-21,14401,278,5,1,2.69,Late Delivery
5785,285403,2025-07-14,4458,105,20,1,3.06,Not Needed
5786,285444,2025-07-28,3242,150,16,1,2.54,Not Needed
5787,285472,2025-07-19,148,125,10,2,14.7,Late Delivery
5788,285489,2025-07-22,10770,166,14,1,8.12,Not Needed
5789,285493,2025-07-30,7296,222,34,1,8.75,Damaged
5790,285582,2025-07-20,19412,84,34,2,10.47,Not Needed
5791,285600,2025-07-24,8982,446,34,1,21.09,Not Needed
5792,285634,2025-07-25,16787,10,26,1,25.06,Not Needed
5793,285683,2025-08-03,6099,182,5,1,2.23,Wrong Item
5794,285689,2025-07-30,21890,321,18,2,57.82,Damaged
5795,285713,2025-07-21,13418,129,7,1,5.9,Quality Issue
5796,285719,2025-07-24,6744,341,30,2,41.84,Wrong Item
5797,285736,2025-07-29,23720,185,8,2,27.54,Not Needed
5798,285784,2025-08-03,19639,547,14,2,6.28,Quality Issue
5799,285851,2025-08-03,17670,597,17,1,32.36,Not Needed
5800,285886,2025-07-27,17503,369,8,2,35.66,Not Needed
5801,285945,2025-07-22,10300,324,32,2,111.41,Not Needed
5802,285947,2025-07-26,870,148,31,2,9.81,Quality Issue
5803,286052,2025-08-01,23976,100,29,2,22.84,Quality Issue
5804,286085,2025-07-29,12063,110,19,2,20.89,Damaged
5805,286131,2025-07-21,5879,92,8,1,4.9,Not Needed
5806,286173,2025-07-28,12442,294,12,1,96.3,Quality Issue
5807,286220,2025-07-19,5952,40,15,1,18.14,Not Needed
5808,286311,2025-07-27,13336,384,18,2,42.23,Not Needed
5809,286341,2025-08-01,24369,117,24,1,7.88,Quality Issue
5810,286354,2025-07-29,18774,408,15,1,22.62,Late Delivery
5811,286631,2025-07-25,7599,290,25,1,22.65,Not Needed
5812,286639,2025-08-02,8563,406,8,1,26.06,Not Needed
5813,286714,2025-08-04,10397,664,29,1,201.06,Late Delivery
5814,286765,2025-08-02,23446,229,32,1,27.06,Not Needed
5815,286770,2025-07-22,9355,184,14,2,12.99,Quality Issue
5816,286784,2025-08-03,15983,363,6,1,8.17,Damaged
5817,286908,2025-07-30,18165,86,6,2,15.89,Quality Issue
5818,286943,2025-07-29,7266,195,4,2,4.63,Damaged
5819,286986,2025-08-06,21586,354,27,2,8.47,Not Needed
5820,286987,2025-08-06,3132,203,6,1,2.79,Not Needed
5821,287048,2025-07-28,5750,475,26,2,16.7,Damaged
5822,287075,2025-07-22,545,73,13,2,11.49,Not Needed
5823,287088,2025-08-01,3324,96,11,2,5.3,Quality Issue
5824,287123,2025-08-05,24399,459,2,1,12.29,Not Needed
5825,287149,2025-08-03,7742,180,8,2,5.55,Damaged
5826,287198,2025-07-27,22401,7,20,1,6.78,Quality Issue
5827,287251,2025-07-30,16883,176,8,1,22.2,Quality Issue
5828,287276,2025-07-23,21073,297,1,2,34.88,Late Delivery
5829,287289,2025-07-27,14784,144,34,2,9.6,Not Needed
5830,287341,2025-07-19,1208,71,17,1,6.93,Quality Issue
5831,287347,2025-08-01,3378,646,27,1,156.14,Late Delivery
5832,287370,2025-08-06,18516,230,19,1,14.38,Damaged
5833,287404,2025-08-02,12937,51,13,1,6.99,Not Needed
5834,287452,2025-07-18,11336,147,1,1,8.21,Quality Issue
5835,287634,2025-07-27,18581,28,16,2,19.06,Quality Issue
5836,287785,2025-07-22,7662,106,26,1,1.79,Late Delivery
5837,287892,2025-08-02,16682,257,17,2,20.93,Quality Issue
5838,287974,2025-07-29,20028,469,12,1,3.33,Quality Issue
5839,288018,2025-07-21,1984,165,7,1,20.57,Wrong Item
5840,288027,2025-08-02,14833,273,26,1,13.89,Not Needed
5841,288113,2025-08-08,22119,609,25,1,205.47,Quality Issue
5842,288141,2025-08-05,18215,432,32,1,11.67,Damaged
5843,288149,2025-07-29,9051,500,18,1,11.46,Late Delivery
5844,288203,2025-07-23,19555,215,18,1,17.91,Quality Issue
5845,288221,2025-07-30,18553,129,21,1,3.28,Not Needed
5846,288260,2025-08-07,23526,210,16,2,14.17,Not Needed
5847,288374,2025-08-02,16141,90,28,1,25.62,Wrong Item
5848,288375,2025-08-05,12632,154,33,2,18.49,Not Needed
5849,288395,2025-08-07,21209,10,26,2,31.57,Damaged
5850,288439,2025-08-04,5259,466,13,1,24.73,Quality Issue
5851,288440,2025-08-05,21878,583,33,1,5.16,Not Needed
5852,288496,2025-07-22,15153,85,12,2,30.14,Damaged
5853,288534,2025-07-29,15967,521,26,1,4.22,Damaged
5854,288541,2025-08-04,20168,242,19,1,62.74,Not Needed
5855,288630,2025-07-23,5810,31,33,1,2.62,Not Needed
5856,288648,2025-07-29,19767,379,25,1,13.99,Late Delivery
5857,288834,2025-08-09,10189,128,3,1,17.9,Quality Issue
5858,288932,2025-08-08,2482,324,14,2,44.17,Not Needed
5859,289054,2025-08-09,22251,184,16,1,19.09,Not Needed
5860,289077,2025-08-08,21416,429,34,2,12.24,Quality Issue
5861,289091,2025-07-26,7754,95,7,1,6.96,Late Delivery
5862,289127,2025-08-03,4139,619,9,1,10.79,Damaged
5863,289248,2025-07-23,2715,302,11,1,5.36,Not Needed
5864,289306,2025-07-22,23799,308,8,2,54.97,Damaged
5865,289332,2025-07-23,13563,132,3,1,28.0,Damaged
5866,289375,2025-08-05,18044,80,33,1,8.45,Not Needed
5867,289532,2025-07-28,24723,76,29,1,6.45,Not Needed
5868,289734,2025-08-09,577,77,31,1,34.29,Late Delivery
5869,289799,2025-07-29,1142,41,32,2,25.87,Quality Issue
5870,290065,2025-07-30,14344,517,21,1,9.96,Not Needed
5871,290070,2025-07-25,15733,245,34,2,22.38,Not Needed
5872,290117,2025-08-01,14850,318,18,2,9.35,Damaged
5873,290224,2025-07-25,24584,60,11,1,8.44,Damaged
5874,290228,2025-08-07,14229,258,15,1,22.18,Quality Issue
5875,290265,2025-08-05,312,386,31,1,23.03,Quality Issue
5876,290331,2025-08-07,17731,597,31,1,86.72,Damaged
5877,290371,2025-08-09,21030,184,7,1,26.99,Late Delivery
5878,290432,2025-07-27,5245,372,7,2,31.86,Damaged
5879,290587,2025-07-28,15204,580,6,1,8.56,Not Needed
5880,290625,2025-07-31,2899,192,3,1,4.86,Not Needed
5881,290629,2025-07-30,11040,541,13,1,16.73,Not Needed
5882,290640,2025-08-09,5847,524,11,1,42.83,Damaged
5883,290660,2025-08-02,7041,437,22,1,32.14,Quality Issue
5884,290753,2025-08-06,16229,706,1,1,24.12,Not Needed
5885,290763,2025-08-04,1270,34,24,1,28.97,Not Needed
5886,290802,2025-08-11,19536,276,4,2,23.63,Quality Issue
5887,290851,2025-08-01,6393,109,20,1,4.01,Not Needed
5888,290929,2025-07-27,4291,606,29,1,372.41,Not Needed
5889,290933,2025-08-02,18068,74,1,2,22.64,Late Delivery
5890,290958,2025-08-08,11768,559,9,1,25.34,Quality Issue
5891,291238,2025-07-26,11729,170,30,2,2.76,Quality Issue
5892,291265,2025-08-07,14202,76,33,1,4.61,Quality Issue
5893,291273,2025-08-06,15748,103,9,2,12.08,Quality Issue
5894,291295,2025-07-27,16441,324,24,1,50.67,Late Delivery
5895,291394,2025-08-06,6906,426,16,1,14.82,Not Needed
5896,291525,2025-08-06,15612,574,24,2,28.98,Quality Issue
5897,291650,2025-07-30,19838,481,18,1,21.9,Late Delivery
5898,291666,2025-08-03,9078,396,12,2,32.97,Not Needed
5899,291668,2025-08-13,13680,282,10,1,5.19,Quality Issue
5900,291670,2025-08-14,6860,328,6,1,27.23,Damaged
5901,291728,2025-08-02,10226,322,15,1,18.44,Damaged
5902,291744,2025-07-29,191,144,26,2,15.6,Late Delivery
5903,291818,2025-08-06,7873,74,32,1,8.17,Not Needed
5904,291952,2025-08-16,5578,364,21,1,33.63,Not Needed
5905,291964,2025-08-05,11533,147,18,2,37.73,Damaged
5906,291981,2025-08-14,16696,295,9,1,30.93,Not Needed
5907,292064,2025-08-06,11668,216,6,1,29.9,Quality Issue
5908,292122,2025-08-15,13550,38,21,2,2.96,Damaged
5909,292165,2025-08-07,3800,274,29,1,12.32,Quality Issue
5910,292200,2025-08-03,16424,282,30,2,19.42,Not Needed
5911,292281,2025-07-31,21675,450,28,1,23.31,Wrong Item
5912,292324,2025-08-17,24655,456,24,1,11.91,Not Needed
5913,292376,2025-08-08,22867,159,20,2,12.68,Late Delivery
5914,292386,2025-08-15,4624,73,26,2,5.13,Not Needed
5915,292395,2025-08-12,23446,131,22,1,2.92,Not Needed
5916,292487,2025-08-15,17397,310,13,1,4.1,Damaged
5917,292530,2025-08-11,4762,368,18,1,4.64,Not Needed
5918,292630,2025-07-31,23508,21,21,1,3.42,Not Needed
5919,292682,2025-08-09,7153,536,23,2,10.09,Not Needed
5920,292696,2025-08-03,24566,707,7,1,240.75,Damaged
5921,292698,2025-08-05,4083,176,13,2,4.32,Damaged
5922,292725,2025-08-17,9827,107,7,1,3.6,Late Delivery
5923,292774,2025-08-15,4481,45,24,1,8.68,Wrong Item
5924,292820,2025-08-04,3439,55,24,1,3.86,Not Needed
5925,292838,2025-08-07,9950,273,23,2,27.13,Wrong Item
5926,292848,2025-08-04,8015,385,1,1,5.29,Quality Issue
5927,292851,2025-08-06,17587,214,15,1,26.99,Not Needed
5928,292877,2025-07-31,13527,143,5,2,19.2,Damaged
5929,292887,2025-08-15,20071,336,25,1,4.81,Damaged
5930,292914,2025-08-14,6958,543,15,1,12.07,Quality Issue
5931,293064,2025-07-30,3949,598,29,1,279.26,Wrong Item
5932,293077,2025-08-01,15618,253,14,2,85.61,Damaged
5933,293112,2025-08-03,11950,176,5,1,11.4,Wrong Item
5934,293149,2025-08-09,15702,84,32,1,5.35,Damaged
5935,293186,2025-08-17,1271,442,24,2,14.04,Damaged
5936,293226,2025-08-11,6089,118,33,2,5.54,Not Needed
5937,293334,2025-08-02,23793,533,28,1,10.65,Damaged
5938,293395,2025-08-19,10037,104,11,2,9.65,Quality Issue
5939,293438,2025-08-15,17390,56,8,2,11.58,Quality Issue
5940,293505,2025-08-15,14025,173,28,2,20.63,Not Needed
5941,293516,2025-08-11,18006,639,17,1,138.41,Not Needed
5942,293554,2025-08-11,2554,503,4,1,27.64,Quality Issue
5943,293589,2025-08-09,14093,208,32,1,25.34,Quality Issue
5944,293597,2025-08-09,10752,119,5,2,10.33,Quality Issue
5945,293675,2025-08-12,11154,135,11,2,27.66,Quality Issue
5946,293695,2025-08-16,15902,510,9,1,28.22,Damaged
5947,293796,2025-08-06,14848,263,7,2,54.98,Quality Issue
5948,293798,2025-08-17,2041,58,6,1,6.18,Not Needed
5949,293809,2025-08-17,9211,182,9,2,3.74,Wrong Item
5950,293903,2025-08-02,6410,178,12,2,26.55,Not Needed
5951,293940,2025-08-07,19638,137,18,2,46.47,Quality Issue
5952,293955,2025-08-12,17129,123,28,2,12.62,Not Needed
5953,294015,2025-08-01,23286,87,10,1,3.75,Quality Issue
5954,294143,2025-08-14,978,514,5,1,12.37,Not Needed
5955,294186,2025-08-02,12199,550,30,1,16.34,Late Delivery
5956,294193,2025-08-07,4793,38,10,1,2.35,Late Delivery
5957,294196,2025-08-02,24821,412,3,1,20.96,Damaged
5958,294243,2025-08-06,21247,541,8,1,29.35,Not Needed
5959,294259,2025-08-04,13677,126,21,1,11.19,Late Delivery
5960,294295,2025-08-21,20850,220,9,1,27.09,Quality Issue
5961,294474,2025-08-21,13630,61,14,1,10.65,Damaged
5962,294503,2025-08-15,13527,680,8,2,708.89,Not Needed
5963,294531,2025-08-15,19241,661,34,1,320.2,Not Needed
5964,294537,2025-08-11,16336,87,34,1,4.37,Quality Issue
5965,294584,2025-08-03,20277,496,11,2,46.65,Late Delivery
5966,294607,2025-08-18,6631,143,10,2,15.0,Wrong Item
5967,294638,2025-08-12,17761,185,9,1,4.37,Not Needed
5968,294664,2025-08-10,20669,718,3,1,607.95,Not Needed
5969,294674,2025-08-22,17159,399,11,1,19.98,Quality Issue
5970,294785,2025-08-12,752,330,27,2,44.47,Late Delivery
5971,294837,2025-08-09,3989,682,7,1,141.59,Not Needed
5972,294842,2025-08-06,8347,113,8,1,4.65,Damaged
5973,295003,2025-08-14,1802,190,21,1,47.41,Not Needed
5974,295013,2025-08-09,3477,73,3,1,21.87,Quality Issue
5975,295033,2025-08-18,23323,107,32,1,4.49,Not Needed
5976,295036,2025-08-21,6343,611,5,1,13.6,Not Needed
5977,295124,2025-08-08,14439,333,26,1,10.43,Quality Issue
5978,295200,2025-08-07,12506,611,19,2,21.8,Quality Issue
5979,295203,2025-08-15,3338,383,13,1,13.51,Damaged
5980,295271,2025-08-20,19196,316,26,1,10.77,Not Needed
5981,295365,2025-08-07,1225,145,29,2,38.72,Wrong Item
5982,295379,2025-08-12,9744,107,10,1,8.46,Damaged
5983,295386,2025-08-14,6364,39,33,1,1.77,Not Needed
5984,295421,2025-08-19,24435,396,22,2,39.74,Damaged
5985,295512,2025-08-24,1478,116,3,2,6.67,Wrong Item
5986,295596,2025-08-23,1931,667,14,1,394.41,Damaged
5987,295630,2025-08-16,13543,198,22,1,16.35,Quality Issue
5988,295632,2025-08-14,23527,579,13,2,83.76,Quality Issue
5989,295647,2025-08-19,22271,165,33,1,9.87,Damaged
5990,295691,2025-08-15,4875,353,33,2,40.55,Not Needed
5991,295727,2025-08-07,5255,298,30,1,18.74,Not Needed
5992,295847,2025-08-09,24558,412,34,1,13.98,Quality Issue
5993,295872,2025-08-23,18052,597,13,1,79.9,Not Needed
5994,295886,2025-08-06,13745,621,29,1,170.31,Not Needed
5995,295890,2025-08-11,9726,160,29,2,25.58,Wrong Item
5996,295910,2025-08-12,19142,401,18,1,24.52,Damaged
5997,295954,2025-08-24,3773,309,15,1,15.38,Damaged
5998,295975,2025-08-15,11407,229,21,2,25.21,Not Needed
5999,295983,2025-08-22,22052,431,14,1,17.3,Late Delivery
6000,296055,2025-08-16,12632,202,32,1,8.98,Late Delivery
6001,296120,2025-08-20,10252,330,8,2,37.18,Late Delivery
6002,296169,2025-08-15,1103,515,8,1,73.33,Quality Issue
6003,296245,2025-08-15,14093,662,11,1,14.24,Quality Issue
6004,296388,2025-08-11,24273,53,8,1,7.86,Damaged
6005,296405,2025-08-26,7274,82,26,1,5.02,Quality Issue
6006,296420,2025-08-12,2098,15,2,2,24.2,Not Needed
6007,296540,2025-08-24,18183,241,14,1,16.07,Wrong Item
6008,296616,2025-08-24,21279,185,34,2,25.12,Quality Issue
6009,296794,2025-08-12,132,322,32,1,14.26,Not Needed
6010,296852,2025-08-12,15217,715,8,1,19.74,Late Delivery
6011,296936,2025-08-15,11422,647,8,1,98.7,Damaged
6012,296959,2025-08-17,20309,334,3,1,12.77,Damaged
6013,296962,2025-08-24,8684,103,24,1,14.88,Damaged
6014,296999,2025-08-21,681,35,17,1,11.22,Wrong Item
6015,297082,2025-08-22,12030,514,11,1,7.23,Damaged
6016,297092,2025-08-17,7348,395,8,1,11.22,Not Needed
6017,297099,2025-08-08,23361,182,14,2,14.45,Not Needed
6018,297147,2025-08-22,6337,407,32,1,14.38,Quality Issue
6019,297158,2025-08-11,22435,387,12,1,16.61,Not Needed
6020,297172,2025-08-15,17231,202,2,2,17.93,Damaged
6021,297177,2025-08-10,21358,247,4,1,23.62,Wrong Item
6022,297201,2025-08-08,12923,204,7,1,5.53,Not Needed
6023,297232,2025-08-19,4856,35,5,1,5.22,Quality Issue
6024,297255,2025-08-19,20478,216,29,1,3.75,Wrong Item
6025,297316,2025-08-25,16628,464,15,1,16.69,Damaged
6026,297346,2025-08-22,13731,281,33,1,24.8,Not Needed
6027,297364,2025-08-09,18650,262,7,1,36.91,Wrong Item
6028,297377,2025-08-24,10542,18,12,2,1.83,Quality Issue
6029,297436,2025-08-19,1050,208,7,1,10.0,Damaged
6030,297450,2025-08-19,19718,74,20,2,20.94,Damaged
6031,297479,2025-08-10,21019,341,29,2,18.37,Late Delivery
6032,297576,2025-08-20,7202,106,16,2,5.44,Quality Issue
6033,297624,2025-08-19,21638,663,12,1,150.46,Not Needed
6034,297650,2025-08-23,7635,23,29,1,7.81,Damaged
6035,297687,2025-08-20,15440,545,6,1,5.06,Not Needed
6036,297695,2025-08-25,24278,54,1,1,2.05,Damaged
6037,297700,2025-08-14,447,693,13,1,237.25,Late Delivery
6038,297704,2025-08-19,16332,104,18,2,28.62,Not Needed
6039,297751,2025-08-22,9364,611,3,1,12.87,Wrong Item
6040,297762,2025-08-18,24470,462,24,1,81.61,Damaged
6041,297924,2025-08-18,4856,90,19,1,9.89,Not Needed
6042,297942,2025-08-11,19949,352,5,2,15.07,Late Delivery
6043,297946,2025-08-26,8511,2,8,1,9.03,Damaged
6044,298266,2025-08-24,9397,404,9,1,15.74,Wrong Item
6045,298285,2025-08-13,21414,699,15,1,321.3,Late Delivery
6046,298303,2025-08-19,24745,575,27,1,11.56,Quality Issue
6047,298304,2025-08-30,13749,519,17,1,14.0,Wrong Item
6048,298339,2025-08-17,5525,200,20,2,14.39,Late Delivery
6049,298359,2025-08-11,24083,60,25,2,17.07,Damaged
6050,298396,2025-08-23,15570,24,24,1,30.77,Damaged
6051,298431,2025-08-24,1643,119,8,1,11.48,Not Needed
6052,298487,2025-08-16,8298,401,2,1,70.36,Late Delivery
6053,298603,2025-08-11,14722,481,32,1,21.51,Quality Issue
6054,298659,2025-08-26,13121,96,26,2,6.59,Wrong Item
6055,298753,2025-08-28,1705,211,29,1,14.43,Quality Issue
6056,298832,2025-08-28,21913,635,24,1,386.75,Quality Issue
6057,298861,2025-08-28,7960,2,25,1,9.43,Wrong Item
6058,298911,2025-08-31,9819,460,14,1,53.86,Damaged
6059,298928,2025-08-15,24823,213,27,1,12.43,Damaged
6060,298950,2025-08-27,8296,140,17,1,25.15,Late Delivery
6061,298994,2025-08-31,6990,474,12,2,14.16,Not Needed
6062,299015,2025-08-16,4276,614,9,1,87.93,Not Needed
6063,299034,2025-08-31,5693,533,23,2,34.89,Wrong Item
6064,299096,2025-08-25,14454,126,9,1,32.95,Quality Issue
6065,299114,2025-08-15,19387,512,30,1,18.19,Quality Issue
6066,299189,2025-08-18,22157,30,18,1,1.0,Not Needed
6067,299371,2025-08-31,9117,477,9,1,15.18,Not Needed
6068,299388,2025-08-23,11639,409,24,1,10.63,Not Needed
6069,299448,2025-08-28,18713,3,34,2,10.83,Not Needed
6070,299522,2025-08-20,12392,137,8,2,54.29,Quality Issue
6071,299624,2025-08-21,14950,125,16,2,15.08,Quality Issue
6072,299647,2025-09-02,1125,522,19,1,15.2,Damaged
6073,299674,2025-08-26,2533,698,1,1,385.54,Not Needed
6074,299677,2025-08-26,23477,23,24,1,22.93,Not Needed
6075,299678,2025-08-26,14452,414,6,1,14.92,Quality Issue
6076,299693,2025-08-25,20211,537,27,1,26.06,Not Needed
6077,299743,2025-09-01,10449,196,32,1,10.59,Not Needed
6078,299761,2025-08-31,3629,146,30,1,13.6,Not Needed
6079,299772,2025-08-30,12387,149,23,2,4.39,Damaged
6080,299778,2025-08-23,2361,134,22,1,20.78,Quality Issue
6081,299803,2025-08-18,12512,521,27,1,3.87,Late Delivery
6082,299820,2025-08-14,2090,719,31,1,140.6,Late Delivery
6083,299838,2025-08-21,350,255,26,1,47.35,Late Delivery
6084,299886,2025-08-28,973,428,27,1,13.46,Not Needed
6085,299936,2025-08-20,23307,363,21,1,6.91,Damaged
6086,299973,2025-08-16,5122,391,16,2,11.5,Late Delivery
6087,300043,2025-08-15,12601,283,32,2,5.44,Wrong Item
6088,300064,2025-08-25,13957,145,14,2,24.72,Late Delivery
6089,300076,2025-08-19,7086,82,16,2,3.5,Damaged
6090,300105,2025-08-19,16410,10,16,2,18.61,Quality Issue
6091,300110,2025-08-25,3351,108,16,1,8.95,Not Needed
6092,300124,2025-08-31,13710,344,13,2,37.59,Late Delivery
6093,300148,2025-08-25,16031,11,8,1,4.4,Quality Issue
6094,300170,2025-08-15,1192,432,6,1,11.82,Damaged
6095,300199,2025-08-21,18084,268,4,1,15.68,Quality Issue
6096,300230,2025-08-28,19251,182,8,2,6.36,Not Needed
6097,300235,2025-08-31,14690,86,9,1,5.34,Not Needed
6098,300247,2025-08-15,20828,490,27,2,46.27,Not Needed
6099,300265,2025-08-20,18398,27,5,2,23.29,Not Needed
6100,300297,2025-08-16,15036,164,20,2,7.5,Wrong Item
6101,300339,2025-08-19,8664,680,31,1,303.06,Wrong Item
6102,300400,2025-08-30,20119,292,19,1,36.53,Late Delivery
6103,300405,2025-08-18,5632,174,14,1,8.43,Quality Issue
6104,300428,2025-08-18,18904,42,26,1,1.45,Damaged
6105,300532,2025-08-29,11737,174,18,1,3.05,Damaged
6106,300558,2025-08-20,23481,113,20,2,14.69,Quality Issue
6107,300590,2025-08-25,1929,51,21,1,12.36,Not Needed
6108,300645,2025-08-21,16031,433,26,1,38.83,Late Delivery
6109,300870,2025-09-03,10476,50,34,1,20.89,Damaged
6110,300895,2025-08-23,5144,605,23,1,182.9,Not Needed
6111,300905,2025-08-30,20924,379,3,1,44.02,Quality Issue
6112,301044,2025-09-01,172,202,2,1,16.65,Damaged
6113,301110,2025-08-31,14837,243,9,1,27.85,Damaged
6114,301215,2025-08-26,16026,661,2,1,515.08,Quality Issue
6115,301268,2025-08-23,19110,69,15,1,8.49,Not Needed
6116,301331,2025-09-03,14804,117,21,2,25.26,Quality Issue
6117,301342,2025-08-31,18497,20,30,2,34.84,Quality Issue
6118,301385,2025-08-20,24797,357,24,2,13.17,Not Needed
6119,301395,2025-08-19,4802,539,1,1,9.58,Not Needed
6120,301473,2025-08-30,13137,461,10,1,27.84,Damaged
6121,301506,2025-09-05,11482,225,18,1,5.73,Wrong Item
6122,301540,2025-09-06,870,41,9,1,32.94,Quality Issue
6123,301586,2025-08-23,4857,96,14,1,9.22,Wrong Item
6124,301630,2025-08-21,6976,189,20,1,11.86,Not Needed
6125,301643,2025-08-28,7607,140,14,1,6.15,Wrong Item
6126,301718,2025-08-23,18620,242,26,1,36.73,Late Delivery
6127,301726,2025-08-28,5221,39,9,1,7.3,Not Needed
6128,301737,2025-08-22,23238,274,6,1,20.18,Damaged
6129,301823,2025-09-01,4026,543,7,1,11.25,Damaged
6130,301852,2025-09-04,7503,606,19,2,550.69,Not Needed
6131,301873,2025-08-31,8902,547,19,1,1.51,Not Needed
6132,301889,2025-08-26,21033,280,12,1,27.52,Quality Issue
6133,301894,2025-08-28,4094,348,5,1,19.67,Quality Issue
6134,301962,2025-08-29,23005,132,28,1,9.24,Quality Issue
6135,302067,2025-08-20,5267,143,10,1,25.25,Quality Issue
6136,302079,2025-09-03,9641,203,34,1,0.97,Wrong Item
6137,302213,2025-08-22,1347,512,29,1,16.23,Damaged
6138,302242,2025-08-22,9027,77,14,1,4.79,Not Needed
6139,302252,2025-08-22,10684,95,15,2,9.96,Not Needed
6140,302299,2025-08-20,23547,206,4,1,21.46,Not Needed
6141,302406,2025-09-05,7595,236,33,2,12.0,Wrong Item
6142,302540,2025-08-28,14817,490,28,2,44.45,Quality Issue
6143,302573,2025-08-28,15684,65,13,1,25.33,Not Needed
6144,302597,2025-09-05,14906,52,23,1,2.85,Wrong Item
6145,302619,2025-08-21,18579,284,26,1,30.95,Quality Issue
6146,302711,2025-08-31,17159,688,2,1,267.85,Damaged
6147,302789,2025-08-20,18514,313,26,1,5.22,Not Needed
6148,302842,2025-09-07,1163,181,13,2,2.31,Wrong Item
6149,302930,2025-09-09,19477,439,34,1,22.31,Quality Issue
6150,302972,2025-08-22,1636,13,30,2,15.05,Quality Issue
6151,303056,2025-08-28,18700,425,14,2,35.0,Late Delivery
6152,303123,2025-09-01,20098,57,11,1,1.59,Late Delivery
6153,303139,2025-09-03,22857,334,32,2,66.47,Late Delivery
6154,303141,2025-08-26,23057,613,31,1,407.47,Not Needed
6155,303178,2025-09-08,865,346,8,2,20.33,Quality Issue
6156,303223,2025-08-27,1419,30,30,2,2.96,Quality Issue
6157,303280,2025-08-22,23623,279,30,2,30.31,Damaged
6158,303355,2025-09-04,7046,634,9,1,200.15,Quality Issue
6159,303399,2025-08-31,8935,120,17,1,4.32,Not Needed
6160,303420,2025-08-22,17585,207,17,2,12.14,Not Needed
6161,303471,2025-09-03,22166,159,14,1,5.27,Damaged
6162,303499,2025-08-31,18436,455,9,1,5.36,Late Delivery
6163,303567,2025-09-04,6797,13,29,2,3.62,Not Needed
6164,303607,2025-09-01,20113,265,28,2,15.72,Not Needed
6165,303647,2025-08-24,21215,552,18,1,16.35,Quality Issue
6166,303701,2025-08-25,1367,642,21,1,85.84,Quality Issue
6167,303752,2025-08-25,12400,94,17,1,17.39,Quality Issue
6168,303936,2025-08-23,5947,155,31,1,10.44,Late Delivery
6169,303985,2025-09-01,11929,181,25,1,3.02,Late Delivery
6170,304105,2025-09-10,21282,75,12,2,9.22,Quality Issue
6171,304245,2025-09-12,7375,554,29,1,5.32,Quality Issue
6172,304249,2025-08-28,12024,66,25,1,3.7,Not Needed
6173,304368,2025-09-05,24855,173,23,2,32.93,Not Needed
6174,304410,2025-09-12,1011,319,14,1,3.2,Wrong Item
6175,304489,2025-08-29,6540,364,24,1,15.43,Not Needed
6176,304507,2025-09-10,11525,677,8,1,27.52,Not Needed
6177,304572,2025-09-09,12735,403,25,1,34.32,Quality Issue
6178,304693,2025-08-27,18426,662,6,1,13.17,Quality Issue
6179,304748,2025-08-28,5327,434,5,1,18.93,Quality Issue
6180,304755,2025-09-06,13310,71,3,2,10.76,Quality Issue
6181,304767,2025-09-01,4998,8,34,1,3.08,Not Needed
6182,304771,2025-09-02,630,234,30,1,4.31,Late Delivery
6183,304822,2025-09-07,12606,69,8,1,2.83,Wrong Item
6184,304870,2025-09-11,24572,682,13,1,288.01,Damaged
6185,304934,2025-09-06,13124,70,5,2,15.85,Not Needed
6186,304963,2025-09-01,16633,112,21,1,7.1,Quality Issue
6187,304991,2025-09-04,5322,136,9,2,10.07,Quality Issue
6188,305042,2025-09-10,22948,28,14,1,7.92,Not Needed
6189,305047,2025-08-26,11453,98,8,2,6.41,Not Needed
6190,305068,2025-08-28,24640,209,12,2,13.08,Not Needed
6191,305105,2025-09-10,17167,545,15,1,5.66,Not Needed
6192,305107,2025-09-08,9310,80,28,1,7.37,Not Needed
6193,305219,2025-08-26,23248,389,1,2,27.01,Quality Issue
6194,305250,2025-08-29,23326,193,24,1,10.81,Damaged
6195,305272,2025-09-03,5739,131,6,1,4.04,Late Delivery
6196,305334,2025-08-30,6802,308,34,2,32.23,Quality Issue
6197,305362,2025-08-26,17915,176,18,1,11.23,Quality Issue
6198,305507,2025-08-30,21658,196,13,1,22.4,Late Delivery
6199,305542,2025-08-27,19764,254,16,1,15.15,Quality Issue
6200,305654,2025-09-10,7103,469,3,1,4.39,Not Needed
6201,305693,2025-09-03,18601,22,11,1,8.87,Wrong Item
6202,305762,2025-09-01,10688,187,33,2,19.87,Quality Issue
6203,305833,2025-08-30,6699,439,20,1,16.16,Late Delivery
6204,305903,2025-09-02,8226,391,6,2,15.29,Damaged
6205,305948,2025-09-02,9337,610,26,1,187.72,Damaged
6206,305990,2025-08-31,18532,250,9,2,15.35,Quality Issue
6207,306073,2025-09-10,24366,710,17,1,52.14,Wrong Item
6208,306095,2025-09-09,7587,28,26,1,5.22,Quality Issue
6209,306161,2025-09-04,3654,167,18,1,31.42,Not Needed
6210,306212,2025-09-13,15518,147,9,1,5.08,Not Needed
6211,306277,2025-09-10,18836,352,19,1,12.2,Damaged
6212,306322,2025-09-05,15053,160,34,1,3.09,Damaged
6213,306366,2025-09-11,17739,267,11,2,75.71,Not Needed
6214,306455,2025-09-16,13591,428,27,1,23.05,Wrong Item
6215,306638,2025-09-02,19793,36,22,1,39.76,Quality Issue
6216,306699,2025-09-09,11969,378,9,2,29.42,Not Needed
6217,306717,2025-09-02,23840,104,19,1,19.47,Damaged
6218,306736,2025-09-07,16691,141,21,1,19.67,Not Needed
6219,306771,2025-08-30,12431,253,23,1,27.58,Quality Issue
6220,306791,2025-09-08,20890,402,26,2,75.52,Quality Issue
6221,306802,2025-08-30,10752,99,33,2,7.81,Not Needed
6222,306807,2025-09-17,14550,73,34,1,5.04,Quality Issue
6223,306889,2025-08-30,21065,249,19,1,98.89,Not Needed
6224,307037,2025-09-07,7227,139,17,1,17.96,Wrong Item
6225,307076,2025-09-12,23038,379,4,1,9.98,Wrong Item
6226,307139,2025-09-13,10985,169,30,2,34.63,Late Delivery
6227,307181,2025-09-13,16580,138,26,2,55.0,Not Needed
6228,307233,2025-09-03,3387,109,32,1,5.94,Wrong Item
6229,307437,2025-08-30,9956,169,18,2,15.82,Wrong Item
6230,307451,2025-09-17,24979,632,20,1,297.45,Wrong Item
6231,307487,2025-09-03,15218,14,32,1,5.66,Not Needed
6232,307491,2025-09-09,12964,467,31,1,8.23,Not Needed
6233,307513,2025-09-18,6537,291,14,2,138.05,Quality Issue
6234,307524,2025-09-01,22234,295,4,2,46.31,Damaged
6235,307535,2025-09-01,10655,341,8,1,8.51,Late Delivery
6236,307643,2025-09-12,503,691,27,2,426.63,Not Needed
6237,307658,2025-09-13,15912,195,18,2,9.41,Quality Issue
6238,307663,2025-09-06,20538,147,3,1,31.2,Late Delivery
6239,307696,2025-09-09,21725,244,26,1,11.73,Quality Issue
6240,307762,2025-09-14,9740,107,8,1,3.64,Late Delivery
6241,307841,2025-09-18,22146,583,6,1,6.45,Late Delivery
6242,307851,2025-09-14,443,70,18,2,7.61,Late Delivery
6243,307854,2025-09-03,7169,44,21,1,10.33,Not Needed
6244,307897,2025-08-31,15024,494,21,1,3.55,Wrong Item
6245,307905,2025-09-09,11015,379,9,2,25.52,Not Needed
6246,307969,2025-09-15,13729,529,25,1,26.53,Wrong Item
6247,307989,2025-09-04,4034,344,15,1,44.07,Quality Issue
6248,308013,2025-09-06,14673,425,29,1,13.13,Damaged
6249,308250,2025-09-17,6078,669,8,1,166.78,Late Delivery
6250,308292,2025-09-19,12207,512,10,2,24.04,Late Delivery
6251,308305,2025-09-04,11591,443,12,1,38.77,Not Needed
6252,308362,2025-09-13,15202,399,14,1,54.94,Damaged
6253,308372,2025-09-04,12964,118,14,2,8.67,Not Needed
6254,308502,2025-09-04,21037,14,17,2,11.58,Quality Issue
6255,308546,2025-09-02,8499,493,2,1,88.63,Not Needed
6256,308560,2025-09-17,23455,147,3,1,44.19,Not Needed
6257,308581,2025-09-04,19684,209,17,1,18.78,Not Needed
6258,308779,2025-09-09,20057,22,28,1,24.49,Damaged
6259,308847,2025-09-20,21009,526,22,1,17.06,Late Delivery
6260,308901,2025-09-19,22859,85,31,1,4.06,Not Needed
6261,308913,2025-09-10,8380,368,18,2,9.89,Not Needed
6262,308914,2025-09-04,7009,100,26,2,18.29,Damaged
6263,308935,2025-09-14,9865,102,6,2,11.68,Wrong Item
6264,308974,2025-09-17,22245,608,31,1,140.5,Not Needed
6265,309029,2025-09-07,4162,141,17,2,18.06,Damaged
6266,309259,2025-09-10,2725,4,16,2,32.3,Late Delivery
6267,309347,2025-09-18,16905,120,8,1,15.21,Damaged
6268,309434,2025-09-18,22781,148,29,1,28.16,Damaged
6269,309448,2025-09-09,922,699,18,1,267.95,Not Needed
6270,309460,2025-09-18,10591,405,17,1,26.31,Not Needed
6271,309511,2025-09-11,22864,15,3,2,10.11,Quality Issue
6272,309536,2025-09-22,18418,83,25,1,15.17,Not Needed
6273,309552,2025-09-15,8888,174,14,1,15.0,Not Needed
6274,309607,2025-09-04,12383,115,2,1,5.2,Not Needed
6275,309736,2025-09-04,24841,205,34,2,3.83,Quality Issue
6276,309769,2025-09-13,916,500,18,1,26.28,Late Delivery
6277,309872,2025-09-14,21594,66,15,1,2.53,Not Needed
6278,309893,2025-09-07,22916,27,9,1,13.25,Damaged
6279,310161,2025-09-09,736,120,27,1,9.79,Late Delivery
6280,310190,2025-09-05,11589,38,7,2,3.11,Not Needed
6281,310394,2025-09-15,18284,554,17,2,16.63,Not Needed
6282,310436,2025-09-11,1424,66,29,2,2.9,Not Needed
6283,310459,2025-09-15,7280,171,5,2,15.93,Late Delivery
6284,310484,2025-09-12,13362,294,30,1,30.94,Damaged
6285,310576,2025-09-14,3975,22,9,1,10.69,Not Needed
6286,310644,2025-09-19,20930,140,26,1,26.2,Not Needed
6287,310650,2025-09-14,19128,563,32,2,40.09,Damaged
6288,310668,2025-09-07,22754,499,20,1,8.96,Wrong Item
6289,310877,2025-09-07,14123,471,2,1,19.74,Not Needed
6290,311011,2025-09-18,17221,336,21,1,8.66,Not Needed
6291,311030,2025-09-21,21618,135,2,1,10.77,Late Delivery
6292,311044,2025-09-10,24547,686,26,1,438.63,Not Needed
6293,311164,2025-09-19,24808,222,30,1,5.01,Not Needed
6294,311189,2025-09-21,5571,215,7,2,29.26,Not Needed
6295,311310,2025-09-24,19412,129,18,2,6.58,Wrong Item
6296,311374,2025-09-27,17851,163,24,2,5.39,Wrong Item
6297,311377,2025-09-22,10013,478,21,1,17.63,Late Delivery
6298,311442,2025-09-12,16980,34,32,2,8.13,Not Needed
6299,311469,2025-09-17,16106,347,33,1,3.25,Not Needed
6300,311519,2025-09-09,18389,514,14,1,9.42,Quality Issue
6301,311541,2025-09-25,13030,660,15,1,208.74,Late Delivery
6302,311554,2025-09-20,21638,198,34,1,13.71,Not Needed
6303,311647,2025-09-11,16114,60,3,2,31.89,Quality Issue
6304,311735,2025-09-14,2055,241,8,2,84.47,Late Delivery
6305,311845,2025-09-22,13490,76,16,1,13.39,Late Delivery
6306,311928,2025-09-10,23850,137,3,1,17.04,Late Delivery
6307,311997,2025-09-12,18829,119,7,1,14.11,Not Needed
6308,312011,2025-09-10,2252,140,16,2,29.75,Quality Issue
6309,312018,2025-09-14,12713,3,14,1,21.38,Not Needed
6310,312265,2025-09-11,21934,28,28,1,4.86,Late Delivery
6311,312442,2025-09-16,12416,116,3,1,21.96,Quality Issue
6312,312449,2025-09-14,12574,680,30,2,647.04,Damaged
6313,312452,2025-09-21,12040,286,34,1,18.66,Quality Issue
6314,312479,2025-09-17,5087,491,15,1,6.18,Damaged
6315,312491,2025-09-27,11202,536,20,2,20.94,Quality Issue
6316,312512,2025-09-23,24973,138,19,2,11.61,Quality Issue
6317,312631,2025-09-25,14255,399,2,2,21.1,Late Delivery
6318,312682,2025-09-22,6908,178,30,2,34.02,Not Needed
6319,312728,2025-09-30,11818,460,18,1,23.04,Damaged
6320,312770,2025-09-13,2199,303,24,1,88.59,Quality Issue
6321,312771,2025-09-19,18119,665,20,1,327.1,Not Needed
6322,312788,2025-09-13,10721,152,31,1,6.95,Not Needed
6323,312937,2025-09-23,8513,119,33,2,11.6,Quality Issue
6324,312972,2025-09-25,4642,54,21,1,3.39,Late Delivery
6325,313074,2025-09-20,13642,41,28,1,24.64,Not Needed
6326,313078,2025-09-20,12222,513,32,1,10.8,Late Delivery
6327,313101,2025-09-19,10396,284,13,1,34.56,Late Delivery
6328,313127,2025-09-29,14831,423,24,1,25.95,Damaged
6329,313129,2025-09-28,24632,266,30,1,25.5,Not Needed
6330,313150,2025-09-23,9880,252,14,1,6.57,Wrong Item
6331,313242,2025-09-21,8725,444,17,2,15.2,Quality Issue
6332,313343,2025-09-16,6668,135,21,1,7.82,Quality Issue
6333,313438,2025-10-01,6946,382,33,1,12.4,Wrong Item
6334,313569,2025-09-28,1883,41,3,2,21.99,Quality Issue
6335,313587,2025-09-29,1493,669,19,1,48.24,Quality Issue
6336,313649,2025-09-30,586,128,1,1,34.78,Not Needed
6337,313663,2025-09-21,14368,187,30,2,24.43,Late Delivery
6338,313755,2025-09-16,18468,148,5,1,5.55,Not Needed
6339,313811,2025-09-16,19328,300,3,2,37.0,Late Delivery
6340,313867,2025-09-23,2649,371,30,1,13.26,Quality Issue
6341,313931,2025-09-15,19623,308,18,1,13.55,Not Needed
6342,313993,2025-09-26,14158,620,34,1,10.66,Late Delivery
6343,314119,2025-09-28,14726,232,32,1,49.07,Wrong Item
6344,314142,2025-09-19,24891,716,19,1,271.18,Damaged
6345,314181,2025-09-21,15119,308,13,2,38.3,Late Delivery
6346,314200,2025-09-26,1778,605,7,1,70.03,Not Needed
6347,314217,2025-09-17,11328,201,2,2,19.39,Wrong Item
6348,314222,2025-09-20,17785,398,2,2,63.74,Not Needed
6349,314245,2025-09-16,9981,68,9,1,20.57,Damaged
6350,314369,2025-10-04,17539,415,19,2,111.97,Not Needed
6351,314412,2025-09-17,23604,485,20,2,23.93,Damaged
6352,314488,2025-09-18,22435,231,31,2,52.16,Not Needed
6353,314560,2025-09-20,136,27,19,1,11.2,Quality Issue
6354,314582,2025-09-28,9925,158,28,1,19.92,Not Needed
6355,314622,2025-10-04,4636,208,19,1,35.09,Quality Issue
6356,314640,2025-09-22,6922,183,2,1,18.6,Quality Issue
6357,314697,2025-09-18,3594,362,23,1,28.63,Not Needed
6358,314706,2025-10-03,6656,245,12,2,21.44,Late Delivery
6359,314708,2025-09-23,4766,67,5,2,21.23,Late Delivery
6360,314773,2025-10-05,21474,322,3,1,26.96,Quality Issue
6361,314787,2025-10-01,16321,279,32,1,28.07,Damaged
6362,314831,2025-10-02,5752,194,32,1,2.94,Not Needed
6363,314861,2025-10-03,1781,81,17,1,9.39,Not Needed
6364,314908,2025-10-04,18575,23,7,1,10.73,Damaged
6365,314930,2025-09-18,1082,291,20,1,33.58,Not Needed
6366,314989,2025-09-26,7420,374,6,2,28.08,Not Needed
6367,315014,2025-09-22,23497,467,29,1,11.21,Quality Issue
6368,315085,2025-10-06,18015,21,22,1,6.71,Damaged
6369,315169,2025-09-30,6774,345,22,1,32.52,Not Needed
6370,315181,2025-10-05,20000,417,20,1,9.84,Quality Issue
6371,315317,2025-10-03,20776,168,9,1,9.52,Not Needed
6372,315405,2025-10-05,22864,341,31,1,11.48,Damaged
6373,315450,2025-09-20,5837,457,9,1,16.61,Damaged
6374,315516,2025-10-01,5159,162,27,1,23.32,Wrong Item
6375,315522,2025-10-02,23475,267,2,1,82.57,Quality Issue
6376,315529,2025-09-25,23294,99,32,1,4.62,Damaged
6377,315534,2025-09-22,4215,60,6,1,8.49,Damaged
6378,315556,2025-09-26,8813,705,8,1,49.54,Quality Issue
6379,315584,2025-09-27,4852,372,21,1,14.63,Not Needed
6380,315686,2025-09-23,9236,564,12,2,4.96,Not Needed
6381,315755,2025-09-29,11658,11,21,2,11.8,Not Needed
6382,315763,2025-10-05,13348,128,21,1,7.2,Not Needed
6383,315768,2025-09-20,10486,7,19,1,25.61,Late Delivery
6384,315841,2025-10-06,542,87,14,1,0.86,Not Needed
6385,315842,2025-10-08,9997,487,22,1,16.21,Not Needed
6386,315861,2025-09-20,13665,417,29,1,5.87,Not Needed
6387,315943,2025-10-05,9515,161,29,2,34.48,Damaged
6388,315984,2025-10-07,3209,133,32,2,12.34,Not Needed
6389,316057,2025-09-28,7978,183,22,2,4.41,Not Needed
6390,316097,2025-10-01,8719,473,3,1,3.83,Late Delivery
6391,316117,2025-09-27,23065,449,5,2,74.13,Quality Issue
6392,316124,2025-10-04,6074,718,1,1,166.47,Late Delivery
6393,316140,2025-09-25,20056,37,17,1,7.58,Late Delivery
6394,316220,2025-09-19,6129,90,19,2,11.81,Not Needed
6395,316240,2025-10-05,6437,328,8,1,7.49,Quality Issue
6396,316281,2025-10-07,15718,97,34,2,3.63,Late Delivery
6397,316497,2025-10-07,13135,397,25,1,27.12,Damaged
6398,316614,2025-09-26,11937,336,24,2,11.1,Quality Issue
6399,316768,2025-10-08,20326,625,1,1,375.98,Quality Issue
6400,316827,2025-10-10,21086,57,32,1,1.03,Damaged
6401,316879,2025-09-24,15504,223,26,2,19.58,Quality Issue
6402,317041,2025-09-25,9711,494,21,1,2.35,Damaged
6403,317057,2025-10-09,2891,137,21,2,27.1,Wrong Item
6404,317065,2025-10-05,21019,61,13,1,27.03,Damaged
6405,317116,2025-09-21,21292,107,15,1,3.97,Damaged
6406,317230,2025-10-04,8331,369,25,1,10.51,Late Delivery
6407,317314,2025-09-30,12222,148,3,1,2.52,Quality Issue
6408,317344,2025-09-22,11005,211,13,2,10.53,Not Needed
6409,317352,2025-10-04,2496,3,21,2,10.39,Damaged
6410,317410,2025-10-03,21029,180,26,2,5.02,Late Delivery
6411,317455,2025-10-10,6545,188,18,1,9.32,Quality Issue
6412,317480,2025-09-28,9002,612,34,1,137.45,Damaged
6413,317529,2025-09-28,13139,325,14,1,27.32,Not Needed
6414,317577,2025-10-04,17269,690,2,1,376.9,Not Needed
6415,317663,2025-10-02,22754,476,9,1,57.65,Not Needed
6416,317719,2025-10-08,17159,434,21,1,9.45,Not Needed
6417,317722,2025-09-24,7364,543,1,2,31.17,Damaged
6418,317725,2025-10-04,294,1,28,1,2.37,Not Needed
6419,317734,2025-09-30,13982,465,5,2,6.81,Not Needed
6420,317869,2025-10-07,15527,48,9,1,1.13,Not Needed
6421,317875,2025-09-26,2955,381,33,1,12.57,Quality Issue
6422,317908,2025-10-07,10200,540,14,2,28.76,Late Delivery
6423,317922,2025-10-04,22839,202,32,2,31.77,Not Needed
6424,318129,2025-09-26,8691,166,18,1,3.96,Not Needed
6425,318139,2025-10-10,16421,12,33,1,4.19,Damaged
6426,318150,2025-10-02,20775,511,25,1,14.95,Damaged
6427,318208,2025-10-11,24961,223,5,1,5.43,Late Delivery
6428,318234,2025-10-09,21579,195,29,2,7.43,Not Needed
6429,318333,2025-10-12,11175,347,30,2,4.7,Not Needed
6430,318354,2025-09-27,20812,548,32,1,47.21,Not Needed
6431,318461,2025-09-28,17641,89,14,1,5.57,Quality Issue
6432,318476,2025-09-28,8497,590,21,1,46.9,Not Needed
6433,318485,2025-10-02,22621,382,26,1,1.63,Damaged
6434,318566,2025-09-28,3080,53,33,1,5.96,Late Delivery
6435,318585,2025-09-28,2663,549,25,1,2.15,Not Needed
6436,318627,2025-10-10,17911,400,16,1,30.03,Not Needed
6437,318790,2025-10-03,5966,645,3,1,136.05,Damaged
6438,318798,2025-09-30,13356,253,7,1,34.18,Quality Issue
6439,318892,2025-10-06,9654,119,29,1,34.75,Quality Issue
6440,318908,2025-10-06,12942,295,14,1,25.15,Wrong Item
6441,318968,2025-09-27,4693,287,8,1,16.22,Damaged
6442,318987,2025-10-14,2310,716,22,1,218.24,Damaged
6443,318998,2025-10-13,8351,166,34,1,7.76,Late Delivery
6444,319110,2025-09-30,23218,305,4,2,57.0,Quality Issue
6445,319198,2025-10-11,6651,73,5,1,8.38,Not Needed
6446,319231,2025-10-05,20436,394,20,1,25.2,Quality Issue
6447,319271,2025-10-13,5569,183,11,2,9.19,Late Delivery
6448,319288,2025-10-11,1971,486,18,1,78.86,Wrong Item
6449,319489,2025-10-13,7190,232,3,2,43.42,Wrong Item
6450,319542,2025-09-29,8634,173,28,2,14.88,Wrong Item
6451,319592,2025-09-27,3076,13,21,2,10.82,Not Needed
6452,319637,2025-10-05,9570,579,21,1,17.99,Wrong Item
6453,319680,2025-10-05,5458,103,13,2,12.77,Late Delivery
6454,319719,2025-09-29,15899,303,8,2,32.1,Not Needed
6455,319732,2025-10-17,17675,574,4,2,43.06,Not Needed
6456,319827,2025-10-08,15780,588,18,1,348.9,Late Delivery
6457,319884,2025-10-03,9530,685,30,1,119.56,Quality Issue
6458,319888,2025-10-09,9184,53,8,1,4.78,Wrong Item
6459,319923,2025-10-14,2996,389,20,1,11.41,Late Delivery
6460,319929,2025-10-12,21137,164,9,1,20.83,Wrong Item
6461,319947,2025-10-03,12514,377,33,1,28.99,Late Delivery
6462,320014,2025-10-14,9588,322,8,1,33.25,Late Delivery
6463,320039,2025-10-16,13398,356,6,1,22.08,Quality Issue
6464,320059,2025-10-03,14263,517,12,2,5.82,Late Delivery
6465,320060,2025-10-16,16509,488,6,1,10.06,Not Needed
6466,320070,2025-09-29,20653,604,24,2,383.19,Wrong Item
6467,320121,2025-10-13,21123,541,29,2,51.39,Quality Issue
6468,320155,2025-10-15,8749,231,20,1,14.21,Not Needed
6469,320239,2025-10-18,881,76,32,1,6.51,Wrong Item
6470,320296,2025-10-05,10280,487,23,1,13.19,Damaged
6471,320355,2025-10-05,21238,24,32,2,25.18,Damaged
6472,320372,2025-10-02,15362,275,21,1,16.0,Late Delivery
6473,320480,2025-10-14,2365,85,29,1,10.5,Damaged
6474,320481,2025-10-15,880,73,19,1,26.7,Damaged
6475,320487,2025-10-12,8741,164,33,2,17.16,Not Needed
6476,320609,2025-10-07,19732,288,23,2,134.37,Not Needed
6477,320678,2025-10-06,14495,28,29,2,11.13,Late Delivery
6478,320792,2025-10-08,11220,3,24,2,8.41,Late Delivery
6479,320799,2025-10-13,10527,251,25,1,46.79,Damaged
6480,320910,2025-10-17,11867,66,22,1,9.15,Not Needed
6481,320973,2025-09-30,13953,95,33,1,14.88,Quality Issue
6482,321015,2025-10-19,21374,534,18,2,22.13,Damaged
6483,321092,2025-10-13,18436,47,16,1,6.8,Quality Issue
6484,321175,2025-10-10,15114,127,31,1,10.44,Quality Issue
6485,321211,2025-10-05,2442,281,11,1,18.58,Not Needed
6486,321321,2025-10-02,21732,220,17,1,24.59,Damaged
6487,321384,2025-10-10,20583,530,14,2,29.02,Not Needed
6488,321401,2025-10-06,1112,158,15,1,17.44,Quality Issue
6489,321521,2025-10-10,11463,10,11,1,17.44,Not Needed
6490,321637,2025-10-13,24442,663,29,1,106.51,Late Delivery
6491,321709,2025-10-02,24060,315,26,1,2.67,Quality Issue
6492,321800,2025-10-21,9888,486,21,1,15.57,Quality Issue
6493,321870,2025-10-10,23577,170,14,1,4.82,Late Delivery
6494,321908,2025-10-03,6929,443,28,2,39.92,Damaged
6495,321969,2025-10-09,21582,292,10,1,19.32,Late Delivery
6496,322046,2025-10-19,20040,27,28,1,5.75,Quality Issue
6497,322110,2025-10-19,20514,557,17,1,8.81,Not Needed
6498,322117,2025-10-18,5371,147,30,2,20.58,Not Needed
6499,322139,2025-10-04,14753,59,17,2,13.04,Wrong Item
6500,322153,2025-10-10,23289,202,8,1,20.21,Quality Issue
6501,322172,2025-10-06,19225,656,5,1,217.28,Not Needed
6502,322181,2025-10-08,5351,24,24,2,7.99,Not Needed
6503,322187,2025-10-22,18860,183,11,1,15.01,Late Delivery
6504,322317,2025-10-04,6287,107,11,2,9.55,Quality Issue
6505,322367,2025-10-14,3409,83,8,1,5.88,Late Delivery
6506,322377,2025-10-07,6186,560,18,1,11.12,Damaged
6507,322385,2025-10-18,7560,81,1,2,42.98,Quality Issue
6508,322445,2025-10-22,24506,45,20,1,25.34,Wrong Item
6509,322500,2025-10-21,18238,540,21,1,8.17,Not Needed
6510,322592,2025-10-19,15788,631,29,1,273.35,Not Needed
6511,322598,2025-10-04,22675,119,22,2,21.93,Late Delivery
6512,322759,2025-10-22,8090,199,8,1,11.36,Not Needed
6513,322815,2025-10-10,19196,218,5,1,17.08,Not Needed
6514,322820,2025-10-17,14496,24,32,2,15.59,Quality Issue
6515,322920,2025-10-07,13066,250,34,1,8.41,Quality Issue
6516,322921,2025-10-24,4972,186,20,2,4.68,Not Needed
6517,322965,2025-10-14,13955,19,2,2,22.69,Damaged
6518,323061,2025-10-07,19956,31,21,1,4.9,Quality Issue
6519,323083,2025-10-12,11342,104,8,1,7.22,Not Needed
6520,323143,2025-10-11,17199,86,3,1,5.49,Quality Issue
6521,323147,2025-10-06,20505,650,5,1,333.85,Not Needed
6522,323162,2025-10-06,2896,330,15,1,18.82,Wrong Item
6523,323173,2025-10-10,14169,77,1,2,13.96,Wrong Item
6524,323221,2025-10-23,2802,320,4,1,16.4,Quality Issue
6525,323308,2025-10-20,20319,14,20,1,3.05,Quality Issue
6526,323318,2025-10-16,19941,217,29,1,4.11,Quality Issue
6527,323319,2025-10-16,14232,131,7,1,6.43,Late Delivery
6528,323441,2025-10-19,23087,370,29,1,17.87,Wrong Item
6529,323462,2025-10-13,3423,22,21,2,43.47,Not Needed
6530,323499,2025-10-15,10606,145,3,1,11.28,Not Needed
6531,323503,2025-10-13,481,87,2,1,0.91,Not Needed
6532,323523,2025-10-16,251,413,3,1,9.86,Damaged
6533,323605,2025-10-19,534,128,18,1,4.35,Damaged
6534,323616,2025-10-08,6186,280,21,1,26.01,Not Needed
6535,323684,2025-10-12,15000,466,26,1,21.66,Quality Issue
6536,323766,2025-10-10,4091,181,7,1,2.95,Not Needed
6537,323797,2025-10-19,23191,683,31,1,71.12,Late Delivery
6538,323806,2025-10-17,7483,29,13,2,24.04,Late Delivery
6539,323809,2025-10-15,17023,309,32,2,56.5,Not Needed
6540,323918,2025-10-11,23997,65,34,1,52.49,Not Needed
6541,323962,2025-10-21,10002,133,32,2,7.85,Wrong Item
6542,323991,2025-10-24,24982,192,5,1,8.46,Wrong Item
6543,324012,2025-10-21,17896,90,15,2,5.68,Not Needed
6544,324015,2025-10-10,6792,543,34,1,10.77,Quality Issue
6545,324084,2025-10-08,14475,199,24,2,17.31,Late Delivery
6546,324130,2025-10-14,5559,303,24,2,61.75,Quality Issue
6547,324151,2025-10-10,14218,64,1,2,15.55,Not Needed
6548,324174,2025-10-21,4930,497,25,2,11.16,Quality Issue
6549,324210,2025-10-22,3823,155,6,1,6.63,Late Delivery
6550,324214,2025-10-11,22687,335,14,1,42.05,Not Needed
6551,324257,2025-10-18,19732,623,9,1,510.39,Not Needed
6552,324307,2025-10-25,22380,275,7,2,54.36,Quality Issue
6553,324323,2025-10-13,24509,126,5,1,12.18,Wrong Item
6554,324343,2025-10-20,6471,126,16,2,7.94,Quality Issue
6555,324357,2025-10-24,4004,673,29,1,242.99,Damaged
6556,324461,2025-10-12,14477,363,30,1,8.46,Damaged
6557,324515,2025-10-11,4941,100,12,2,9.75,Not Needed
6558,324529,2025-10-09,21348,106,15,1,3.69,Wrong Item
6559,324532,2025-10-23,6687,36,24,1,31.71,Not Needed
6560,324557,2025-10-26,19649,627,14,2,618.75,Not Needed
6561,324562,2025-10-26,16249,580,5,2,7.1,Late Delivery
6562,324579,2025-10-09,4407,299,10,1,19.3,Not Needed
6563,324643,2025-10-23,19038,196,21,1,6.23,Not Needed
6564,324728,2025-10-27,11577,561,16,2,21.49,Not Needed
6565,324747,2025-10-15,2075,511,26,1,49.36,Damaged
6566,324811,2025-10-23,21785,40,31,2,27.8,Late Delivery
6567,324997,2025-10-11,13090,385,30,1,5.49,Damaged
6568,325138,2025-10-29,16900,47,9,2,32.33,Not Needed
6569,325315,2025-10-17,2715,501,17,2,100.19,Not Needed
6570,325320,2025-10-20,18654,29,24,2,16.26,Damaged
6571,325460,2025-10-13,1572,557,7,2,16.88,Wrong Item
6572,325462,2025-10-17,15573,80,18,1,31.91,Late Delivery
6573,325525,2025-10-30,13548,136,21,2,25.6,Quality Issue
6574,325594,2025-10-14,307,110,19,2,14.95,Damaged
6575,325621,2025-10-28,4825,41,32,1,12.99,Damaged
6576,325763,2025-10-20,5331,240,33,1,15.04,Quality Issue
6577,325774,2025-10-25,13596,120,32,2,27.02,Late Delivery
6578,325790,2025-10-15,14710,550,23,2,37.48,Late Delivery
6579,325814,2025-10-28,7901,131,32,1,2.35,Quality Issue
6580,325846,2025-10-28,23785,489,6,1,22.13,Not Needed
6581,325883,2025-10-22,21044,284,14,1,67.79,Not Needed
6582,326039,2025-10-22,14241,153,6,1,6.03,Wrong Item
6583,326054,2025-10-24,5610,143,29,1,21.77,Damaged
6584,326096,2025-10-15,24257,536,29,1,6.14,Wrong Item
6585,326201,2025-10-24,3807,475,6,1,5.89,Not Needed
6586,326250,2025-10-12,503,491,25,1,20.05,Late Delivery
6587,326267,2025-10-26,18951,176,12,1,1.89,Quality Issue
6588,326372,2025-10-12,24569,578,19,2,39.08,Damaged
6589,326376,2025-10-25,3497,399,3,1,10.6,Not Needed
6590,326377,2025-10-19,18343,214,3,1,11.76,Not Needed
6591,326397,2025-10-20,14932,173,1,2,43.22,Late Delivery
6592,326422,2025-10-16,1246,5,33,1,24.77,Quality Issue
6593,326463,2025-10-24,17227,563,22,2,59.57,Quality Issue
6594,326468,2025-10-20,15159,552,6,1,18.12,Not Needed
6595,326596,2025-10-24,7856,81,9,1,7.45,Not Needed
6596,326784,2025-10-30,20472,171,18,1,15.95,Late Delivery
6597,326832,2025-10-26,15423,697,17,1,343.99,Damaged
6598,326856,2025-10-21,16936,169,21,2,30.76,Late Delivery
6599,326948,2025-10-25,21458,79,34,1,8.06,Damaged
6600,326973,2025-10-17,3693,531,6,2,29.18,Not Needed
6601,326988,2025-10-31,19711,399,1,1,25.84,Wrong Item
6602,327034,2025-10-22,6436,581,28,1,2.5,Quality Issue
6603,327064,2025-10-23,14734,182,34,2,5.49,Wrong Item
6604,327072,2025-10-20,6000,451,18,2,53.03,Quality Issue
6605,327101,2025-10-26,19049,274,5,1,15.15,Late Delivery
6606,327121,2025-10-21,1815,214,21,1,18.3,Quality Issue
6607,327140,2025-10-20,15078,183,30,2,19.21,Quality Issue
6608,327237,2025-10-20,13846,25,34,1,15.64,Not Needed
6609,327634,2025-11-02,14405,448,22,1,83.3,Damaged
6610,327640,2025-10-17,15063,207,1,1,5.49,Wrong Item
6611,327641,2025-11-02,13440,81,25,1,27.18,Quality Issue
6612,327655,2025-10-30,1699,384,26,1,17.56,Wrong Item
6613,327661,2025-10-23,3249,54,24,2,12.85,Not Needed
6614,327705,2025-10-21,23045,69,29,1,6.68,Not Needed
6615,327720,2025-10-26,15893,484,29,1,24.64,Damaged
6616,327768,2025-10-16,17941,685,15,1,128.76,Damaged
6617,327771,2025-10-17,7314,438,32,1,30.58,Quality Issue
6618,327797,2025-10-24,12351,45,21,2,29.95,Late Delivery
6619,327870,2025-10-25,17248,79,27,2,17.65,Not Needed
6620,327898,2025-10-21,23555,76,32,1,8.81,Damaged
6621,327909,2025-11-02,2460,250,8,1,25.04,Late Delivery
6622,327944,2025-10-17,1522,85,34,2,9.49,Quality Issue
6623,328024,2025-10-27,8940,187,24,1,39.32,Quality Issue
6624,328064,2025-10-22,6722,382,7,2,4.28,Damaged
6625,328101,2025-10-25,1591,404,32,1,13.19,Damaged
6626,328151,2025-10-16,4693,231,11,1,21.64,Not Needed
6627,328160,2025-10-24,6883,370,13,1,16.53,Late Delivery
6628,328237,2025-10-23,12898,112,21,2,16.97,Quality Issue
6629,328360,2025-10-17,13801,363,18,2,15.45,Damaged
6630,328367,2025-10-20,3153,133,30,2,13.36,Not Needed
6631,328435,2025-11-05,20123,190,23,1,57.31,Quality Issue
6632,328462,2025-10-18,5526,218,10,2,12.56,Late Delivery
6633,328500,2025-11-02,2959,109,29,2,17.98,Late Delivery
6634,328507,2025-10-21,11165,302,34,1,6.79,Late Delivery
6635,328589,2025-11-04,12103,682,32,1,133.78,Quality Issue
6636,328592,2025-10-26,15430,83,8,1,9.31,Not Needed
6637,328697,2025-10-30,24122,22,20,1,43.15,Not Needed
6638,328747,2025-10-24,8151,178,20,1,8.36,Late Delivery
6639,328869,2025-10-28,11325,264,17,1,29.52,Quality Issue
6640,328873,2025-10-31,3233,335,7,1,12.48,Not Needed
6641,328912,2025-11-04,19512,317,33,1,2.7,Not Needed
6642,328918,2025-10-27,24877,37,23,2,12.97,Wrong Item
6643,329012,2025-10-18,24193,664,8,1,300.57,Not Needed
6644,329050,2025-11-05,9202,218,18,1,6.36,Damaged
6645,329067,2025-10-21,8011,404,3,2,22.28,Quality Issue
6646,329097,2025-10-31,665,41,22,1,13.69,Not Needed
6647,329108,2025-10-30,1396,131,32,1,1.44,Damaged
6648,329245,2025-10-23,18791,138,9,1,11.15,Late Delivery
6649,329333,2025-10-29,4108,144,22,1,6.33,Not Needed
6650,329350,2025-10-25,14443,381,21,1,7.98,Late Delivery
6651,329402,2025-10-21,1496,66,17,1,4.52,Damaged
6652,329403,2025-11-07,22710,408,7,1,8.33,Damaged
6653,329440,2025-10-26,15313,409,30,1,8.43,Not Needed
6654,329537,2025-10-31,1654,164,8,1,30.42,Late Delivery
6655,329549,2025-10-22,12590,59,34,1,11.16,Damaged
6656,329566,2025-10-23,11775,605,18,1,135.81,Wrong Item
6657,329758,2025-11-03,17294,218,6,2,15.46,Wrong Item
6658,329783,2025-11-06,22599,58,30,2,15.53,Not Needed
6659,329801,2025-11-01,11471,208,2,1,5.28,Late Delivery
6660,329803,2025-11-02,9989,114,7,2,23.48,Wrong Item
6661,329824,2025-10-25,20726,20,19,2,18.55,Quality Issue
6662,329935,2025-11-02,18871,622,1,1,42.71,Not Needed
6663,330035,2025-10-24,24475,38,1,2,2.0,Damaged
6664,330063,2025-11-09,8266,496,25,1,15.3,Quality Issue
6665,330069,2025-10-27,18200,123,3,2,34.44,Damaged
6666,330114,2025-10-30,1514,145,17,1,3.4,Wrong Item
6667,330120,2025-10-25,16477,121,18,1,5.45,Wrong Item
6668,330127,2025-10-21,11327,164,11,2,22.26,Not Needed
6669,330160,2025-11-02,13691,30,6,2,3.79,Not Needed
6670,330175,2025-10-22,12006,67,18,1,13.38,Late Delivery
6671,330177,2025-10-24,1581,153,30,2,18.09,Not Needed
6672,330352,2025-10-23,23704,46,26,1,5.56,Late Delivery
6673,330361,2025-11-04,20304,60,8,1,3.74,Late Delivery
6674,330510,2025-10-28,3025,111,18,1,5.52,Wrong Item
6675,330526,2025-11-08,23648,372,26,1,55.05,Wrong Item
6676,330529,2025-11-07,2567,510,29,2,41.95,Not Needed
6677,330530,2025-10-29,3071,88,21,1,6.75,Damaged
6678,330585,2025-10-29,23620,221,16,1,7.43,Not Needed
6679,330646,2025-10-31,13497,63,20,1,16.95,Quality Issue
6680,330730,2025-11-03,11412,137,20,2,37.69,Not Needed
6681,330731,2025-11-01,22472,79,17,1,7.19,Quality Issue
6682,330759,2025-10-23,11028,299,29,2,69.79,Quality Issue
6683,330765,2025-11-01,12214,261,14,2,38.47,Wrong Item
6684,330787,2025-11-08,7403,166,13,1,1.45,Quality Issue
6685,330795,2025-10-26,24453,569,32,1,6.56,Wrong Item
6686,330905,2025-11-07,3722,474,22,1,16.77,Not Needed
6687,331039,2025-11-07,2813,29,28,2,35.92,Late Delivery
6688,331050,2025-11-07,7173,355,29,1,27.32,Late Delivery
6689,331121,2025-10-28,1517,463,33,1,84.35,Not Needed
6690,331187,2025-10-28,3522,535,16,2,15.61,Not Needed
6691,331200,2025-10-28,19312,40,14,1,9.6,Damaged
6692,331264,2025-11-11,23920,88,15,2,19.28,Quality Issue
6693,331384,2025-11-05,15919,92,2,1,3.41,Not Needed
6694,331446,2025-10-24,23053,478,9,1,11.63,Late Delivery
6695,331469,2025-10-28,3469,317,17,1,8.4,Not Needed
6696,331479,2025-10-30,20092,680,21,1,384.29,Quality Issue
6697,331511,2025-11-04,18660,227,19,1,5.44,Not Needed
6698,331698,2025-10-31,12014,369,17,1,25.84,Wrong Item
6699,331799,2025-11-12,1141,175,9,1,3.61,Damaged
6700,331859,2025-11-05,9846,168,33,1,6.16,Late Delivery
6701,331883,2025-11-12,1808,468,16,1,15.77,Not Needed
6702,331926,2025-10-25,5796,63,12,1,15.5,Not Needed
6703,331933,2025-10-27,5287,256,6,1,32.3,Not Needed
6704,332079,2025-11-01,11268,684,3,1,197.78,Wrong Item
6705,332166,2025-11-02,11546,114,9,2,9.9,Not Needed
6706,332268,2025-11-05,19468,153,19,1,22.4,Quality Issue
6707,332304,2025-11-12,14189,10,27,1,14.72,Not Needed
6708,332374,2025-11-10,2761,33,2,1,4.44,Not Needed
6709,332377,2025-11-08,20493,637,29,1,330.21,Quality Issue
6710,332438,2025-11-11,15257,241,28,1,31.43,Not Needed
6711,332450,2025-10-27,18900,200,2,1,15.01,Not Needed
6712,332506,2025-10-27,10564,109,6,1,7.89,Wrong Item
6713,332513,2025-11-02,9791,42,8,1,1.45,Late Delivery
6714,332541,2025-10-27,1135,480,30,1,11.57,Quality Issue
6715,332551,2025-11-14,426,169,10,2,15.13,Quality Issue
6716,332594,2025-11-08,21672,531,21,1,22.16,Quality Issue
6717,332599,2025-10-31,8118,448,18,1,22.31,Not Needed
6718,332626,2025-10-28,21109,691,19,1,274.58,Damaged
6719,332638,2025-11-03,5771,564,22,1,2.02,Not Needed
6720,332672,2025-10-26,15956,328,24,2,28.89,Damaged
6721,332807,2025-11-11,14457,237,34,1,54.1,Quality Issue
6722,332883,2025-11-14,22169,345,18,1,59.01,Damaged
6723,333016,2025-10-30,22828,502,13,1,16.39,Quality Issue
6724,333045,2025-11-07,14134,580,13,1,2.14,Not Needed
6725,333139,2025-10-30,6602,99,16,1,8.69,Damaged
6726,333167,2025-11-05,14875,385,28,1,6.14,Not Needed
6727,333210,2025-11-09,10294,26,4,2,9.97,Damaged
6728,333259,2025-11-07,1700,136,8,2,39.38,Not Needed
6729,333394,2025-11-03,24381,560,23,1,7.92,Wrong Item
6730,333483,2025-11-07,12970,31,34,2,4.17,Not Needed
6731,333524,2025-11-12,18904,435,29,1,4.4,Not Needed
6732,333529,2025-11-05,17374,630,3,1,250.41,Quality Issue
6733,333583,2025-11-14,5033,367,3,1,28.8,Quality Issue
6734,333593,2025-11-05,1131,130,34,2,2.59,Late Delivery
6735,333607,2025-11-16,22705,479,33,1,77.47,Not Needed
6736,333615,2025-10-30,19859,516,21,2,25.77,Not Needed
6737,333630,2025-11-01,23964,531,19,1,28.84,Not Needed
6738,333669,2025-11-05,15380,315,2,1,3.0,Damaged
6739,333682,2025-11-14,22468,539,14,1,9.04,Not Needed
6740,333698,2025-10-31,20444,241,21,1,28.54,Damaged
6741,333799,2025-11-04,19870,113,30,1,30.37,Damaged
6742,333878,2025-11-16,20297,121,22,1,10.58,Wrong Item
6743,333956,2025-11-06,24906,557,28,1,8.36,Not Needed
6744,334043,2025-11-10,12378,190,6,2,38.24,Wrong Item
6745,334061,2025-11-09,7891,228,26,1,53.07,Wrong Item
6746,334125,2025-11-14,2845,165,25,1,11.03,Damaged
6747,334285,2025-11-03,229,693,33,1,233.38,Quality Issue
6748,334320,2025-11-13,9623,627,15,1,255.79,Not Needed
6749,334394,2025-11-11,18063,136,2,2,9.25,Damaged
6750,334427,2025-11-01,1786,317,9,1,14.19,Quality Issue
6751,334443,2025-11-04,8514,100,25,1,7.36,Late Delivery
6752,334496,2025-11-06,6067,169,8,1,24.74,Damaged
6753,334516,2025-11-04,20807,210,8,2,23.56,Not Needed
6754,334524,2025-11-18,6747,681,15,1,81.17,Not Needed
6755,334571,2025-11-12,13091,183,14,2,10.44,Wrong Item
6756,334645,2025-11-02,21647,100,6,1,6.35,Not Needed
6757,334664,2025-11-09,2989,250,13,1,4.74,Not Needed
6758,334760,2025-11-19,4247,53,9,2,4.17,Not Needed
6759,334807,2025-11-17,15798,49,16,1,29.12,Wrong Item
6760,334881,2025-11-11,24705,558,22,2,34.36,Not Needed
6761,334895,2025-11-02,15077,61,28,1,18.26,Damaged
6762,334899,2025-11-04,4901,432,33,2,12.42,Not Needed
6763,334936,2025-11-05,10964,126,18,2,5.44,Quality Issue
6764,335005,2025-11-14,21252,230,17,1,19.32,Late Delivery
6765,335088,2025-11-09,5869,93,9,1,3.35,Quality Issue
6766,335177,2025-11-04,7451,24,20,1,23.87,Not Needed
6767,335203,2025-11-13,5658,190,20,2,28.27,Damaged
6768,335244,2025-11-11,22991,630,16,1,462.14,Wrong Item
6769,335334,2025-11-17,21013,176,8,1,2.35,Damaged
6770,335392,2025-11-08,585,153,31,2,24.88,Quality Issue
6771,335475,2025-11-17,12002,410,28,1,21.17,Wrong Item
6772,335482,2025-11-18,8460,517,14,1,3.86,Late Delivery
6773,335499,2025-11-16,18397,223,16,2,28.72,Late Delivery
6774,335525,2025-11-15,15539,32,29,2,23.38,Late Delivery
6775,335601,2025-11-15,17916,196,21,1,16.98,Late Delivery
6776,335687,2025-11-07,16948,301,34,1,12.39,Late Delivery
6777,335718,2025-11-08,2105,168,31,1,6.41,Not Needed
6778,335726,2025-11-20,16790,560,26,1,8.97,Not Needed
6779,335799,2025-11-21,22223,583,18,1,5.92,Late Delivery
6780,335819,2025-11-13,14037,98,15,2,3.61,Not Needed
6781,335863,2025-11-10,7188,529,5,1,29.9,Late Delivery
6782,335912,2025-11-12,13655,569,23,1,13.31,Quality Issue
6783,335951,2025-11-12,22972,556,17,1,20.49,Not Needed
6784,335954,2025-11-08,11080,299,1,1,19.14,Quality Issue
6785,336046,2025-11-10,11295,242,3,2,96.14,Quality Issue
6786,336160,2025-11-09,12824,186,29,2,10.77,Quality Issue
6787,336186,2025-11-17,4457,78,5,1,13.05,Quality Issue
6788,336198,2025-11-21,5791,99,8,1,6.57,Not Needed
6789,336201,2025-11-20,5837,446,9,1,7.11,Quality Issue
6790,336309,2025-11-21,9557,207,29,1,17.59,Quality Issue
6791,336333,2025-11-06,10316,562,27,1,13.23,Late Delivery
6792,336366,2025-11-08,7292,33,33,1,13.43,Wrong Item
6793,336402,2025-11-07,15731,124,21,2,27.35,Not Needed
6794,336477,2025-11-15,1498,213,21,2,12.78,Not Needed
6795,336544,2025-11-15,6618,130,14,1,1.32,Wrong Item
6796,336629,2025-11-07,17399,486,15,1,63.5,Not Needed
6797,336639,2025-11-23,4539,553,16,1,16.04,Quality Issue
6798,336787,2025-11-16,10908,137,17,1,7.85,Not Needed
6799,336806,2025-11-11,2219,142,32,2,7.23,Not Needed
6800,336834,2025-11-07,14093,438,34,1,12.08,Not Needed
6801,336851,2025-11-11,23734,657,9,1,123.1,Not Needed
6802,336859,2025-11-17,19180,360,1,1,8.82,Damaged
6803,336906,2025-11-14,24645,212,33,2,25.48,Damaged
6804,336994,2025-11-21,23452,53,12,1,6.32,Wrong Item
6805,337008,2025-11-16,6557,248,33,1,8.38,Damaged
6806,337030,2025-11-12,9755,267,30,1,11.62,Damaged
6807,337075,2025-11-09,19654,272,34,1,12.98,Quality Issue
6808,337140,2025-11-11,24229,541,34,1,15.45,Damaged
6809,337157,2025-11-08,3789,442,17,1,16.14,Wrong Item
6810,337242,2025-11-05,17666,401,26,2,32.92,Not Needed
6811,337245,2025-11-10,18988,63,4,2,25.56,Wrong Item
6812,337281,2025-11-24,4331,353,14,1,21.17,Quality Issue
6813,337305,2025-11-20,9408,241,5,2,29.28,Quality Issue
6814,337341,2025-11-08,6507,494,17,1,6.22,Wrong Item
6815,337395,2025-11-08,1435,208,20,1,13.93,Late Delivery
6816,337475,2025-11-19,8538,171,3,1,7.46,Quality Issue
6817,337491,2025-11-20,10344,442,28,2,13.52,Late Delivery
6818,337505,2025-11-23,5845,689,29,1,136.68,Quality Issue
6819,337520,2025-11-17,22885,625,9,1,294.32,Quality Issue
6820,337637,2025-11-21,13583,278,32,1,5.76,Not Needed
6821,337669,2025-11-25,22749,191,28,1,3.22,Late Delivery
6822,337694,2025-11-10,19728,142,23,1,20.72,Not Needed
6823,337753,2025-11-09,4194,448,6,1,13.98,Late Delivery
6824,337767,2025-11-25,4672,342,14,2,17.18,Late Delivery
6825,337780,2025-11-17,10034,445,30,1,17.72,Late Delivery
6826,337896,2025-11-23,2760,512,34,1,17.31,Not Needed
6827,337936,2025-11-15,18895,684,3,1,62.33,Late Delivery
6828,337959,2025-11-24,4862,220,27,1,7.23,Damaged
6829,337991,2025-11-08,7269,211,34,1,12.06,Quality Issue
6830,337996,2025-11-12,5184,183,1,1,20.69,Damaged
6831,338037,2025-11-19,18928,439,13,1,12.01,Quality Issue
6832,338042,2025-11-11,37,94,19,1,4.01,Not Needed
6833,338095,2025-11-24,11395,306,32,2,78.33,Not Needed
6834,338158,2025-11-19,11399,316,8,2,15.86,Wrong Item
6835,338168,2025-11-17,18252,89,1,2,13.76,Late Delivery
6836,338255,2025-11-19,16242,397,28,1,9.86,Not Needed
6837,338266,2025-11-22,9950,506,9,2,11.87,Late Delivery
6838,338310,2025-11-13,14726,507,24,1,3.69,Wrong Item
6839,338396,2025-11-14,5542,386,34,1,26.58,Not Needed
6840,338488,2025-11-16,6224,356,29,1,58.9,Not Needed
6841,338536,2025-11-17,9899,46,29,1,29.58,Not Needed
6842,338542,2025-11-17,4630,83,22,2,16.32,Late Delivery
6843,338560,2025-11-19,7536,501,15,2,49.09,Damaged
6844,338561,2025-11-09,1069,5,1,2,13.85,Damaged
6845,338599,2025-11-24,11986,26,26,1,3.13,Wrong Item
6846,338621,2025-11-14,12312,103,28,1,9.0,Not Needed
6847,338727,2025-11-24,7088,152,21,1,8.32,Quality Issue
6848,338904,2025-11-09,20819,633,27,1,268.99,Damaged
6849,338968,2025-11-20,14079,222,18,1,15.87,Damaged
6850,338970,2025-11-08,2279,121,24,2,6.82,Late Delivery
6851,338973,2025-11-09,16609,232,2,1,10.0,Late Delivery
6852,339045,2025-11-14,9984,303,32,1,20.79,Quality Issue
6853,339082,2025-11-15,12482,620,21,1,17.2,Not Needed
6854,339098,2025-11-17,6795,50,33,2,41.94,Not Needed
6855,339192,2025-11-23,15443,3,8,2,10.35,Late Delivery
6856,339533,2025-11-10,20471,4,20,2,26.84,Quality Issue
6857,339616,2025-11-19,7316,286,9,1,17.97,Quality Issue
6858,339681,2025-11-23,7723,352,6,1,14.51,Damaged
6859,339744,2025-11-09,23980,396,32,1,13.72,Not Needed
6860,339800,2025-11-09,12268,129,2,2,3.71,Damaged
6861,339853,2025-11-26,5212,115,30,2,3.58,Not Needed
6862,339950,2025-11-19,320,25,12,2,16.17,Not Needed
6863,340045,2025-11-25,8222,155,8,1,18.0,Quality Issue
6864,340170,2025-11-18,10404,81,8,1,19.63,Wrong Item
6865,340207,2025-11-10,13759,166,34,1,1.91,Not Needed
6866,340305,2025-11-13,11421,348,5,2,53.24,Damaged
6867,340370,2025-11-23,15460,146,4,1,21.92,Late Delivery
6868,340420,2025-11-26,7677,42,31,1,3.33,Not Needed
6869,340478,2025-11-24,13957,674,24,1,69.55,Not Needed
6870,340519,2025-11-14,16945,539,29,1,11.17,Quality Issue
6871,340563,2025-11-26,2270,184,28,1,6.2,Quality Issue
6872,340632,2025-11-16,13329,244,22,1,6.03,Not Needed
6873,340716,2025-11-12,15709,614,4,2,151.16,Not Needed
6874,340792,2025-11-19,18956,158,4,1,6.11,Not Needed
6875,340821,2025-11-28,7730,526,19,1,51.07,Not Needed
6876,340923,2025-11-28,7870,607,21,1,34.09,Damaged
6877,340984,2025-11-13,14893,73,17,1,7.86,Not Needed
6878,341148,2025-11-21,8344,37,21,1,4.97,Quality Issue
6879,341154,2025-11-26,10674,336,29,2,15.65,Late Delivery
6880,341178,2025-11-15,2078,456,23,2,29.45,Not Needed
6881,341357,2025-11-15,22878,34,7,2,13.47,Quality Issue
6882,341368,2025-11-14,3697,159,32,2,15.88,Quality Issue
6883,341635,2025-11-14,7639,200,33,2,7.65,Damaged
6884,341639,2025-11-19,18407,13,27,2,8.04,Late Delivery
6885,341757,2025-11-22,3071,285,29,1,13.6,Not Needed
6886,341775,2025-11-22,23494,79,24,1,5.49,Not Needed
6887,341872,2025-11-13,3044,43,19,1,3.52,Not Needed
6888,341877,2025-11-28,17119,139,14,1,14.61,Quality Issue
6889,341922,2025-11-27,17798,370,5,1,11.21,Late Delivery
6890,342012,2025-11-26,20613,125,30,1,15.87,Quality Issue
6891,342102,2025-11-27,1068,77,32,2,34.2,Not Needed
6892,342113,2025-11-15,17467,199,28,2,7.6,Damaged
6893,342214,2025-11-23,11662,395,17,2,15.94,Quality Issue
6894,342224,2025-11-26,17619,278,11,2,7.87,Wrong Item
6895,342228,2025-11-25,6214,601,3,1,449.45,Quality Issue
6896,342297,2025-12-02,2017,91,29,1,33.6,Not Needed
6897,342356,2025-12-03,4356,176,4,2,8.45,Late Delivery
6898,342388,2025-11-24,3384,376,3,1,16.2,Not Needed
6899,342449,2025-12-03,910,132,32,2,32.58,Wrong Item
6900,342464,2025-12-03,12216,201,5,2,10.93,Not Needed
6901,342465,2025-11-22,11997,193,24,2,11.57,Not Needed
6902,342482,2025-11-25,24577,185,10,1,21.4,Quality Issue
6903,342554,2025-11-27,2330,470,4,1,13.36,Quality Issue
6904,342576,2025-12-01,8609,230,16,1,37.35,Late Delivery
6905,342682,2025-11-18,12688,248,9,2,9.53,Not Needed
6906,342700,2025-12-01,12933,425,33,1,17.19,Quality Issue
6907,342713,2025-11-16,24649,147,14,2,14.61,Not Needed
6908,342724,2025-11-21,18546,89,29,1,17.69,Damaged
6909,342748,2025-11-15,12819,689,27,1,287.35,Wrong Item
6910,342798,2025-11-25,2352,426,31,1,10.33,Late Delivery
6911,342882,2025-11-19,1410,544,30,1,1.96,Not Needed
6912,342914,2025-11-16,6746,360,27,2,12.5,Late Delivery
6913,342985,2025-11-24,18368,152,32,1,14.07,Quality Issue
6914,343008,2025-11-26,18044,92,30,1,1.38,Quality Issue
6915,343009,2025-11-29,19753,231,18,2,41.26,Not Needed
6916,343043,2025-11-29,16600,334,2,2,29.08,Quality Issue
6917,343091,2025-11-17,19725,713,14,1,344.29,Quality Issue
6918,343100,2025-11-29,19059,125,5,2,29.85,Damaged
6919,343117,2025-11-26,6001,311,6,1,16.8,Damaged
6920,343123,2025-11-15,20918,258,17,1,4.39,Late Delivery
6921,343128,2025-11-19,12990,572,30,2,16.3,Not Needed
6922,343257,2025-11-28,1106,146,16,2,11.98,Not Needed
6923,343383,2025-11-27,1964,719,23,1,83.31,Quality Issue
6924,343396,2025-11-21,18138,180,7,1,0.97,Damaged
6925,343431,2025-11-30,23291,165,6,2,18.27,Late Delivery
6926,343510,2025-11-28,23592,281,11,1,15.52,Not Needed
6927,343536,2025-11-24,8236,376,31,1,18.82,Not Needed
6928,343547,2025-11-20,20108,576,5,2,42.76,Damaged
6929,343613,2025-11-29,6657,116,33,1,6.22,Damaged
6930,343681,2025-11-21,11666,178,21,1,10.33,Damaged
6931,343682,2025-11-19,5603,597,5,1,65.85,Not Needed
6932,343744,2025-11-19,23462,410,4,1,16.25,Quality Issue
6933,343831,2025-11-19,15455,131,15,2,5.51,Not Needed
6934,343886,2025-11-27,5431,153,6,1,12.46,Quality Issue
6935,343924,2025-12-04,19245,197,27,2,5.65,Not Needed
6936,343944,2025-11-20,5772,562,24,1,20.36,Not Needed
6937,343946,2025-11-19,879,167,17,1,14.67,Damaged
6938,343962,2025-12-06,6303,118,30,2,3.74,Not Needed
6939,343974,2025-11-21,14610,83,17,1,8.08,Quality Issue
6940,344007,2025-12-01,3899,260,29,1,39.25,Late Delivery
6941,344020,2025-11-22,22659,216,29,1,6.87,Late Delivery
6942,344040,2025-12-02,736,401,9,2,35.59,Not Needed
6943,344086,2025-11-25,470,351,24,2,49.38,Damaged
6944,344096,2025-11-20,2585,211,26,1,19.72,Wrong Item
6945,344151,2025-11-23,17321,576,33,1,14.02,Wrong Item
6946,344249,2025-12-06,15304,490,15,1,16.63,Not Needed
6947,344367,2025-12-06,5905,116,34,2,27.18,Late Delivery
6948,344418,2025-11-21,23896,132,16,1,3.28,Not Needed
6949,344419,2025-12-01,8054,407,29,1,22.09,Quality Issue
6950,344593,2025-11-18,4169,534,2,2,14.6,Late Delivery
6951,344602,2025-11-18,221,489,12,2,51.86,Wrong Item
6952,344662,2025-12-05,16156,333,7,2,17.23,Not Needed
6953,344738,2025-11-24,21721,426,32,1,20.6,Late Delivery
6954,344769,2025-12-02,3766,70,8,1,9.31,Not Needed
6955,344783,2025-11-29,8492,546,5,1,29.77,Not Needed
6956,344997,2025-12-06,3802,147,5,2,12.31,Not Needed
6957,345004,2025-11-25,19374,87,2,2,1.38,Damaged
6958,345054,2025-12-02,22176,185,18,1,3.43,Not Needed
6959,345137,2025-11-23,6408,597,15,1,55.8,Not Needed
6960,345240,2025-12-05,15638,327,9,2,24.91,Not Needed
6961,345283,2025-11-19,9745,239,33,1,13.31,Quality Issue
6962,345292,2025-11-19,7166,317,22,2,5.92,Not Needed
6963,345399,2025-11-29,3913,208,14,1,6.89,Wrong Item
6964,345401,2025-12-03,15367,122,24,1,7.39,Late Delivery
6965,345414,2025-12-05,7333,55,25,1,5.37,Quality Issue
6966,345449,2025-12-02,5658,31,8,1,0.67,Damaged
6967,345551,2025-11-27,23814,376,2,2,40.2,Not Needed
6968,345594,2025-12-09,10187,80,18,1,14.03,Damaged
6969,345603,2025-12-08,6925,236,18,2,14.68,Damaged
6970,345610,2025-11-21,9208,214,6,1,15.64,Quality Issue
6971,345621,2025-12-02,18817,171,11,1,4.91,Not Needed
6972,345627,2025-11-30,12414,205,3,1,3.11,Damaged
6973,345629,2025-11-25,14266,329,32,2,27.81,Damaged
6974,345640,2025-11-26,21475,233,30,1,7.23,Damaged
6975,345712,2025-12-06,7108,657,24,1,177.95,Wrong Item
6976,345719,2025-11-26,9187,360,5,2,13.1,Wrong Item
6977,345768,2025-11-25,16487,514,22,1,27.46,Quality Issue
6978,346014,2025-12-09,639,489,20,1,58.54,Quality Issue
6979,346087,2025-11-25,12767,666,3,1,327.99,Not Needed
6980,346121,2025-11-28,3352,17,10,2,6.09,Damaged
6981,346133,2025-12-03,20504,6,12,2,4.16,Quality Issue
6982,346181,2025-12-03,19153,202,15,2,20.47,Damaged
6983,346278,2025-12-07,14347,382,17,1,6.22,Late Delivery
6984,346293,2025-11-23,16152,580,21,1,2.43,Not Needed
6985,346354,2025-11-23,9992,339,24,1,4.55,Late Delivery
6986,346381,2025-11-23,2576,561,33,1,11.91,Not Needed
6987,346429,2025-11-23,21312,350,19,2,31.97,Damaged
6988,346506,2025-12-08,2357,364,27,1,9.92,Not Needed
6989,346513,2025-12-05,20996,373,33,1,10.35,Damaged
6990,346588,2025-11-23,6584,322,14,1,41.72,Wrong Item
6991,346662,2025-11-25,10438,15,32,1,17.91,Not Needed
6992,346686,2025-12-04,452,340,8,2,26.74,Damaged
6993,346748,2025-12-09,11183,311,29,1,16.32,Damaged
6994,346753,2025-12-09,484,404,4,1,30.6,Damaged
6995,346763,2025-11-23,11051,232,9,1,16.36,Not Needed
6996,346952,2025-12-05,8764,47,32,1,39.28,Not Needed
6997,346985,2025-12-09,10479,73,15,1,13.23,Late Delivery
6998,347047,2025-12-11,22659,280,26,1,12.52,Damaged
6999,347285,2025-11-24,13937,255,20,1,31.49,Damaged
7000,347292,2025-11-30,19020,182,6,1,6.25,Quality Issue
7001,347296,2025-12-08,15771,221,26,1,7.13,Damaged
7002,347307,2025-12-04,10320,81,32,2,17.98,Late Delivery
7003,347313,2025-11-29,18756,145,15,1,3.14,Not Needed
7004,347374,2025-12-02,5235,218,17,2,24.15,Late Delivery
7005,347449,2025-12-12,17618,114,31,2,16.66,Not Needed
7006,347479,2025-12-09,330,519,21,1,21.47,Damaged
7007,347505,2025-12-08,3178,605,27,1,86.66,Not Needed
7008,347533,2025-12-09,20848,526,9,1,15.51,Not Needed
7009,347615,2025-12-04,5353,113,15,2,16.64,Quality Issue
7010,347623,2025-12-06,16781,714,5,1,325.65,Wrong Item
7011,347668,2025-11-28,11445,243,6,2,75.45,Wrong Item
7012,347948,2025-12-01,13919,261,18,1,5.74,Not Needed
7013,348002,2025-12-12,14744,126,5,1,17.68,Quality Issue
7014,348015,2025-12-04,7195,147,21,2,10.0,Damaged
7015,348017,2025-12-07,23627,410,9,2,32.3,Damaged
7016,348059,2025-12-07,24906,186,30,2,11.53,Damaged
7017,348147,2025-11-24,11661,151,34,1,20.16,Not Needed
7018,348153,2025-12-06,1576,540,30,1,17.4,Not Needed
7019,348248,2025-12-02,12371,693,1,1,229.03,Damaged
7020,348262,2025-12-01,8421,499,5,1,6.97,Not Needed
7021,348273,2025-12-13,2702,193,29,2,14.39,Not Needed
7022,348301,2025-12-09,11471,192,16,1,50.76,Late Delivery
7023,348312,2025-12-13,7402,471,12,1,69.16,Not Needed
7024,348373,2025-12-07,8036,213,18,2,28.68,Damaged
7025,348383,2025-12-05,24843,305,8,1,14.5,Wrong Item
7026,348400,2025-12-06,7119,450,18,1,10.15,Quality Issue
7027,348469,2025-11-30,8957,147,9,1,8.32,Wrong Item
7028,348479,2025-12-08,2993,494,19,1,4.43,Late Delivery
7029,348536,2025-12-12,15937,85,27,2,25.53,Damaged
7030,348579,2025-12-11,14685,44,9,1,25.9,Not Needed
7031,348683,2025-12-14,9988,573,34,1,16.15,Late Delivery
7032,348694,2025-12-08,20730,687,5,1,101.27,Wrong Item
7033,348735,2025-12-07,5335,120,9,1,7.86,Damaged
7034,348817,2025-11-26,1033,149,14,1,4.69,Not Needed
7035,348832,2025-12-06,572,34,15,1,8.75,Quality Issue
7036,348853,2025-12-14,23586,241,26,1,20.8,Quality Issue
7037,348872,2025-12-10,18012,679,33,1,77.69,Quality Issue
7038,348925,2025-12-03,13263,485,24,1,10.89,Damaged
7039,348983,2025-12-06,17625,171,29,2,12.54,Damaged
7040,349328,2025-12-15,10804,28,18,1,13.37,Not Needed
7041,349487,2025-12-01,14274,55,34,1,4.34,Wrong Item
7042,349539,2025-12-12,4695,305,9,2,33.33,Damaged
7043,349634,2025-12-16,9247,171,33,2,4.22,Not Needed
7044,349687,2025-12-04,7835,248,22,1,9.84,Wrong Item
7045,349704,2025-12-01,16619,476,32,1,16.33,Quality Issue
7046,349759,2025-12-09,13849,710,32,1,165.89,Late Delivery
7047,349772,2025-12-15,9871,352,18,1,36.5,Damaged
7048,349777,2025-12-03,18476,96,8,1,6.25,Late Delivery
7049,349898,2025-11-29,24900,151,8,1,22.88,Damaged
7050,349917,2025-12-17,6233,350,30,1,11.02,Late Delivery
7051,349920,2025-12-17,16725,204,6,1,10.4,Quality Issue
7052,349925,2025-12-07,11985,570,33,1,15.14,Wrong Item
7053,349944,2025-12-14,3096,211,23,2,12.64,Quality Issue
7054,350038,2025-11-30,4838,405,32,1,11.81,Late Delivery
7055,350192,2025-12-04,22814,116,8,1,6.12,Wrong Item
7056,350217,2025-12-11,12770,530,22,1,18.46,Quality Issue
7057,350318,2025-12-03,21307,136,13,1,6.34,Quality Issue
7058,350341,2025-12-15,5951,148,33,1,3.55,Quality Issue
7059,350365,2025-12-11,12112,425,33,1,33.35,Damaged
7060,350377,2025-12-13,7374,269,25,1,23.49,Not Needed
7061,350394,2025-12-06,12283,705,1,1,30.22,Wrong Item
7062,350447,2025-12-12,8618,357,33,1,3.91,Wrong Item
7063,350484,2025-12-12,23029,182,33,1,9.67,Damaged
7064,350550,2025-12-11,18482,303,11,1,17.85,Not Needed
7065,350659,2025-12-04,23833,175,18,1,9.61,Quality Issue
7066,350938,2025-12-12,12095,172,3,1,8.06,Late Delivery
7067,350940,2025-12-02,8993,15,12,2,9.22,Not Needed
7068,350964,2025-12-19,23496,654,33,1,481.64,Damaged
7069,350983,2025-12-01,4987,8,8,1,5.9,Damaged
7070,351028,2025-12-05,20342,77,13,1,16.63,Not Needed
7071,351102,2025-12-03,4786,133,32,2,10.23,Damaged
7072,351219,2025-12-15,3544,256,25,2,83.53,Not Needed
7073,351223,2025-12-11,10336,718,2,2,520.47,Not Needed
7074,351278,2025-12-07,1885,136,27,1,24.67,Quality Issue
7075,351295,2025-11-30,6085,636,17,1,206.05,Quality Issue
7076,351389,2025-12-06,24579,141,25,1,15.56,Not Needed
7077,351409,2025-12-14,13207,252,4,1,11.76,Not Needed
7078,351473,2025-11-30,823,134,21,2,35.83,Damaged
7079,351547,2025-12-13,8635,70,29,1,11.38,Quality Issue
7080,351757,2025-12-08,16708,533,7,1,11.56,Not Needed
7081,351765,2025-12-04,18543,520,9,2,18.66,Late Delivery
7082,351779,2025-12-10,15,422,19,1,37.0,Not Needed
7083,351842,2025-12-02,3126,8,14,2,4.89,Not Needed
7084,351911,2025-12-07,22897,401,12,1,40.38,Damaged
7085,351961,2025-12-20,20823,123,1,1,3.84,Quality Issue
7086,351996,2025-12-08,14262,451,13,1,24.96,Late Delivery
7087,352102,2025-12-17,2273,17,21,1,5.03,Damaged
7088,352144,2025-12-09,22612,464,16,2,72.34,Quality Issue
7089,352290,2025-12-18,20022,115,6,1,4.37,Quality Issue
7090,352305,2025-12-19,15700,84,3,1,5.21,Not Needed
7091,352344,2025-12-07,11338,81,24,1,7.58,Quality Issue
7092,352352,2025-12-11,16155,415,32,1,12.25,Late Delivery
7093,352411,2025-12-02,7739,530,3,1,21.64,Quality Issue
7094,352666,2025-12-17,963,552,34,2,34.46,Quality Issue
7095,352792,2025-12-11,19283,455,23,1,6.48,Quality Issue
7096,352839,2025-12-10,13092,401,10,1,44.5,Wrong Item
7097,352903,2025-12-21,22452,75,14,1,30.91,Damaged
7098,352991,2025-12-14,4405,161,34,2,9.3,Not Needed
7099,353067,2025-12-04,18170,113,23,1,28.13,Not Needed
7100,353074,2025-12-12,1579,636,17,1,209.61,Quality Issue
7101,353079,2025-12-21,8203,284,24,1,19.53,Not Needed
7102,353099,2025-12-04,9825,407,33,1,12.45,Late Delivery
7103,353114,2025-12-03,23497,555,2,1,17.23,Quality Issue
7104,353121,2025-12-09,22569,566,24,1,25.73,Damaged
7105,353197,2025-12-19,4446,281,13,1,20.54,Not Needed
7106,353200,2025-12-04,24326,147,28,2,12.01,Not Needed
7107,353241,2025-12-10,22658,186,27,1,8.17,Not Needed
7108,353278,2025-12-19,7654,351,32,1,41.39,Not Needed
7109,353292,2025-12-08,9491,368,34,1,2.57,Not Needed
7110,353318,2025-12-06,17726,397,22,1,23.62,Damaged
7111,353337,2025-12-20,8005,322,2,1,13.83,Not Needed
7112,353360,2025-12-18,22713,613,29,1,635.33,Not Needed
7113,353379,2025-12-18,17354,81,27,2,22.03,Wrong Item
7114,353411,2025-12-18,15999,180,3,1,7.3,Not Needed
7115,353454,2025-12-12,7137,331,8,2,43.15,Not Needed
7116,353466,2025-12-08,17027,240,23,1,6.17,Late Delivery
7117,353542,2025-12-23,705,81,11,1,18.14,Not Needed
7118,353676,2025-12-05,15084,185,16,1,6.02,Damaged
7119,353693,2025-12-21,21865,438,20,1,13.51,Not Needed
7120,353750,2025-12-07,11890,668,21,1,230.26,Quality Issue
7121,353825,2025-12-22,19201,157,32,1,2.56,Quality Issue
7122,353896,2025-12-18,16508,615,4,1,367.61,Quality Issue
7123,354054,2025-12-23,9364,566,14,1,28.73,Damaged
7124,354089,2025-12-06,3683,578,5,1,69.87,Not Needed
7125,354090,2025-12-10,23851,77,7,1,13.16,Late Delivery
7126,354110,2025-12-09,8765,595,14,1,362.04,Not Needed
7127,354130,2025-12-24,24362,494,23,1,1.78,Damaged
7128,354224,2025-12-10,12947,447,21,2,81.56,Late Delivery
7129,354240,2025-12-22,19974,374,29,1,19.27,Not Needed
7130,354259,2025-12-16,2926,510,6,1,9.96,Quality Issue
7131,354302,2025-12-05,7839,623,9,1,344.77,Damaged
7132,354581,2025-12-17,23992,262,16,1,17.6,Damaged
7133,354609,2025-12-21,16501,191,32,1,2.48,Damaged
7134,354727,2025-12-19,22935,156,20,1,0.91,Not Needed
7135,354760,2025-12-20,23005,549,3,1,16.73,Damaged
7136,354885,2025-12-16,21983,481,14,2,72.58,Not Needed
7137,355026,2025-12-17,10420,454,30,1,6.64,Not Needed
7138,355092,2025-12-26,18461,542,17,1,7.22,Damaged
7139,355111,2025-12-12,13186,188,34,1,12.37,Not Needed
7140,355151,2025-12-14,21764,162,19,2,11.94,Damaged
7141,355260,2025-12-16,22591,53,4,1,1.93,Wrong Item
7142,355267,2025-12-09,4131,409,20,2,21.06,Not Needed
7143,355315,2025-12-08,14896,366,9,1,2.65,Late Delivery
7144,355415,2025-12-17,23563,162,7,2,12.14,Late Delivery
7145,355483,2025-12-11,21156,201,2,2,12.36,Not Needed
7146,355548,2025-12-22,15358,221,18,1,1.18,Not Needed
7147,355610,2025-12-18,20700,537,2,1,13.79,Quality Issue
7148,355671,2025-12-26,16322,536,7,1,35.1,Wrong Item
7149,355719,2025-12-16,892,708,22,1,42.87,Not Needed
7150,355722,2025-12-27,11316,139,19,1,16.71,Not Needed
7151,355747,2025-12-18,1955,510,5,2,24.23,Not Needed
7152,355785,2025-12-18,13805,198,7,2,20.25,Not Needed
7153,355844,2025-12-12,16034,316,13,1,10.24,Not Needed
7154,355848,2025-12-16,15976,46,32,2,15.0,Quality Issue
7155,355852,2025-12-14,18078,130,17,1,3.61,Quality Issue
7156,355940,2025-12-22,17897,78,9,1,10.63,Wrong Item
7157,355963,2025-12-08,5153,278,17,1,7.51,Damaged
7158,356030,2025-12-14,11445,542,33,1,6.11,Not Needed
7159,356035,2025-12-13,12677,375,16,1,40.62,Late Delivery
7160,356052,2025-12-18,17359,578,6,1,65.67,Late Delivery
7161,356106,2025-12-23,10411,207,19,2,16.06,Quality Issue
7162,356153,2025-12-19,2866,465,28,1,1.95,Late Delivery
7163,356160,2025-12-26,4648,215,20,2,9.59,Not Needed
7164,356285,2025-12-09,14309,71,3,2,14.59,Damaged
7165,356297,2025-12-28,7999,245,3,1,20.3,Not Needed
7166,356337,2025-12-10,3152,330,13,1,19.31,Not Needed
7167,356370,2025-12-26,13334,204,27,1,6.8,Not Needed
7168,356373,2025-12-19,6300,185,33,2,11.0,Not Needed
7169,356376,2025-12-10,7958,698,20,1,422.23,Not Needed
7170,356403,2025-12-26,1745,357,9,2,13.28,Quality Issue
7171,356471,2025-12-28,22561,496,20,2,49.02,Not Needed
7172,356496,2025-12-09,22836,331,24,1,45.73,Quality Issue
7173,356532,2025-12-27,21067,144,28,2,10.98,Wrong Item
7174,356600,2025-12-18,12479,712,31,1,323.61,Quality Issue
7175,356646,2025-12-14,16790,248,16,1,5.87,Damaged
7176,356666,2025-12-29,10229,327,15,1,16.64,Quality Issue
7177,356675,2025-12-19,10220,59,18,1,34.02,Quality Issue
7178,356701,2025-12-13,6322,69,8,2,4.73,Late Delivery
7179,356820,2025-12-21,9205,403,5,1,12.01,Late Delivery
7180,356859,2025-12-20,1211,377,30,2,43.3,Late Delivery
7181,356906,2025-12-13,11681,39,20,1,8.44,Damaged
7182,356962,2025-12-22,21176,124,11,1,5.36,Late Delivery
7183,357029,2025-12-21,24541,84,3,1,11.96,Quality Issue
7184,357066,2025-12-22,14114,711,2,1,20.91,Damaged
7185,357140,2025-12-27,14591,185,30,1,19.08,Not Needed
7186,357169,2025-12-14,1618,267,3,1,15.8,Late Delivery
7187,357187,2025-12-30,11163,522,15,1,27.82,Wrong Item
7188,357270,2025-12-16,18064,356,34,1,25.99,Damaged
7189,357421,2025-12-24,17640,632,14,1,211.86,Late Delivery
7190,357465,2025-12-23,23314,92,18,2,1.1,Not Needed
7191,357487,2025-12-26,8813,63,30,2,16.05,Damaged
7192,357557,2025-12-22,22318,558,22,1,16.84,Damaged
7193,357571,2025-12-24,8987,476,20,1,37.48,Damaged
7194,357578,2025-12-27,13962,179,11,2,3.77,Wrong Item
7195,357592,2025-12-11,8414,73,25,1,3.38,Damaged
7196,357609,2025-12-23,7578,580,29,2,10.13,Not Needed
7197,357648,2025-12-28,9162,657,29,1,169.47,Not Needed
7198,357675,2025-12-20,14675,256,22,1,18.36,Damaged
7199,357695,2025-12-18,8680,208,14,1,19.23,Damaged
7200,357749,2025-12-16,20935,577,5,2,26.59,Wrong Item
7201,357799,2025-12-19,3551,612,4,1,149.56,Wrong Item
7202,357838,2025-12-26,10385,83,31,2,13.56,Wrong Item
7203,357916,2025-12-16,8776,96,17,1,12.67,Not Needed
7204,357918,2025-12-26,22415,464,16,1,19.33,Not Needed
7205,357923,2025-12-15,6692,499,8,1,8.22,Not Needed
7206,357943,2025-12-26,11643,696,33,1,112.8,Damaged
7207,358023,2025-12-29,6922,10,24,2,8.17,Damaged
7208,358105,2025-12-29,8540,247,20,1,17.52,Quality Issue
7209,358106,2025-12-17,24282,374,19,1,9.09,Not Needed
7210,358113,2025-12-19,15975,100,11,1,7.77,Late Delivery
7211,358126,2025-12-14,24072,341,2,1,10.12,Not Needed
7212,358219,2025-12-15,18991,439,31,1,14.85,Quality Issue
7213,358239,2025-12-25,14014,39,7,1,3.1,Damaged
7214,358297,2025-12-14,14833,312,24,2,18.64,Late Delivery
7215,358314,2025-12-19,23699,287,32,1,15.17,Wrong Item
7216,358326,2025-12-30,6637,1,29,1,2.7,Not Needed
7217,358477,2025-12-20,23701,38,29,1,3.09,Late Delivery
7218,358525,2026-01-01,14845,274,14,2,46.29,Not Needed
7219,358602,2025-12-28,6999,120,16,1,6.97,Late Delivery
7220,358622,2025-12-23,19172,61,28,1,7.55,Quality Issue
7221,358763,2025-12-30,23084,553,21,1,9.52,Not Needed
7222,358992,2025-12-22,7319,148,20,1,11.58,Not Needed
7223,359095,2026-01-01,5279,52,14,1,0.93,Not Needed
7224,359099,2025-12-20,17867,75,34,2,7.3,Damaged
7225,359105,2025-12-20,13123,101,24,2,6.87,Quality Issue
7226,359163,2025-12-16,1369,105,13,1,29.25,Not Needed
7227,359316,2025-12-16,13276,30,34,1,1.42,Wrong Item
7228,359366,2025-12-15,11384,398,26,1,14.41,Damaged
7229,359528,2026-01-02,16542,425,21,1,37.54,Late Delivery
7230,359628,2025-12-18,22976,176,25,2,11.24,Quality Issue
7231,359712,2025-12-29,11066,206,25,1,33.83,Quality Issue
7232,359795,2025-12-17,19752,450,20,1,4.03,Damaged
7233,359835,2025-12-26,24966,136,24,2,24.35,Not Needed
7234,359849,2025-12-15,6538,75,33,1,14.93,Not Needed
7235,359925,2025-12-25,10506,246,9,2,41.58,Quality Issue
7236,359966,2026-01-01,16304,28,19,1,17.6,Not Needed
7237,359977,2025-12-16,8002,80,25,1,6.23,Not Needed
7238,359999,2025-12-29,4938,94,27,1,5.93,Not Needed
7239,360002,2025-12-18,11092,63,29,1,26.78,Late Delivery
7240,360100,2025-12-30,1854,223,20,1,4.8,Damaged
7241,360117,2025-12-20,5780,170,3,1,2.62,Late Delivery
7242,360131,2025-12-23,5950,212,9,1,9.11,Not Needed
7243,360160,2025-12-25,23498,92,24,1,4.11,Not Needed
7244,360183,2025-12-30,4541,36,31,2,23.98,Damaged
7245,360339,2025-12-26,21303,6,1,1,5.38,Wrong Item
7246,360442,2025-12-23,8421,571,33,2,86.91,Not Needed
7247,360506,2026-01-03,563,695,3,1,193.82,Quality Issue
7248,360513,2025-12-28,10593,464,32,1,15.76,Not Needed
7249,360520,2025-12-21,13943,371,26,1,10.32,Wrong Item
7250,360544,2025-12-24,7634,225,20,1,4.62,Not Needed
7251,360689,2025-12-18,18923,276,19,1,12.19,Not Needed
7252,360757,2026-01-01,2814,446,15,1,16.15,Wrong Item
7253,360823,2025-12-29,22326,317,11,1,4.23,Not Needed
7254,360836,2025-12-29,3250,588,1,1,325.67,Damaged
7255,361095,2025-12-20,2114,408,3,1,8.5,Wrong Item
7256,361205,2026-01-06,2828,526,24,1,22.18,Damaged
7257,361225,2025-12-22,2619,257,1,1,7.69,Not Needed
7258,361323,2025-12-21,12251,12,34,1,40.04,Not Needed
7259,361342,2026-01-06,9002,422,22,1,11.15,Damaged
7260,361359,2026-01-06,19013,359,30,2,23.24,Not Needed
7261,361442,2026-01-01,1358,241,31,1,18.15,Wrong Item
7262,361521,2025-12-22,8868,191,27,2,8.19,Wrong Item
7263,361528,2025-12-20,16963,615,34,1,475.15,Not Needed
7264,361607,2025-12-28,316,114,29,1,16.98,Not Needed
7265,361661,2025-12-30,11545,40,22,2,10.06,Late Delivery
7266,361664,2026-01-06,2692,34,24,1,6.12,Quality Issue
7267,361708,2025-12-21,18203,183,8,2,6.18,Wrong Item
7268,361765,2025-12-25,2053,392,1,1,43.02,Quality Issue
7269,361835,2025-12-19,21197,696,18,1,145.01,Not Needed
7270,361920,2025-12-24,10931,184,18,2,7.24,Late Delivery
7271,362193,2026-01-02,3715,559,4,1,40.67,Quality Issue
7272,362251,2025-12-30,3830,285,23,1,50.38,Damaged
7273,362262,2025-12-24,10550,177,19,1,8.31,Quality Issue
7274,362285,2025-12-23,7140,15,6,2,18.79,Not Needed
7275,362295,2026-01-02,19579,364,9,2,21.93,Quality Issue
7276,362348,2025-12-25,16708,436,16,1,9.2,Wrong Item
7277,362410,2026-01-06,1193,211,26,1,4.82,Damaged
7278,362412,2025-12-29,3207,31,3,1,1.75,Damaged
7279,362415,2025-12-28,12550,90,4,2,9.54,Quality Issue
7280,362455,2025-12-20,6519,53,29,1,3.05,Not Needed
7281,362581,2026-01-07,21220,537,9,1,11.04,Late Delivery
7282,362611,2025-12-30,17702,614,16,1,68.41,Late Delivery
7283,362664,2026-01-08,11286,645,4,1,137.45,Damaged
7284,362729,2025-12-26,7625,361,25,1,12.56,Damaged
7285,362732,2026-01-06,1749,393,30,1,47.26,Not Needed
7286,362760,2025-12-27,7666,408,1,2,17.98,Not Needed
7287,362777,2025-12-30,17262,280,24,2,35.46,Not Needed
7288,362779,2025-12-22,1224,33,31,2,18.65,Not Needed
7289,362792,2025-12-23,13865,4,20,1,20.42,Wrong Item
7290,362945,2025-12-30,3543,23,5,2,32.13,Wrong Item
7291,362946,2025-12-21,8392,80,33,2,11.21,Damaged
7292,362999,2026-01-01,145,622,14,1,94.73,Not Needed
7293,363153,2026-01-04,4989,430,25,1,9.87,Quality Issue
7294,363193,2025-12-22,17600,283,19,1,4.49,Not Needed
7295,363274,2026-01-06,6655,224,6,1,11.8,Late Delivery
7296,363319,2025-12-24,11889,188,31,2,12.08,Damaged
7297,363346,2026-01-03,24536,129,24,2,12.91,Damaged
7298,363451,2025-12-31,19854,483,27,1,2.33,Not Needed
7299,363458,2025-12-25,20824,303,29,2,26.8,Not Needed
7300,363555,2025-12-23,23627,54,30,1,2.27,Quality Issue
7301,363637,2026-01-09,10530,589,19,1,223.51,Late Delivery
7302,363672,2025-12-31,4027,651,16,2,29.87,Late Delivery
7303,363800,2026-01-01,9188,88,12,2,6.13,Wrong Item
7304,363841,2026-01-11,11931,255,18,1,24.94,Wrong Item
7305,363855,2026-01-02,17656,88,24,1,12.48,Wrong Item
7306,363856,2025-12-28,8528,214,18,2,11.29,Damaged
7307,363895,2026-01-07,17109,301,10,1,9.43,Damaged
7308,363989,2026-01-09,18087,161,6,1,54.07,Damaged
7309,364070,2025-12-24,11929,432,23,1,7.3,Not Needed
7310,364081,2026-01-02,18768,525,32,1,18.17,Quality Issue
7311,364094,2025-12-31,8544,335,11,1,26.38,Late Delivery
7312,364108,2025-12-30,15707,399,7,1,9.25,Wrong Item
7313,364112,2026-01-04,2460,87,22,2,1.29,Not Needed
7314,364125,2025-12-30,11660,246,5,2,40.09,Damaged
7315,364155,2025-12-30,19675,281,7,2,27.8,Late Delivery
7316,364178,2025-12-30,23309,105,30,1,19.28,Damaged
7317,364233,2025-12-30,14235,54,34,2,7.17,Damaged
7318,364235,2026-01-10,19090,165,12,2,18.23,Not Needed
7319,364560,2026-01-04,21721,34,33,2,22.86,Late Delivery
7320,364562,2025-12-29,19769,50,15,1,35.27,Damaged
7321,364563,2026-01-06,17506,289,21,1,10.33,Quality Issue
7322,364675,2026-01-06,3396,20,3,2,19.17,Not Needed
7323,364726,2026-01-07,23729,664,24,1,189.67,Quality Issue
7324,364756,2026-01-05,8235,56,14,1,17.78,Quality Issue
7325,364791,2025-12-26,14442,67,29,2,31.47,Not Needed
7326,364842,2026-01-12,7345,106,26,1,3.33,Not Needed
7327,364869,2025-12-31,20266,102,32,1,3.67,Not Needed
7328,364906,2025-12-30,5159,375,16,2,107.89,Quality Issue
7329,364921,2026-01-04,20283,329,32,2,8.62,Not Needed
7330,364953,2026-01-07,10641,351,14,1,13.72,Quality Issue
7331,364957,2026-01-05,1614,52,14,1,1.44,Quality Issue
7332,364984,2026-01-09,8677,135,4,1,14.66,Wrong Item
7333,364997,2026-01-13,23089,408,16,2,8.07,Damaged
7334,365050,2026-01-04,22282,402,14,1,19.08,Late Delivery
7335,365051,2026-01-10,21369,266,26,2,43.24,Damaged
7336,365070,2026-01-02,2508,506,34,1,7.4,Quality Issue
7337,365086,2025-12-28,7441,191,4,1,4.65,Late Delivery
7338,365094,2025-12-30,3555,611,23,1,16.83,Wrong Item
7339,365153,2025-12-25,21921,285,7,1,98.51,Late Delivery
7340,365161,2026-01-05,22847,131,33,1,8.07,Not Needed
7341,365165,2025-12-27,22630,122,4,2,5.72,Late Delivery
7342,365249,2026-01-08,14791,299,2,2,42.33,Quality Issue
7343,365344,2026-01-06,7766,52,4,2,3.64,Quality Issue
7344,365353,2025-12-26,15775,653,28,1,182.39,Late Delivery
7345,365388,2026-01-01,14440,286,6,1,58.13,Damaged
7346,365399,2026-01-10,22552,438,3,1,10.01,Not Needed
7347,365403,2026-01-10,2826,379,33,2,21.75,Not Needed
7348,365539,2025-12-26,23478,178,33,1,28.14,Wrong Item
7349,365566,2026-01-09,24317,360,22,1,7.47,Quality Issue
7350,365591,2026-01-13,2350,487,4,1,5.9,Quality Issue
7351,365708,2026-01-12,1919,258,34,2,15.04,Damaged
7352,365716,2026-01-11,6881,52,27,2,6.49,Late Delivery
7353,365773,2026-01-14,23142,378,33,1,4.97,Not Needed
7354,365782,2025-12-26,24931,290,17,2,38.77,Wrong Item
7355,365885,2026-01-08,20651,179,7,2,18.41,Late Delivery
7356,365940,2025-12-27,22658,205,30,2,4.1,Late Delivery
7357,365981,2026-01-08,22624,85,9,1,6.6,Wrong Item
7358,365986,2026-01-04,7461,290,28,1,45.84,Late Delivery
7359,365995,2026-01-15,5752,506,26,1,4.8,Damaged
7360,366017,2026-01-01,7320,132,34,1,19.73,Late Delivery
7361,366125,2026-01-04,18990,330,3,2,28.9,Not Needed
7362,366196,2026-01-14,18018,100,3,1,4.19,Damaged
7363,366252,2026-01-08,16914,36,30,2,8.18,Damaged
7364,366287,2026-01-14,4717,399,4,2,16.61,Quality Issue
7365,366292,2025-12-30,12900,598,22,1,219.78,Not Needed
7366,366307,2026-01-09,8878,209,32,1,3.83,Not Needed
7367,366350,2025-12-28,18332,135,16,1,3.73,Quality Issue
7368,366506,2026-01-01,15825,365,4,2,19.62,Not Needed
7369,366535,2026-01-07,20193,141,13,2,20.27,Not Needed
7370,366556,2025-12-28,18517,225,33,1,51.27,Damaged
7371,366568,2026-01-16,7622,197,24,1,2.83,Quality Issue
7372,366623,2026-01-05,73,350,34,2,25.39,Not Needed
7373,366634,2026-01-08,3809,11,16,1,29.38,Not Needed
7374,366669,2026-01-16,6618,563,15,1,15.44,Wrong Item
7375,366712,2026-01-06,6593,189,25,2,6.72,Not Needed
7376,366900,2026-01-03,5447,293,32,2,28.31,Damaged
7377,366940,2026-01-04,3277,155,4,1,27.17,Damaged
7378,367022,2026-01-13,20778,543,33,1,14.34,Not Needed
7379,367027,2026-01-14,21259,528,17,1,38.6,Late Delivery
7380,367070,2026-01-05,8941,366,6,1,3.16,Quality Issue
7381,367163,2025-12-30,20255,243,18,1,21.13,Quality Issue
7382,367235,2026-01-09,5864,517,8,1,4.08,Not Needed
7383,367247,2026-01-07,20117,198,29,1,12.04,Late Delivery
7384,367272,2026-01-06,17025,304,6,1,3.57,Damaged
7385,367330,2025-12-29,24562,639,14,1,95.54,Quality Issue
7386,367339,2026-01-04,16805,120,3,1,8.2,Not Needed
7387,367354,2026-01-09,24148,243,32,1,28.44,Not Needed
7388,367366,2026-01-11,11380,654,1,1,261.36,Damaged
7389,367369,2026-01-02,3186,16,11,2,7.4,Quality Issue
7390,367572,2026-01-04,264,538,6,1,3.74,Late Delivery
7391,367609,2026-01-09,8656,200,24,1,12.76,Damaged
7392,367615,2026-01-05,21291,194,8,1,1.33,Not Needed
7393,367671,2026-01-14,9449,305,6,1,56.49,Not Needed
7394,367685,2026-01-11,7572,453,24,2,34.76,Quality Issue
7395,367736,2026-01-10,3746,137,9,2,33.55,Late Delivery
7396,368087,2026-01-14,21859,549,25,1,4.32,Not Needed
7397,368196,2026-01-15,11989,202,9,1,12.5,Quality Issue
7398,368238,2026-01-14,16527,683,3,1,61.18,Late Delivery
7399,368276,2026-01-02,20684,713,19,1,280.86,Quality Issue
7400,368354,2026-01-18,24475,421,16,1,6.48,Not Needed
7401,368363,2026-01-13,15519,138,14,1,18.75,Wrong Item
7402,368378,2026-01-12,436,578,7,1,50.92,Quality Issue
7403,368397,2026-01-09,3771,499,4,1,39.38,Damaged
7404,368442,2026-01-05,24867,180,2,1,3.77,Not Needed
7405,368482,2026-01-13,13447,626,2,1,418.11,Late Delivery
7406,368517,2026-01-03,10772,55,3,2,5.62,Late Delivery
7407,368632,2026-01-03,16811,274,13,1,21.63,Late Delivery
7408,368657,2026-01-06,17061,61,6,2,14.17,Not Needed
7409,368684,2026-01-04,20337,484,17,1,20.46,Damaged
7410,368690,2026-01-01,23117,203,20,1,1.33,Not Needed
7411,368725,2026-01-17,2237,304,18,1,5.0,Not Needed
7412,368896,2026-01-19,18079,611,31,1,11.13,Quality Issue
7413,368914,2026-01-11,21645,118,9,1,3.75,Not Needed
7414,369001,2026-01-03,3430,105,4,1,5.89,Damaged
7415,369028,2026-01-16,6548,269,10,2,30.65,Quality Issue
7416,369045,2026-01-03,1551,620,29,2,35.46,Damaged
7417,369050,2026-01-17,8964,164,33,1,10.51,Damaged
7418,34223,2024-03-18,13400,325,18,1,28.51,Not Needed
7419,226188,2025-03-28,22153,177,33,1,22.43,Damaged
7420,155414,2024-11-18,11475,282,12,1,26.4,Quality Issue
7421,150401,2024-11-22,5481,50,18,1,16.52,Quality Issue
7422,271088,2025-06-17,11159,516,2,1,108.81,Late Delivery
7423,364296,2026-01-11,8378,220,17,1,37.73,Not Needed
7424,169175,2024-12-03,1816,587,14,1,37.36,Late Delivery
7425,349123,2025-11-28,4333,648,30,1,176.02,Not Needed
7426,361997,2025-12-28,2576,466,33,1,26.24,Damaged
7427,190676,2025-01-14,16175,18,18,1,1.22,Not Needed
7428,16493,2024-02-16,19737,89,34,2,7.04,Late Delivery
7429,92171,2024-07-28,1324,255,30,1,20.25,Damaged
7430,203141,2025-02-04,16769,58,27,2,3.71,Damaged
7431,121351,2024-09-18,21186,635,31,1,476.17,Quality Issue
7432,257045,2025-06-07,9907,544,33,1,1.39,Damaged
7433,350112,2025-12-11,3936,676,27,1,364.7,Damaged
7434,156540,2024-11-21,18041,161,30,1,9.37,Late Delivery
7435,280164,2025-07-17,12095,158,9,1,6.85,Late Delivery
7436,258267,2025-06-06,2875,210,10,1,16.3,Damaged
7437,327261,2025-11-01,17645,468,11,1,12.2,Quality Issue
7438,145510,2024-10-28,5554,468,4,1,8.69,Quality Issue
7439,226557,2025-04-09,2645,299,25,2,32.48,Quality Issue
7440,176083,2025-01-02,1433,360,24,1,8.28,Quality Issue
7441,298977,2025-08-23,4239,187,9,2,12.17,Damaged
7442,244958,2025-05-12,15527,417,1,2,23.68,Late Delivery
7443,339159,2025-11-19,22594,202,34,2,15.11,Damaged
7444,130581,2024-09-27,24853,44,34,2,27.72,Not Needed
7445,199842,2025-01-31,203,90,33,1,4.7,Quality Issue
7446,247666,2025-05-17,9695,181,5,1,4.91,Not Needed
7447,230344,2025-03-30,6531,543,19,1,26.41,Not Needed
7448,324048,2025-10-07,8760,286,29,1,10.7,Damaged
7449,348660,2025-12-01,15033,337,28,1,22.13,Not Needed
7450,91980,2024-07-21,8714,272,14,1,9.2,Late Delivery
7451,37371,2024-03-30,12428,662,20,1,13.4,Quality Issue
7452,249176,2025-05-10,21452,385,32,1,6.95,Not Needed
7453,302636,2025-09-07,20146,183,20,1,27.85,Damaged
7454,174996,2024-12-30,23711,173,30,1,9.74,Quality Issue
7455,130706,2024-10-06,6355,397,6,2,36.78,Late Delivery
7456,338885,2025-11-17,1790,403,29,2,25.39,Wrong Item
7457,77160,2024-06-16,6073,23,28,2,17.18,Quality Issue
7458,204625,2025-02-07,11580,67,13,1,20.2,Quality Issue
7459,131639,2024-10-02,4325,134,12,2,32.2,Not Needed
7460,355050,2025-12-25,852,373,22,1,17.06,Quality Issue
7461,336023,2025-11-11,5570,452,16,1,6.12,Not Needed
7462,189069,2025-01-20,3932,100,3,1,23.38,Not Needed
7463,36942,2024-04-09,7438,74,11,1,17.76,Quality Issue
7464,35317,2024-03-30,17749,275,30,1,11.13,Damaged
7465,130237,2024-09-25,22239,174,21,1,8.1,Not Needed
7466,347213,2025-11-23,18683,353,2,1,17.57,Late Delivery
7467,189192,2025-01-12,18244,121,5,2,17.01,Not Needed
7468,102175,2024-08-18,17028,228,13,1,59.35,Not Needed
7469,260313,2025-05-30,6738,274,3,2,44.07,Quality Issue
7470,193638,2025-01-16,4720,719,20,1,138.19,Not Needed
7471,217164,2025-03-14,9214,242,9,1,35.23,Wrong Item
7472,225837,2025-03-28,12664,482,19,1,6.18,Late Delivery
7473,343766,2025-12-03,24279,469,29,1,2.45,Quality Issue
7474,220260,2025-03-18,23693,259,29,2,75.86,Late Delivery
7475,150769,2024-11-05,10954,223,21,1,30.18,Late Delivery
7476,181196,2024-12-25,14839,275,27,1,19.5,Not Needed
7477,176769,2024-12-17,20529,76,29,2,29.18,Late Delivery
7478,203783,2025-02-05,4204,642,27,1,84.4,Not Needed
7479,76933,2024-06-20,3927,243,11,1,34.41,Late Delivery
7480,336035,2025-11-17,24223,492,6,1,37.48,Quality Issue
7481,127661,2024-09-18,1646,140,6,2,20.24,Damaged
7482,307865,2025-09-17,9993,454,33,2,11.14,Not Needed
7483,175335,2024-12-17,10013,389,17,1,6.8,Damaged
7484,101373,2024-08-01,13350,522,2,1,85.48,Wrong Item
7485,13977,2024-02-18,700,31,18,1,0.82,Late Delivery
7486,277402,2025-07-13,19567,98,21,1,5.42,Not Needed
7487,116671,2024-09-05,3484,486,32,2,47.41,Not Needed
7488,150569,2024-11-16,16514,251,14,1,18.54,Quality Issue
7489,112710,2024-08-23,22110,572,9,1,10.07,Not Needed
7490,69176,2024-05-30,527,275,18,1,11.81,Quality Issue
7491,132610,2024-10-11,8400,389,17,1,12.95,Not Needed
7492,245100,2025-05-15,24720,656,22,1,284.77,Quality Issue
7493,68628,2024-05-30,15286,88,28,1,3.23,Wrong Item
7494,261256,2025-06-16,6807,196,18,1,4.43,Not Needed
7495,297855,2025-08-26,15076,20,26,1,23.39,Damaged
7496,244206,2025-04-26,7615,76,15,1,12.94,Quality Issue
7497,298849,2025-08-31,11703,46,8,2,26.93,Damaged
7498,256866,2025-06-05,17456,405,21,1,17.32,Not Needed
7499,147129,2024-11-06,14858,229,32,1,32.89,Damaged
7500,90380,2024-07-18,8752,374,34,1,18.6,Not Needed
7501,38153,2024-04-06,13750,46,25,2,21.9,Quality Issue
7502,186004,2025-01-12,7525,437,30,1,12.28,Not Needed
7503,325682,2025-10-26,15306,499,15,1,10.02,Quality Issue
7504,99280,2024-08-07,10384,61,23,1,18.94,Quality Issue
7505,143480,2024-10-21,7634,110,8,1,22.1,Not Needed
7506,252276,2025-05-16,14818,79,9,1,7.89,Quality Issue
7507,4297,2024-01-27,14541,390,27,1,12.68,Damaged
7508,41526,2024-04-16,2811,102,5,2,4.91,Quality Issue
7509,282998,2025-07-27,4705,100,20,1,5.69,Not Needed
7510,197278,2025-01-28,9024,413,20,1,14.5,Quality Issue
7511,345978,2025-12-05,10255,18,21,2,4.51,Quality Issue
7512,228158,2025-03-26,1886,427,27,1,4.56,Not Needed
7513,117707,2024-09-10,16128,717,32,1,336.89,Damaged
7514,85176,2024-07-03,1415,107,4,2,4.08,Not Needed
7515,131962,2024-10-16,2886,36,19,1,4.6,Late Delivery
7516,167047,2024-11-30,6509,117,34,2,24.82,Damaged
7517,126295,2024-09-28,19454,182,29,1,7.98,Not Needed
7518,67234,2024-05-28,14805,348,18,1,30.42,Late Delivery
7519,82537,2024-07-05,11590,129,32,2,2.8,Late Delivery
7520,37286,2024-04-04,20607,71,5,2,10.78,Not Needed
7521,302227,2025-08-23,1205,442,18,1,6.77,Late Delivery
7522,118462,2024-09-14,11011,387,22,1,25.11,Quality Issue
7523,239706,2025-05-02,9847,199,11,2,18.32,Not Needed
7524,206674,2025-02-14,1955,328,16,1,22.42,Damaged
7525,150175,2024-11-17,12187,57,10,1,2.5,Quality Issue
7526,361640,2026-01-04,13444,702,34,1,181.56,Damaged
7527,122814,2024-09-25,22906,113,17,1,6.38,Quality Issue
7528,334816,2025-11-07,20812,372,18,2,15.59,Late Delivery
7529,242547,2025-04-27,18540,130,11,1,1.04,Not Needed
7530,183473,2024-12-26,1547,156,18,1,0.69,Wrong Item
7531,157495,2024-11-24,9167,509,33,1,14.57,Not Needed
7532,106877,2024-08-20,7810,159,23,1,17.09,Damaged
7533,299081,2025-08-18,15150,431,8,1,16.57,Not Needed
7534,307582,2025-09-04,19880,129,33,1,13.9,Late Delivery
7535,10325,2024-02-07,13692,558,11,1,28.94,Wrong Item
7536,269935,2025-06-21,23771,506,26,2,20.13,Not Needed
7537,127791,2024-10-07,14845,609,22,1,217.34,Late Delivery
7538,360001,2025-12-22,13600,286,5,1,30.42,Damaged
7539,134166,2024-10-19,14240,700,6,1,258.88,Late Delivery
7540,248529,2025-05-23,7854,391,12,2,11.06,Quality Issue
7541,140880,2024-10-31,22714,161,5,2,23.35,Not Needed
7542,83632,2024-07-03,849,399,16,1,8.16,Not Needed
7543,186364,2025-01-04,1524,562,8,2,16.19,Quality Issue
7544,358775,2025-12-17,2575,151,8,2,24.07,Not Needed
7545,59801,2024-05-27,17671,73,17,1,9.69,Quality Issue
7546,305691,2025-09-01,18738,474,9,1,8.77,Wrong Item
7547,215159,2025-03-11,18,265,24,1,11.06,Quality Issue
7548,363130,2025-12-21,11376,18,21,1,1.39,Late Delivery
7549,324231,2025-10-24,22351,301,2,1,17.87,Damaged
7550,234557,2025-04-23,12635,102,19,1,22.65,Quality Issue
7551,162584,2024-11-30,23685,125,14,1,20.36,Not Needed
7552,248133,2025-05-13,3638,382,14,1,7.41,Damaged
7553,346310,2025-11-26,37,258,9,2,21.87,Quality Issue
7554,358935,2025-12-24,4639,151,13,2,6.85,Damaged
7555,55271,2024-05-15,10995,59,25,1,63.53,Quality Issue
7556,59698,2024-05-21,7539,235,8,1,9.71,Quality Issue
7557,148460,2024-11-02,23077,646,32,1,214.73,Damaged
7558,31950,2024-03-16,20235,575,2,1,21.51,Late Delivery
7559,262702,2025-06-09,19268,349,17,1,12.02,Wrong Item
7560,216625,2025-03-18,13182,506,15,1,9.84,Late Delivery
7561,151587,2024-11-07,6305,400,33,2,86.45,Late Delivery
7562,211142,2025-03-06,18671,636,5,1,194.88,Late Delivery
7563,175816,2024-12-30,18035,179,14,1,15.22,Late Delivery
7564,90132,2024-07-18,1805,164,1,1,10.13,Late Delivery
7565,335888,2025-11-14,15604,142,9,2,8.76,Late Delivery
7566,363723,2025-12-29,17745,650,22,1,321.1,Not Needed
7567,3974,2024-01-30,6217,514,19,1,17.27,Late Delivery
7568,344293,2025-12-05,24000,155,29,2,22.81,Not Needed
7569,282887,2025-07-19,21376,142,25,1,13.03,Not Needed
7570,43084,2024-04-10,21282,214,17,1,18.0,Damaged
7571,18637,2024-02-24,3468,227,30,2,21.53,Not Needed
7572,365323,2025-12-31,1945,383,8,2,12.3,Wrong Item
7573,246220,2025-05-06,21702,410,24,1,44.48,Not Needed
7574,39268,2024-04-06,13395,105,9,1,27.5,Quality Issue
7575,59234,2024-05-09,1550,374,1,1,25.52,Late Delivery
7576,56064,2024-05-15,15713,420,24,2,39.33,Not Needed
7577,244471,2025-04-30,22710,216,1,2,40.49,Late Delivery
7578,255889,2025-06-06,3093,75,19,1,8.41,Wrong Item
7579,202006,2025-02-08,5411,331,26,2,92.5,Late Delivery
7580,139560,2024-10-20,2145,212,1,1,13.62,Not Needed
7581,289424,2025-07-28,12747,446,27,2,16.56,Not Needed
7582,13155,2024-02-02,21652,67,5,2,20.04,Damaged
7583,288338,2025-07-27,18572,141,18,1,8.05,Not Needed
7584,321351,2025-10-06,9169,565,6,1,17.1,Quality Issue
7585,86232,2024-07-06,4330,331,24,1,33.92,Not Needed
7586,364632,2026-01-11,15262,317,10,1,2.33,Not Needed
7587,247580,2025-05-21,11691,67,30,1,18.79,Quality Issue
7588,143251,2024-10-22,24507,570,32,2,74.56,Late Delivery
7589,202798,2025-02-12,10248,270,21,1,65.11,Quality Issue
7590,257203,2025-06-02,14282,448,19,2,49.14,Damaged
7591,111618,2024-08-31,14756,429,9,1,4.19,Wrong Item
7592,40075,2024-04-06,19300,474,8,1,8.65,Damaged
7593,290507,2025-08-03,15946,333,8,2,20.08,Late Delivery
7594,295175,2025-08-04,7848,453,13,1,87.5,Quality Issue
7595,304343,2025-09-04,18235,65,32,1,21.15,Not Needed
7596,214679,2025-03-02,14052,120,6,1,12.51,Damaged
7597,243789,2025-04-30,13007,296,4,1,7.16,Not Needed
7598,240255,2025-05-04,19858,398,13,2,46.64,Late Delivery
7599,337307,2025-11-18,7763,3,24,1,7.12,Quality Issue
7600,238317,2025-04-26,11423,104,28,2,36.24,Not Needed
7601,215713,2025-03-02,12984,134,19,1,43.43,Quality Issue
7602,176595,2024-12-31,4895,468,6,1,12.71,Late Delivery
7603,6324,2024-02-03,23507,207,32,1,26.8,Quality Issue
7604,133193,2024-09-30,7195,702,8,1,151.02,Not Needed
7605,296343,2025-08-15,8920,425,7,1,8.0,Not Needed
7606,140838,2024-10-29,4656,203,33,2,3.13,Quality Issue
7607,169864,2024-12-18,23052,712,2,1,583.99,Not Needed
7608,142399,2024-10-28,3263,134,27,1,30.47,Not Needed
7609,134063,2024-10-04,22096,424,32,1,21.57,Not Needed
7610,127353,2024-09-28,10569,130,13,2,2.3,Quality Issue
7611,121057,2024-09-11,21991,693,17,1,212.74,Damaged
7612,64038,2024-06-04,11822,697,17,1,399.76,Not Needed
7613,226997,2025-03-25,22549,146,4,1,19.28,Damaged
7614,91454,2024-07-24,5245,587,31,1,23.77,Not Needed
7615,177089,2024-12-20,20046,379,10,1,6.94,Damaged
7616,150924,2024-11-06,12088,303,30,1,39.28,Not Needed
7617,326192,2025-10-17,19556,624,14,1,38.15,Damaged
7618,285094,2025-07-25,16428,175,20,2,3.58,Not Needed
7619,202190,2025-02-21,8487,484,20,2,59.7,Wrong Item
7620,355458,2025-12-11,23405,102,9,1,22.81,Not Needed
7621,367041,2026-01-17,3692,205,2,1,1.98,Late Delivery
7622,55633,2024-05-01,19054,356,10,1,18.89,Late Delivery
7623,341851,2025-11-29,9557,24,34,1,7.6,Damaged
7624,225577,2025-04-08,9689,614,27,1,68.19,Damaged
7625,273993,2025-06-26,7441,370,33,1,61.03,Quality Issue
7626,334196,2025-10-30,11770,145,14,1,3.08,Damaged
7627,200099,2025-02-12,15579,199,15,2,14.26,Not Needed
7628,25849,2024-03-15,19735,632,6,1,821.53,Not Needed
7629,248071,2025-05-08,5069,32,27,2,42.05,Damaged
7630,333031,2025-11-14,3175,179,9,1,19.44,Wrong Item
7631,56944,2024-05-20,1198,514,27,1,52.27,Damaged
7632,152540,2024-11-12,23728,7,8,1,5.18,Quality Issue
7633,346063,2025-12-05,7485,718,26,1,281.59,Wrong Item
7634,140780,2024-11-03,7897,587,31,1,36.23,Late Delivery
7635,43728,2024-04-22,21139,314,18,2,45.58,Not Needed
7636,159381,2024-11-29,8077,571,21,1,14.68,Damaged
7637,266932,2025-06-12,15515,370,33,1,30.4,Not Needed
7638,131691,2024-10-13,21614,398,21,2,86.67,Late Delivery
7639,248778,2025-05-15,223,171,21,1,4.39,Quality Issue
7640,81014,2024-06-26,11815,477,7,1,12.6,Not Needed
7641,105092,2024-08-09,15858,101,22,1,11.82,Wrong Item
7642,158720,2024-11-29,10260,99,16,1,15.49,Wrong Item
7643,283573,2025-07-12,8862,311,17,1,19.27,Not Needed
7644,85808,2024-07-13,24920,676,20,1,385.64,Damaged
7645,120147,2024-09-14,7474,9,14,2,17.35,Wrong Item
7646,345798,2025-12-01,12241,561,12,1,8.98,Not Needed
7647,313208,2025-09-28,16457,211,2,2,12.35,Late Delivery
7648,137651,2024-10-11,189,348,13,1,13.36,Not Needed
7649,308487,2025-09-12,23722,420,17,1,18.76,Quality Issue
7650,193290,2025-02-01,2554,417,31,2,42.51,Not Needed
7651,336602,2025-11-19,9510,391,24,1,3.44,Damaged
7652,361759,2025-12-24,9281,606,32,1,375.42,Not Needed
7653,174153,2024-12-19,24107,329,33,2,10.76,Damaged
7654,149131,2024-11-02,18072,28,32,1,18.03,Quality Issue
7655,319798,2025-10-15,14032,540,14,2,20.68,Late Delivery
7656,339713,2025-11-16,17441,73,14,1,4.24,Wrong Item
7657,287340,2025-07-31,6553,271,17,1,6.35,Quality Issue
7658,104945,2024-08-12,4327,287,15,1,21.35,Wrong Item
7659,69661,2024-05-31,21207,449,11,1,15.99,Not Needed
7660,163951,2024-12-08,10900,623,9,1,477.64,Not Needed
7661,311379,2025-09-16,12354,211,9,1,34.99,Late Delivery
7662,248130,2025-05-17,14977,148,27,1,5.66,Late Delivery
7663,125444,2024-09-30,21690,693,30,1,272.55,Quality Issue
7664,318332,2025-09-27,18054,202,13,1,4.03,Wrong Item
7665,215868,2025-03-05,16091,242,26,1,37.43,Damaged
7666,333584,2025-11-02,6943,548,30,1,27.98,Quality Issue
7667,149667,2024-11-05,10261,112,27,2,19.27,Quality Issue
7668,314817,2025-10-01,12994,171,33,1,6.43,Not Needed
7669,317084,2025-09-26,23406,304,17,2,26.97,Late Delivery
7670,174988,2024-12-25,5864,156,3,2,2.84,Damaged
7671,151816,2024-11-24,23069,206,17,1,5.23,Not Needed
7672,256402,2025-05-22,23858,491,5,1,14.94,Not Needed
7673,278964,2025-07-16,22291,303,22,2,28.34,Late Delivery
7674,223144,2025-03-30,13373,149,33,2,7.53,Not Needed
7675,328814,2025-10-24,11706,633,1,1,316.36,Wrong Item
7676,84266,2024-07-03,9431,410,3,1,15.37,Quality Issue
7677,308597,2025-09-19,21604,34,7,1,6.09,Late Delivery
7678,350454,2025-12-14,10627,698,20,1,715.27,Damaged
7679,296753,2025-08-20,437,369,21,1,10.29,Not Needed
7680,148765,2024-11-18,15349,69,16,1,1.8,Quality Issue
7681,358895,2025-12-16,17423,122,34,1,20.36,Quality Issue
7682,335466,2025-11-10,21086,211,11,2,25.21,Damaged
7683,163126,2024-12-04,4347,33,18,1,6.21,Late Delivery
7684,217692,2025-03-21,5050,536,33,1,8.64,Quality Issue
7685,186059,2024-12-31,1898,40,29,1,14.42,Not Needed
7686,289881,2025-08-06,20291,127,19,2,17.59,Late Delivery
7687,245406,2025-04-29,21571,147,17,1,9.65,Not Needed
7688,340261,2025-11-23,457,485,25,2,39.76,Not Needed
7689,39179,2024-04-08,7759,115,15,1,3.1,Not Needed
7690,134849,2024-10-12,18539,444,22,1,2.86,Not Needed
7691,274403,2025-06-30,4536,173,29,1,7.76,Damaged
7692,291434,2025-07-30,11702,408,8,1,4.26,Quality Issue
7693,355505,2025-12-18,18091,541,10,2,57.23,Late Delivery
7694,346445,2025-12-01,1153,63,4,1,9.31,Quality Issue
7695,133625,2024-10-09,7081,468,16,1,48.9,Not Needed
7696,339486,2025-11-27,8445,443,12,1,21.35,Quality Issue
7697,115578,2024-09-11,6530,106,24,2,8.68,Late Delivery
7698,57059,2024-05-13,12900,675,1,2,324.09,Not Needed
7699,321355,2025-10-11,9864,406,9,1,10.36,Late Delivery
7700,310627,2025-09-08,9070,359,34,1,4.44,Late Delivery
7701,83658,2024-07-02,17071,387,10,1,34.25,Quality Issue
7702,620,2024-01-15,22072,208,27,1,15.52,Late Delivery
7703,284692,2025-07-21,15208,389,19,2,28.15,Quality Issue
7704,192069,2025-01-14,18029,293,6,1,13.87,Quality Issue
7705,251648,2025-05-10,17796,209,30,2,13.85,Quality Issue
7706,36995,2024-03-26,12481,85,4,1,11.45,Not Needed
7707,241659,2025-05-02,21896,562,25,1,11.57,Late Delivery
7708,340251,2025-11-28,18738,183,21,1,15.13,Not Needed
7709,53059,2024-05-07,13387,715,23,1,27.32,Wrong Item
7710,287005,2025-07-22,5705,83,17,2,18.1,Late Delivery
7711,114226,2024-08-22,8562,174,16,2,8.51,Not Needed
7712,32040,2024-03-12,6849,28,17,1,6.75,Not Needed
7713,284921,2025-07-27,24206,115,18,1,2.71,Late Delivery
7714,18899,2024-02-26,23392,209,30,1,24.5,Late Delivery
7715,269112,2025-06-29,981,358,32,1,5.6,Damaged
7716,304799,2025-09-07,14615,532,5,2,29.43,Wrong Item
7717,31004,2024-03-29,4769,719,20,1,141.33,Not Needed
7718,326750,2025-10-26,21798,106,7,1,12.12,Damaged
7719,329168,2025-11-06,13520,542,1,1,2.75,Wrong Item
7720,110919,2024-08-25,9586,460,19,2,43.67,Not Needed
7721,238803,2025-05-03,21345,21,29,2,5.92,Not Needed
7722,71360,2024-06-18,4190,429,8,1,11.8,Quality Issue
7723,337589,2025-11-14,21611,497,3,1,3.98,Not Needed
7724,244118,2025-05-11,24614,381,9,2,28.25,Quality Issue
7725,136401,2024-10-23,8232,31,5,1,3.33,Not Needed
7726,361823,2025-12-30,2476,77,8,1,40.09,Damaged
7727,178630,2024-12-30,16986,611,17,1,16.27,Damaged
7728,213714,2025-03-08,20611,274,10,1,11.37,Late Delivery
7729,307992,2025-09-08,5487,38,28,2,4.26,Late Delivery
7730,184070,2025-01-07,22003,533,27,2,24.69,Damaged
7731,354770,2025-12-22,24401,147,14,1,9.63,Quality Issue
7732,256423,2025-05-29,11300,586,32,1,196.87,Not Needed
7733,110430,2024-08-19,6509,459,17,2,21.98,Not Needed
7734,302653,2025-08-28,4091,221,2,1,1.76,Not Needed
7735,239200,2025-05-04,1223,295,29,1,24.22,Not Needed
7736,209697,2025-02-19,2934,566,18,2,41.66,Damaged
7737,188479,2025-01-17,6908,221,19,1,5.47,Late Delivery
7738,38492,2024-04-10,16544,604,16,1,350.17,Not Needed
7739,277418,2025-07-04,5819,411,18,1,2.24,Not Needed
7740,265820,2025-06-15,22529,404,17,2,44.58,Late Delivery
7741,83198,2024-06-26,18241,264,28,1,20.03,Damaged
7742,274371,2025-06-25,2760,557,18,1,8.48,Late Delivery
7743,111334,2024-09-05,16331,81,27,2,30.28,Not Needed
7744,217145,2025-03-17,15345,641,15,1,142.18,Quality Issue
7745,76971,2024-06-25,11854,478,8,1,46.37,Not Needed
7746,224826,2025-03-28,23101,221,31,1,10.1,Quality Issue
7747,173398,2024-12-22,9377,649,3,1,184.55,Quality Issue
7748,345189,2025-11-21,22075,460,24,1,17.35,Damaged
7749,341233,2025-11-21,12320,155,18,1,12.89,Not Needed
7750,200713,2025-01-29,9700,193,8,1,2.27,Damaged
7751,309026,2025-09-10,12325,215,24,2,15.97,Late Delivery
7752,130599,2024-09-27,9264,98,31,1,1.92,Wrong Item
7753,86007,2024-07-06,24159,147,15,1,21.92,Late Delivery
7754,128361,2024-09-21,15674,87,8,1,0.48,Late Delivery
7755,96915,2024-07-22,13653,662,26,2,26.36,Damaged
7756,31698,2024-03-18,16863,46,28,2,25.08,Not Needed
7757,352820,2025-12-17,21792,202,5,2,22.85,Damaged
7758,22671,2024-02-22,23578,332,14,2,39.72,Late Delivery
7759,214584,2025-03-16,14848,306,31,1,61.69,Late Delivery
7760,185466,2025-01-07,20845,450,8,2,12.62,Quality Issue
7761,230803,2025-04-16,5176,382,7,1,6.12,Late Delivery
7762,263298,2025-06-13,7383,525,7,1,14.2,Quality Issue
7763,346054,2025-11-24,6666,311,17,1,27.2,Damaged
7764,363954,2026-01-11,6391,349,29,1,18.21,Not Needed
7765,2771,2024-01-27,19093,524,21,1,61.51,Quality Issue
7766,231275,2025-04-19,18254,424,33,1,13.35,Damaged
7767,354874,2025-12-25,20896,695,17,1,413.54,Damaged
7768,83672,2024-07-03,12407,23,3,1,25.43,Late Delivery
7769,310740,2025-09-12,11090,667,23,1,288.59,Damaged
7770,82185,2024-06-26,5046,582,19,1,10.87,Not Needed
7771,270350,2025-06-29,16967,73,26,2,17.64,Damaged
7772,338484,2025-11-19,14834,73,18,2,7.03,Not Needed
7773,49584,2024-04-17,18160,214,5,1,7.28,Not Needed
7774,310486,2025-09-22,3823,386,20,1,28.38,Damaged
7775,325139,2025-10-27,2189,52,14,2,2.1,Not Needed
7776,146235,2024-11-10,20394,175,21,2,2.12,Late Delivery
7777,340542,2025-11-19,14298,303,30,1,18.08,Not Needed
7778,37843,2024-04-01,7897,195,21,1,3.61,Damaged
7779,337787,2025-11-23,3231,431,8,1,70.53,Not Needed
7780,287345,2025-07-31,23674,195,17,1,7.29,Late Delivery
7781,65244,2024-05-30,6437,637,26,1,229.58,Not Needed
7782,279841,2025-07-05,20005,446,8,1,9.45,Damaged
7783,38692,2024-04-14,2777,113,30,1,46.0,Quality Issue
7784,180766,2025-01-09,6369,54,34,1,10.48,Quality Issue
7785,280109,2025-07-09,24881,479,25,1,19.56,Quality Issue
7786,262504,2025-06-03,20529,277,28,1,25.65,Quality Issue
7787,203941,2025-02-07,16762,573,3,1,78.16,Quality Issue
7788,357109,2025-12-22,10672,49,9,1,6.74,Late Delivery
7789,153597,2024-11-20,16680,514,12,1,11.81,Damaged
7790,93800,2024-07-26,20827,531,27,1,23.96,Quality Issue
7791,179792,2024-12-22,13162,113,20,2,15.9,Quality Issue
7792,344423,2025-11-30,11013,148,30,2,7.11,Quality Issue
7793,85039,2024-06-28,19904,422,30,1,13.16,Wrong Item
7794,273665,2025-06-24,6372,370,18,1,16.24,Late Delivery
7795,200047,2025-02-05,9496,277,14,1,14.4,Quality Issue
7796,296365,2025-08-17,17779,465,9,1,16.19,Damaged
7797,287312,2025-07-21,15629,639,19,1,139.75,Wrong Item
7798,305340,2025-09-06,11186,11,4,1,3.93,Late Delivery
7799,176394,2024-12-19,11141,698,8,1,372.43,Quality Issue
7800,173994,2024-12-16,396,91,18,1,15.57,Wrong Item
7801,122992,2024-09-20,24080,193,20,2,17.2,Late Delivery
7802,308271,2025-09-12,23207,304,34,1,13.16,Damaged
7803,197755,2025-02-06,12970,172,10,1,4.49,Late Delivery
7804,80738,2024-06-30,16678,637,9,2,413.38,Damaged
7805,357585,2025-12-25,18438,41,32,1,25.15,Damaged
7806,142206,2024-10-30,7324,126,18,2,17.85,Not Needed
7807,51642,2024-05-10,15269,620,21,1,13.89,Wrong Item
7808,156611,2024-11-29,22803,378,28,1,15.96,Quality Issue
7809,334523,2025-11-11,11882,123,23,1,32.6,Damaged
7810,234668,2025-04-25,19655,48,14,1,7.11,Damaged
7811,292211,2025-08-16,18769,490,14,1,16.69,Quality Issue
7812,168619,2024-12-17,13477,164,5,1,15.21,Not Needed
7813,41082,2024-04-03,6023,295,8,2,70.83,Not Needed
7814,240719,2025-04-30,22234,249,10,1,116.33,Wrong Item
7815,83452,2024-06-29,19662,135,10,1,32.88,Damaged
7816,93502,2024-07-13,4581,141,28,1,17.41,Late Delivery
7817,40533,2024-04-07,1938,562,25,2,23.66,Not Needed
7818,77742,2024-06-29,21290,50,9,2,28.3,Damaged
7819,14379,2024-02-15,5038,475,26,2,21.12,Not Needed
7820,309597,2025-09-09,5330,559,15,1,12.94,Quality Issue
7821,42038,2024-04-11,3389,62,3,2,54.33,Not Needed
7822,283602,2025-07-12,13290,370,19,1,19.45,Not Needed
7823,195468,2025-02-01,14533,468,30,1,25.56,Quality Issue
7824,321004,2025-10-01,12716,664,2,1,377.65,Damaged
7825,310890,2025-09-25,11966,7,33,2,5.44,Late Delivery
7826,327887,2025-10-29,2889,29,5,1,21.73,Not Needed
7827,107217,2024-08-20,2501,87,26,1,1.7,Wrong Item
7828,314780,2025-09-27,8228,345,14,1,32.72,Wrong Item
7829,38972,2024-04-04,499,9,21,1,15.06,Not Needed
7830,354490,2025-12-11,21416,79,9,1,5.09,Wrong Item
7831,245892,2025-04-29,10748,227,32,1,5.05,Wrong Item
7832,46325,2024-04-27,13670,22,25,1,30.84,Not Needed
7833,62114,2024-05-19,12559,40,12,2,10.21,Damaged
7834,303935,2025-09-08,13645,123,19,1,25.07,Damaged
7835,304002,2025-09-01,578,62,8,1,16.88,Quality Issue
7836,138179,2024-10-24,10689,215,32,2,27.07,Not Needed
7837,109691,2024-08-21,24879,497,27,1,7.02,Late Delivery
7838,97005,2024-07-29,18968,52,17,2,3.02,Late Delivery
7839,203439,2025-02-21,22896,409,30,1,7.58,Damaged
7840,230938,2025-04-06,6077,211,7,2,29.6,Not Needed
7841,257618,2025-06-04,5559,11,15,2,15.0,Damaged
7842,55306,2024-05-05,13213,174,31,2,6.31,Late Delivery
7843,281031,2025-07-14,5165,383,6,1,11.09,Damaged
7844,173717,2024-12-22,11438,589,34,1,217.54,Not Needed
7845,207463,2025-02-12,8499,433,29,1,12.53,Quality Issue
7846,283395,2025-07-11,14678,213,34,2,11.46,Late Delivery
7847,96866,2024-08-04,16648,65,17,1,8.8,Quality Issue
7848,323979,2025-10-19,19472,66,34,2,7.88,Late Delivery
7849,358424,2025-12-18,15618,5,1,2,13.63,Late Delivery
7850,43112,2024-04-21,13546,121,22,1,2.86,Quality Issue
7851,274871,2025-07-06,14518,431,17,1,89.44,Damaged
7852,64284,2024-06-02,14846,306,5,1,62.16,Damaged
7853,84095,2024-07-14,7406,349,26,2,16.2,Not Needed
7854,125847,2024-09-21,17209,130,15,2,2.08,Damaged
7855,250165,2025-05-14,18875,127,9,2,46.63,Damaged
7856,73062,2024-06-11,23138,568,23,1,7.96,Not Needed
7857,99550,2024-08-11,207,162,2,2,27.9,Late Delivery
7858,191294,2025-01-28,2038,236,18,2,10.72,Quality Issue
7859,182649,2025-01-06,1648,65,30,2,14.8,Not Needed
7860,58774,2024-05-09,4321,25,6,2,9.23,Not Needed
7861,276524,2025-07-06,15499,44,26,2,23.06,Late Delivery
7862,198140,2025-01-28,3556,475,30,1,8.41,Not Needed
7863,310580,2025-09-10,540,83,12,1,3.0,Damaged
7864,293844,2025-08-02,8858,74,29,2,23.13,Late Delivery
7865,240407,2025-05-07,2209,610,3,1,111.05,Not Needed
7866,263029,2025-06-07,11253,77,6,1,8.86,Not Needed
7867,187455,2025-01-20,3546,1,2,1,0.71,Not Needed
7868,220584,2025-03-13,8462,412,18,1,15.71,Quality Issue
7869,284352,2025-07-17,15669,303,33,1,55.06,Damaged
7870,337009,2025-11-08,6549,329,21,1,8.67,Late Delivery
7871,224726,2025-03-23,7375,128,11,2,39.43,Not Needed
7872,14824,2024-02-13,6823,371,33,2,25.06,Quality Issue
7873,320015,2025-10-01,5734,56,34,1,4.85,Not Needed
7874,203347,2025-02-07,16552,132,13,1,27.44,Late Delivery
7875,332247,2025-10-31,17524,631,12,1,190.46,Not Needed
7876,182393,2025-01-07,13971,101,19,1,9.93,Wrong Item
7877,286124,2025-07-21,20140,695,16,1,224.43,Damaged
7878,308588,2025-09-16,11116,99,2,2,4.68,Quality Issue
7879,59350,2024-05-09,12112,218,3,2,6.7,Not Needed
7880,22687,2024-02-29,21141,77,17,2,34.85,Wrong Item
7881,27554,2024-03-11,17270,22,34,2,31.8,Not Needed
7882,65816,2024-05-23,2082,474,15,1,5.69,Damaged
7883,302647,2025-08-29,5469,223,14,1,17.66,Not Needed
7884,173944,2024-12-30,17539,20,30,2,13.64,Wrong Item
7885,273238,2025-07-07,9663,107,8,2,3.52,Late Delivery
7886,126298,2024-10-01,19452,83,18,1,7.15,Not Needed
7887,212025,2025-03-12,21111,232,19,2,19.5,Late Delivery
7888,12465,2024-01-29,11934,216,11,1,24.21,Not Needed
7889,54366,2024-05-05,14971,217,34,1,9.88,Not Needed
7890,59661,2024-05-11,15588,151,7,1,4.54,Not Needed
7891,122062,2024-09-18,5366,12,14,1,8.53,Not Needed
7892,329165,2025-11-07,13002,165,8,2,27.15,Not Needed
7893,250509,2025-05-09,21967,324,17,2,89.7,Damaged
7894,135221,2024-10-14,24451,553,18,1,53.96,Damaged
7895,193291,2025-01-19,14292,361,18,2,28.71,Not Needed
7896,354594,2025-12-06,1427,434,29,1,7.07,Damaged
7897,249102,2025-05-11,14257,109,32,1,7.88,Not Needed
7898,122354,2024-09-25,10192,26,23,1,3.32,Not Needed
7899,279560,2025-07-17,23537,8,20,2,4.19,Not Needed
7900,166024,2024-12-05,2286,202,7,2,7.13,Quality Issue
7901,298667,2025-08-28,11988,89,30,1,2.89,Quality Issue
7902,323235,2025-10-13,7503,5,5,1,7.13,Not Needed
7903,42447,2024-04-20,22036,127,30,2,34.05,Late Delivery
7904,264248,2025-06-22,22569,473,32,1,4.82,Wrong Item
7905,108761,2024-08-24,996,147,24,2,19.38,Quality Issue
7906,286831,2025-08-03,10918,92,9,1,0.82,Wrong Item
7907,40080,2024-04-03,7801,167,16,1,20.9,Late Delivery
7908,234116,2025-04-11,16590,305,27,1,33.52,Late Delivery
7909,313472,2025-09-16,3228,182,18,1,7.81,Not Needed
7910,102616,2024-08-01,2558,29,10,1,27.76,Damaged
7911,223360,2025-03-26,6458,592,15,1,422.56,Wrong Item
7912,213508,2025-03-14,11183,450,22,2,25.96,Not Needed
7913,301160,2025-09-04,18730,19,21,1,10.16,Damaged
7914,256729,2025-05-23,24721,212,9,1,17.1,Damaged
7915,286825,2025-08-03,7116,28,2,1,18.25,Not Needed
7916,320920,2025-10-10,12252,285,26,1,47.5,Not Needed
7917,338945,2025-11-21,14142,77,34,2,21.72,Not Needed
7918,13463,2024-02-03,11641,584,8,1,26.08,Damaged
7919,29644,2024-03-15,16272,632,28,1,206.99,Damaged
7920,244185,2025-05-09,7189,218,34,2,12.42,Not Needed
7921,169247,2024-12-21,24190,670,20,1,265.9,Not Needed
7922,71786,2024-06-09,34,616,29,1,148.4,Quality Issue
7923,238937,2025-04-17,4597,102,21,1,13.42,Damaged
7924,186270,2025-01-03,3879,697,18,1,509.68,Late Delivery
7925,314523,2025-09-25,9985,494,26,1,8.13,Not Needed
7926,330878,2025-10-24,4629,201,31,2,5.83,Not Needed
7927,288896,2025-08-05,10917,173,30,2,20.85,Damaged
7928,256934,2025-05-24,12283,454,34,1,5.27,Quality Issue
7929,297290,2025-08-23,12819,474,31,1,8.01,Not Needed
7930,60576,2024-05-23,2413,224,27,2,7.3,Not Needed
7931,159783,2024-11-21,12546,127,26,2,26.72,Not Needed
7932,92561,2024-07-25,8481,37,34,1,4.08,Wrong Item
7933,116531,2024-08-28,18994,35,7,2,14.24,Not Needed
7934,285178,2025-07-18,14099,99,9,1,3.47,Late Delivery
7935,15715,2024-02-07,5063,367,34,2,26.44,Quality Issue
7936,27805,2024-03-14,14920,165,29,2,15.32,Not Needed
7937,231820,2025-04-17,9841,136,1,1,5.45,Not Needed
7938,92678,2024-07-26,23060,661,11,1,390.1,Late Delivery
7939,287358,2025-07-28,10694,436,8,1,8.58,Damaged
7940,64742,2024-05-28,18269,143,13,2,29.46,Quality Issue
7941,79337,2024-06-21,18603,526,18,1,30.69,Wrong Item
7942,167980,2024-12-04,2020,408,7,1,17.62,Wrong Item
7943,236219,2025-04-29,19379,285,6,2,60.68,Late Delivery
7944,261979,2025-05-31,24517,427,21,1,1.48,Not Needed
7945,299380,2025-09-01,22865,196,14,1,18.11,Not Needed
7946,301163,2025-08-19,20421,562,9,1,35.92,Quality Issue
7947,225159,2025-03-23,859,588,23,1,253.56,Not Needed
7948,98469,2024-07-26,16471,77,23,1,10.6,Quality Issue
7949,349188,2025-12-03,21942,524,15,1,17.46,Not Needed
7950,30787,2024-03-24,12709,424,7,1,34.91,Wrong Item
7951,210041,2025-02-17,3021,110,9,2,36.96,Quality Issue
7952,230167,2025-03-31,7081,309,26,2,62.7,Not Needed
7953,261931,2025-06-06,18334,4,33,1,3.69,Quality Issue
7954,86519,2024-07-16,24049,68,9,1,10.15,Damaged
7955,33405,2024-03-20,8704,47,14,1,5.18,Wrong Item
7956,221249,2025-03-18,13566,359,8,2,15.83,Damaged
7957,234292,2025-04-07,24653,649,10,1,173.88,Not Needed
7958,275304,2025-07-07,24315,92,7,2,3.37,Not Needed
7959,96555,2024-08-01,19183,28,7,2,14.03,Quality Issue
7960,205138,2025-02-18,23547,419,33,1,46.77,Wrong Item
7961,204031,2025-02-15,21906,342,14,1,6.34,Not Needed
7962,319075,2025-10-06,22311,244,32,2,22.84,Not Needed
7963,233528,2025-04-13,10287,510,23,1,24.95,Wrong Item
7964,318004,2025-10-04,19115,477,10,1,27.48,Not Needed
7965,268935,2025-06-28,17106,492,16,1,15.98,Not Needed
7966,293843,2025-08-16,21052,374,8,1,17.42,Damaged
7967,94377,2024-07-16,4643,33,21,1,4.26,Late Delivery
7968,287016,2025-07-22,10677,350,29,1,17.83,Quality Issue
7969,193435,2025-01-24,15584,494,29,1,3.21,Late Delivery
7970,293905,2025-08-01,5263,378,33,2,21.88,Quality Issue
7971,25725,2024-03-14,8442,285,26,1,28.91,Quality Issue
7972,187725,2025-01-15,12046,575,5,1,7.94,Not Needed
7973,289388,2025-07-26,19602,605,8,1,99.42,Late Delivery
7974,69949,2024-06-16,4201,537,21,1,9.15,Late Delivery
7975,120596,2024-09-08,12135,419,33,1,34.27,Damaged
7976,354548,2025-12-15,696,114,14,1,21.98,Damaged
7977,3931,2024-01-23,9378,36,11,1,26.57,Late Delivery
7978,74183,2024-06-16,3720,175,29,1,11.51,Not Needed
7979,33664,2024-03-21,9967,61,9,2,13.01,Late Delivery
7980,60165,2024-05-24,22802,407,13,1,15.8,Damaged
7981,97151,2024-08-03,22556,202,21,1,5.37,Damaged
7982,330970,2025-10-26,20673,228,4,1,67.08,Not Needed
7983,82689,2024-06-24,22485,581,20,1,1.3,Late Delivery
7984,246905,2025-05-19,2850,35,12,1,2.48,Damaged
7985,12770,2024-01-31,4929,451,25,1,62.15,Not Needed
7986,72697,2024-06-15,13747,156,18,1,2.61,Damaged
7987,182278,2025-01-04,220,43,14,1,3.61,Not Needed
7988,219591,2025-03-26,20966,188,17,2,19.04,Wrong Item
7989,341839,2025-11-13,9183,89,7,1,6.42,Damaged
7990,172811,2024-12-15,10308,38,9,1,0.88,Wrong Item
7991,132157,2024-10-16,9272,661,11,1,443.45,Not Needed
7992,215906,2025-03-07,17942,83,34,2,20.13,Not Needed
7993,237392,2025-04-29,14247,162,33,1,14.59,Damaged
7994,271234,2025-07-04,15733,22,14,2,26.35,Late Delivery
7995,303671,2025-09-04,6233,183,20,2,12.58,Late Delivery
7996,25317,2024-03-04,24196,499,29,1,14.44,Quality Issue
7997,322671,2025-10-20,17202,223,33,1,5.43,Late Delivery
7998,133256,2024-10-12,77,121,20,1,3.1,Quality Issue
7999,54435,2024-05-14,7241,678,6,1,167.87,Damaged
8000,239373,2025-05-04,8155,346,3,2,17.34,Damaged
8001,178057,2024-12-26,11637,215,32,1,3.88,Wrong Item
8002,144721,2024-11-10,7051,328,4,1,10.53,Not Needed
8003,46716,2024-04-17,12954,342,23,2,27.64,Quality Issue
8004,89171,2024-07-11,17993,372,8,2,24.22,Not Needed
8005,144588,2024-11-08,17554,188,16,2,14.05,Not Needed
8006,45648,2024-04-28,2346,71,8,1,2.51,Late Delivery
8007,228533,2025-03-30,22827,297,21,2,38.43,Late Delivery
8008,19237,2024-02-24,10023,205,34,2,4.33,Damaged
8009,325358,2025-10-23,14190,219,21,1,14.25,Not Needed
8010,44989,2024-04-09,23526,597,34,1,80.06,Quality Issue
8011,85611,2024-06-29,21576,107,33,2,4.9,Late Delivery
8012,87665,2024-07-09,24491,690,10,2,740.36,Wrong Item
8013,253691,2025-05-14,19337,216,8,1,23.27,Not Needed
8014,245456,2025-05-16,15892,533,14,1,11.73,Quality Issue
8015,156897,2024-11-16,19048,466,32,1,22.54,Damaged
8016,167419,2024-12-13,16085,415,10,1,56.82,Quality Issue
8017,360914,2025-12-18,15457,676,33,1,341.13,Quality Issue
8018,337836,2025-11-18,15254,111,31,2,17.62,Late Delivery
8019,271877,2025-06-20,11208,96,11,2,10.13,Quality Issue
8020,195505,2025-01-20,4769,32,24,1,17.99,Not Needed
8021,278188,2025-06-29,8968,73,9,2,4.92,Late Delivery
8022,224633,2025-03-27,21289,63,2,1,11.24,Late Delivery
8023,362603,2025-12-28,1296,568,29,1,14.72,Damaged
8024,152478,2024-11-17,24157,441,3,1,22.4,Damaged
8025,129335,2024-10-10,6865,105,21,2,28.82,Quality Issue
8026,273283,2025-06-24,13733,374,5,2,19.34,Quality Issue
8027,83062,2024-06-24,916,504,33,1,19.35,Wrong Item
8028,44401,2024-04-22,12300,35,30,1,10.34,Quality Issue
8029,243514,2025-05-13,11949,354,14,2,11.36,Not Needed
8030,344091,2025-12-04,5808,271,8,1,8.88,Late Delivery
8031,105603,2024-08-16,712,153,13,2,8.4,Quality Issue
8032,348788,2025-12-13,14267,30,22,2,1.8,Not Needed
8033,267357,2025-06-10,4810,157,15,1,2.95,Late Delivery
8034,245251,2025-05-15,11064,309,32,2,49.98,Not Needed
8035,299481,2025-08-29,11911,362,9,2,75.92,Damaged
8036,196394,2025-02-06,5372,307,34,1,7.03,Quality Issue
8037,145115,2024-11-08,12987,425,29,2,24.08,Wrong Item
8038,126330,2024-09-28,11906,151,11,1,25.69,Late Delivery
8039,352211,2025-12-13,11482,5,10,1,17.93,Quality Issue
8040,188944,2025-01-19,20838,100,10,1,5.24,Late Delivery
8041,367896,2026-01-06,16397,228,34,1,24.26,Not Needed
8042,108398,2024-08-20,17638,60,18,1,5.22,Not Needed
8043,62930,2024-05-21,4954,247,32,1,66.69,Not Needed
8044,361558,2026-01-04,12355,217,19,2,26.45,Wrong Item
8045,315118,2025-10-02,22806,343,30,1,9.07,Not Needed
8046,162385,2024-12-10,14109,244,29,1,9.61,Wrong Item
8047,206586,2025-02-22,107,475,22,1,10.66,Late Delivery
8048,60432,2024-05-11,5105,428,16,1,21.33,Not Needed
8049,73037,2024-06-06,6856,502,20,1,14.51,Not Needed
8050,271203,2025-07-05,19997,304,1,2,18.1,Not Needed
8051,123472,2024-09-24,11312,309,26,2,105.76,Not Needed
8052,334131,2025-11-18,22186,215,29,1,21.83,Not Needed
8053,311746,2025-09-12,18201,414,2,2,41.89,Damaged
8054,285809,2025-07-19,6547,78,9,1,25.03,Damaged
8055,290664,2025-08-13,926,34,7,1,13.85,Not Needed
8056,70990,2024-06-01,5177,183,33,2,19.18,Not Needed
8057,108303,2024-08-11,4164,421,14,1,19.99,Not Needed
8058,39183,2024-03-28,15374,49,22,2,24.34,Late Delivery
8059,132133,2024-10-15,1348,582,30,2,9.07,Quality Issue
8060,76398,2024-06-28,19556,194,31,1,3.72,Not Needed
8061,63921,2024-06-01,1206,555,34,1,82.58,Damaged
8062,30555,2024-03-25,15528,327,8,1,9.57,Late Delivery
8063,42863,2024-04-13,23916,565,19,1,63.2,Wrong Item
8064,208567,2025-02-27,6069,19,11,1,4.39,Wrong Item
8065,228118,2025-04-09,5248,551,31,1,13.81,Wrong Item
8066,159626,2024-11-22,23408,402,5,2,43.9,Damaged
8067,41746,2024-04-08,3957,397,15,1,6.17,Late Delivery
8068,240032,2025-04-27,7514,499,15,2,30.05,Not Needed
8069,85454,2024-07-07,14495,284,31,1,27.41,Not Needed
8070,158828,2024-11-17,22014,201,15,1,14.18,Late Delivery
8071,231602,2025-04-16,449,543,21,1,12.55,Quality Issue
8072,222387,2025-03-19,6108,76,15,1,10.51,Late Delivery
8073,358245,2025-12-31,10820,464,8,1,13.18,Not Needed
8074,349429,2025-11-30,2342,583,28,1,4.34,Not Needed
8075,206785,2025-02-26,11687,157,17,2,10.98,Not Needed
8076,225592,2025-04-08,6153,633,11,1,314.31,Damaged
8077,6418,2024-01-29,300,178,31,1,12.17,Not Needed
8078,136815,2024-10-13,322,83,13,1,12.09,Not Needed
8079,139694,2024-10-26,20528,512,18,1,12.22,Damaged
8080,45384,2024-04-27,18319,163,29,1,2.27,Damaged
8081,145567,2024-10-24,17094,130,31,2,2.39,Late Delivery
8082,178214,2025-01-05,9599,716,11,1,259.19,Not Needed
8083,108166,2024-08-24,11982,211,10,2,34.09,Quality Issue
8084,200753,2025-02-06,7592,34,29,1,10.55,Late Delivery
8085,2188,2024-01-06,4766,96,14,1,4.21,Quality Issue
8086,272100,2025-06-30,21685,527,14,2,45.91,Late Delivery
8087,338627,2025-11-07,14628,125,32,1,40.58,Quality Issue
8088,276702,2025-06-26,10888,60,7,2,14.17,Quality Issue
8089,234407,2025-04-24,15166,605,19,1,189.57,Late Delivery
8090,174929,2024-12-25,2996,121,16,1,4.44,Late Delivery
8091,350213,2025-12-16,21901,109,28,1,9.16,Damaged
8092,274977,2025-07-04,24325,359,33,1,5.59,Damaged
8093,199810,2025-02-16,9331,539,34,1,16.26,Not Needed
8094,360616,2025-12-28,19878,372,20,2,23.49,Late Delivery
8095,306799,2025-09-15,6833,651,29,1,21.22,Not Needed
8096,319084,2025-10-09,4008,5,11,2,8.15,Quality Issue
8097,216763,2025-03-17,159,349,1,2,25.71,Damaged
8098,216442,2025-03-08,13562,499,21,1,11.96,Damaged
8099,26447,2024-03-02,9248,153,21,1,19.36,Late Delivery
8100,290421,2025-07-28,18403,270,5,2,25.9,Quality Issue
8101,229015,2025-04-05,18864,2,18,1,36.12,Wrong Item
8102,180768,2024-12-22,24904,121,32,2,10.66,Damaged
8103,104312,2024-08-20,14865,233,1,1,11.11,Damaged
8104,52542,2024-04-29,6810,182,21,1,2.81,Not Needed
8105,355176,2025-12-10,3871,165,14,2,30.63,Wrong Item
8106,56765,2024-05-17,6102,280,15,1,42.13,Not Needed
8107,168486,2024-12-02,13461,343,5,1,27.34,Not Needed
8108,334796,2025-11-10,980,60,14,2,22.75,Damaged
8109,309744,2025-09-18,17955,161,14,2,14.41,Quality Issue
8110,149107,2024-11-05,21259,91,16,2,7.18,Not Needed
8111,44529,2024-04-09,9113,431,21,1,14.39,Late Delivery
8112,147781,2024-11-15,20820,467,33,1,29.95,Late Delivery
8113,171189,2024-12-10,13479,193,34,2,14.23,Late Delivery
8114,329818,2025-11-04,12463,158,26,2,17.13,Damaged
8115,358862,2025-12-21,17235,181,15,1,3.78,Damaged
8116,173144,2024-12-23,20920,429,26,2,7.38,Late Delivery
8117,280388,2025-07-14,6077,95,7,2,9.85,Damaged
8118,148499,2024-11-02,229,355,34,1,55.29,Not Needed
8119,136759,2024-10-26,401,49,20,2,14.43,Not Needed
8120,123091,2024-09-11,7766,349,30,2,11.44,Not Needed
8121,56,2024-01-06,15793,544,26,1,2.34,Wrong Item
8122,171881,2024-12-11,15504,596,20,1,228.43,Not Needed
8123,351456,2025-11-30,10717,390,9,2,10.55,Late Delivery
8124,157453,2024-11-29,17012,596,20,1,315.23,Late Delivery
8125,2159,2024-01-08,1504,304,19,2,25.02,Damaged
8126,190527,2025-01-21,17481,240,7,1,6.9,Quality Issue
8127,100588,2024-08-12,1912,563,1,1,23.41,Damaged
8128,196758,2025-01-29,16437,687,34,1,238.54,Quality Issue
8129,66442,2024-06-02,9435,650,2,1,373.57,Not Needed
8130,92378,2024-07-25,5137,658,23,1,183.15,Damaged
8131,189103,2025-01-11,9677,109,34,1,4.42,Not Needed
8132,311775,2025-09-22,6214,480,24,1,10.2,Not Needed
8133,159788,2024-11-20,14841,714,26,1,324.13,Not Needed
8134,137545,2024-10-25,388,416,4,1,6.76,Not Needed
8135,341508,2025-11-20,8508,471,2,1,11.11,Quality Issue
8136,7896,2024-02-06,23010,109,34,2,10.35,Quality Issue
8137,45003,2024-04-15,4079,401,21,1,13.69,Quality Issue
8138,59621,2024-05-26,10721,178,31,2,21.07,Not Needed
8139,281608,2025-07-24,7403,106,19,1,2.76,Late Delivery
8140,163090,2024-12-12,14447,128,14,1,33.53,Quality Issue
8141,105787,2024-08-19,22174,208,2,1,9.76,Damaged
8142,234316,2025-04-08,10715,166,18,1,2.21,Late Delivery
8143,290801,2025-08-08,3483,562,33,1,21.63,Wrong Item
8144,286095,2025-07-24,16541,401,8,1,22.5,Not Needed
8145,347893,2025-12-06,19838,28,14,2,6.16,Late Delivery
8146,316745,2025-10-01,1878,507,2,1,3.0,Not Needed
8147,339532,2025-11-14,5605,204,29,1,14.05,Quality Issue
8148,113061,2024-09-05,3128,44,21,1,5.9,Damaged
8149,365798,2025-12-29,10254,690,2,1,173.8,Not Needed
8150,79499,2024-06-30,681,637,29,2,343.03,Damaged
8151,40836,2024-04-18,11387,174,18,1,9.98,Quality Issue
8152,9591,2024-02-05,13446,108,15,1,2.79,Wrong Item
8153,162537,2024-11-28,20634,134,31,1,9.53,Damaged
8154,120737,2024-09-11,16801,464,13,1,43.72,Damaged
8155,84945,2024-07-11,7376,120,21,2,12.29,Quality Issue
8156,284909,2025-07-23,12145,2,29,2,23.53,Damaged
8157,217430,2025-03-14,20486,122,11,1,6.91,Late Delivery
8158,116246,2024-08-29,6824,574,22,1,40.39,Not Needed
8159,13304,2024-02-13,13102,107,5,2,3.83,Not Needed
8160,301656,2025-08-25,9563,224,30,1,7.85,Quality Issue
8161,78244,2024-06-27,22426,275,29,2,35.2,Late Delivery
8162,254210,2025-05-24,11864,460,8,1,13.66,Not Needed
8163,31284,2024-03-24,12996,224,8,2,16.92,Quality Issue
8164,211239,2025-03-05,21292,187,8,1,6.04,Damaged
8165,136231,2024-10-19,10684,309,6,2,54.74,Not Needed
8166,271131,2025-07-03,6757,326,30,1,18.04,Not Needed
8167,332183,2025-11-12,10530,568,30,1,6.64,Quality Issue
8168,279981,2025-07-21,9876,256,11,1,68.36,Not Needed
8169,24164,2024-03-06,16090,13,34,1,13.17,Not Needed
8170,261352,2025-05-30,16532,86,1,1,8.02,Late Delivery
8171,53096,2024-04-26,6840,22,30,1,14.89,Late Delivery
8172,137824,2024-10-24,22916,114,20,2,8.27,Not Needed
8173,327637,2025-10-17,23946,171,13,1,10.16,Not Needed
8174,29534,2024-03-09,14792,174,34,1,4.01,Damaged
8175,204421,2025-02-22,3510,17,4,2,2.94,Not Needed
8176,69481,2024-06-03,20184,113,18,1,7.71,Damaged
8177,62820,2024-05-16,24014,154,17,1,8.42,Quality Issue
8178,198116,2025-02-10,22747,447,5,1,22.32,Late Delivery
8179,332034,2025-11-10,3210,475,20,1,5.97,Late Delivery
8180,876,2024-01-21,21102,388,30,1,30.43,Quality Issue
8181,332639,2025-11-07,6773,45,21,1,31.22,Quality Issue
8182,215198,2025-03-09,12592,9,21,1,22.71,Quality Issue
8183,324439,2025-10-25,13556,241,8,1,26.8,Damaged
8184,222812,2025-03-15,21729,27,24,2,13.19,Not Needed
8185,133102,2024-10-09,8144,618,7,1,132.72,Not Needed
8186,239224,2025-04-19,5071,131,11,2,8.2,Damaged
8187,206446,2025-02-17,2230,227,3,2,9.08,Late Delivery
8188,150492,2024-11-21,11387,368,28,1,5.29,Damaged
8189,154502,2024-11-20,15463,86,26,1,7.1,Quality Issue
8190,38584,2024-03-28,13116,114,33,2,8.29,Wrong Item
8191,316449,2025-10-02,10961,465,16,1,4.5,Damaged
8192,63608,2024-06-02,21278,189,14,2,14.67,Damaged
8193,320181,2025-09-29,24489,715,20,1,13.36,Late Delivery
8194,282640,2025-07-11,1445,163,4,1,6.9,Damaged
8195,206804,2025-02-23,22103,327,21,1,20.0,Damaged
8196,266573,2025-06-13,8188,482,18,1,10.44,Wrong Item
8197,365634,2026-01-13,899,606,9,2,723.35,Quality Issue
8198,139728,2024-11-01,18187,159,27,1,4.61,Not Needed
8199,68464,2024-06-11,8059,466,29,2,54.48,Late Delivery
8200,202155,2025-02-02,20640,436,3,1,24.73,Wrong Item
8201,366941,2026-01-07,11210,354,26,1,6.36,Not Needed
8202,300342,2025-08-24,20531,89,10,1,3.08,Late Delivery
8203,144305,2024-10-22,2151,665,5,1,478.45,Wrong Item
8204,164431,2024-12-11,16103,397,20,1,12.79,Late Delivery
8205,224039,2025-04-05,17747,364,18,1,13.83,Not Needed
8206,303148,2025-09-04,5247,312,8,1,5.75,Late Delivery
8207,55746,2024-04-30,10752,709,33,1,138.29,Quality Issue
8208,28862,2024-03-10,14513,82,25,1,8.36,Damaged
8209,190184,2025-01-24,21338,80,27,2,28.17,Damaged
8210,70297,2024-05-31,8348,95,20,1,8.26,Quality Issue
8211,55403,2024-05-03,3132,72,7,1,1.56,Not Needed
8212,35820,2024-04-07,278,661,30,1,498.82,Wrong Item
8213,214353,2025-02-27,13226,199,20,1,2.59,Late Delivery
8214,340992,2025-11-25,10292,252,1,1,14.9,Late Delivery
8215,63880,2024-06-01,14312,29,22,1,20.42,Late Delivery
8216,334695,2025-11-11,21231,34,6,2,12.47,Damaged
8217,145616,2024-11-08,19772,669,2,1,77.23,Quality Issue
8218,8875,2024-02-07,20631,254,15,1,19.42,Wrong Item
8219,201353,2025-02-12,7913,568,17,1,8.47,Damaged
8220,239878,2025-05-06,5863,88,21,2,14.75,Late Delivery
8221,66188,2024-05-28,20040,25,28,1,33.53,Not Needed
8222,298044,2025-08-16,8761,663,33,1,95.69,Not Needed
8223,56098,2024-05-02,18844,164,5,1,17.16,Quality Issue
8224,339546,2025-11-13,3914,299,29,1,40.26,Late Delivery
8225,302019,2025-08-21,1580,386,17,2,51.1,Damaged
8226,44637,2024-04-11,9079,461,27,1,23.06,Late Delivery
8227,40772,2024-04-03,823,358,20,1,4.96,Wrong Item
8228,2122,2024-01-23,24034,155,10,2,13.11,Late Delivery
8229,300044,2025-08-24,4482,113,11,1,26.66,Late Delivery
8230,257147,2025-05-27,18305,235,9,2,31.43,Not Needed
8231,70345,2024-06-12,20865,553,9,1,10.98,Late Delivery
8232,100229,2024-08-06,5642,319,28,2,9.79,Late Delivery
8233,303780,2025-09-07,24588,656,28,1,205.87,Late Delivery
8234,360553,2026-01-05,10830,81,21,1,16.75,Not Needed
8235,367461,2025-12-30,13328,59,30,1,35.04,Not Needed
8236,251519,2025-05-17,1193,237,27,1,17.02,Late Delivery
8237,292590,2025-07-31,13899,344,33,2,61.76,Late Delivery
8238,108294,2024-08-29,17343,217,24,2,13.22,Not Needed
8239,74839,2024-06-12,1721,137,9,2,17.43,Quality Issue
8240,8202,2024-02-08,12827,224,9,2,9.32,Quality Issue
8241,59166,2024-05-08,4468,678,20,1,244.27,Late Delivery
8242,77801,2024-06-16,12960,41,24,2,12.74,Late Delivery
8243,162240,2024-12-10,21085,215,14,2,5.41,Quality Issue
8244,221811,2025-03-27,21097,118,17,1,1.43,Quality Issue
8245,257833,2025-05-27,19887,344,32,1,77.56,Late Delivery
8246,216023,2025-03-12,11265,6,17,2,3.69,Quality Issue
8247,257995,2025-05-28,2076,593,15,1,7.64,Quality Issue
8248,169150,2024-12-06,491,452,6,2,22.35,Quality Issue
8249,253725,2025-05-27,18819,174,15,1,3.0,Not Needed
8250,339018,2025-11-12,15735,171,6,1,3.71,Not Needed
8251,15500,2024-02-18,19683,323,18,1,3.88,Quality Issue
8252,181726,2025-01-08,23307,67,29,1,5.64,Damaged
8253,4849,2024-01-30,273,132,17,1,23.55,Damaged
8254,180167,2024-12-31,7018,569,30,1,6.59,Wrong Item
8255,64120,2024-05-29,13095,659,20,1,229.57,Not Needed
8256,51011,2024-04-23,24647,234,23,1,4.31,Quality Issue
8257,241820,2025-05-03,18777,434,25,1,38.97,Not Needed
8258,124941,2024-09-28,20328,559,10,2,26.01,Not Needed
8259,196059,2025-02-06,7148,442,5,1,17.44,Late Delivery
8260,63999,2024-05-24,14523,433,33,1,21.1,Damaged
8261,57661,2024-05-18,6297,175,20,1,4.23,Quality Issue
8262,15190,2024-02-09,11966,330,24,1,16.28,Damaged
8263,91042,2024-07-11,3651,101,4,1,23.53,Not Needed
8264,303959,2025-09-07,1690,549,15,1,3.34,Not Needed
8265,199462,2025-02-13,16234,322,32,1,30.69,Quality Issue
8266,237693,2025-04-23,5099,18,21,2,3.98,Late Delivery
8267,104526,2024-08-07,18474,657,28,1,234.05,Damaged
8268,53921,2024-05-05,3966,198,8,1,19.03,Not Needed
8269,78690,2024-06-30,19781,660,13,1,157.61,Not Needed
8270,241044,2025-05-04,22529,369,12,1,23.01,Not Needed
8271,337698,2025-11-16,18419,417,17,1,26.68,Not Needed
8272,164446,2024-12-07,16213,577,19,1,10.98,Not Needed
8273,86767,2024-07-17,10394,36,8,1,35.15,Not Needed
8274,249716,2025-05-18,13776,268,20,1,11.46,Damaged
8275,344874,2025-11-27,20836,183,22,1,5.54,Not Needed
8276,161915,2024-12-02,903,657,4,1,292.9,Quality Issue
8277,311507,2025-09-25,16970,520,6,1,6.8,Not Needed
8278,365350,2026-01-10,22734,573,31,1,57.58,Quality Issue
8279,171556,2024-12-10,4401,409,13,1,13.46,Late Delivery
8280,193650,2025-01-29,16809,556,22,2,44.15,Damaged
8281,161373,2024-11-30,17367,114,2,2,15.26,Quality Issue
8282,854,2024-01-13,4338,96,23,2,4.52,Quality Issue
8283,211411,2025-02-23,6491,244,6,2,23.05,Quality Issue
8284,257912,2025-06-05,12762,331,28,1,14.34,Quality Issue
8285,203812,2025-02-18,14664,58,29,2,4.57,Damaged
8286,321483,2025-10-17,6289,30,24,1,1.01,Not Needed
8287,13663,2024-02-17,12506,22,7,2,18.64,Wrong Item
8288,136528,2024-10-08,21162,581,34,1,2.48,Damaged
8289,331408,2025-10-25,3836,241,14,2,69.68,Quality Issue
8290,11922,2024-02-01,13882,631,1,1,366.09,Damaged
8291,138983,2024-10-16,5281,67,17,1,29.72,Late Delivery
8292,312794,2025-09-21,12192,242,5,1,26.17,Damaged
8293,167925,2024-12-07,19355,104,18,2,24.26,Damaged
8294,259288,2025-06-11,22352,387,18,1,52.01,Quality Issue
8295,85591,2024-07-15,11539,686,26,1,536.32,Quality Issue
8296,4692,2024-01-22,1390,17,26,1,5.46,Damaged
8297,222113,2025-03-29,18874,181,18,2,2.41,Not Needed
8298,153016,2024-11-07,1178,327,7,1,20.18,Damaged
8299,303932,2025-08-27,20342,233,22,1,17.65,Not Needed
8300,113837,2024-09-07,11149,278,14,2,5.98,Not Needed
8301,247462,2025-05-19,9790,403,34,1,21.2,Damaged
8302,48903,2024-04-27,8347,516,15,1,81.96,Damaged
8303,235067,2025-04-21,19595,67,18,1,8.97,Damaged
8304,235489,2025-04-15,22465,191,14,2,2.84,Not Needed
8305,46143,2024-04-19,18456,208,21,1,10.34,Damaged
8306,203718,2025-02-18,11906,286,31,1,37.35,Not Needed
8307,332616,2025-11-07,12250,255,22,1,11.54,Not Needed
8308,47840,2024-05-03,14116,27,27,1,17.48,Quality Issue
8309,82001,2024-07-05,192,150,26,1,13.22,Damaged
8310,238460,2025-04-19,3405,6,27,1,1.36,Late Delivery
8311,44599,2024-04-23,16471,114,7,1,13.72,Not Needed
8312,186981,2025-01-06,22279,46,23,1,5.69,Late Delivery
8313,309028,2025-09-11,5461,402,32,2,85.86,Damaged
8314,354675,2025-12-25,23165,544,33,1,2.18,Damaged
8315,1182,2024-01-10,5524,51,11,2,10.03,Quality Issue
8316,141120,2024-10-15,2432,289,9,1,40.34,Quality Issue
8317,134195,2024-10-09,7511,115,8,1,13.12,Not Needed
8318,5800,2024-01-20,6147,152,26,2,15.1,Damaged
8319,256530,2025-05-20,278,185,19,1,19.16,Damaged
8320,84008,2024-07-03,6862,475,17,1,8.19,Damaged
8321,290437,2025-08-12,18623,244,18,1,7.74,Not Needed
8322,154644,2024-11-17,7540,218,29,1,5.47,Not Needed
8323,314044,2025-09-19,20194,588,19,1,394.92,Late Delivery
8324,136108,2024-10-07,5017,342,20,1,34.31,Not Needed
8325,118406,2024-09-17,24910,528,2,2,61.42,Damaged
8326,191611,2025-01-21,7183,666,7,1,248.28,Not Needed
8327,117798,2024-08-29,16374,339,27,2,17.92,Not Needed
8328,79921,2024-06-28,1389,148,23,1,11.89,Not Needed
8329,128024,2024-09-22,14435,177,23,2,38.14,Quality Issue
8330,225113,2025-03-24,21042,75,24,1,13.85,Damaged
8331,40329,2024-04-01,8646,410,9,1,24.2,Not Needed
8332,183220,2025-01-09,19137,391,17,1,4.78,Quality Issue
8333,250364,2025-05-23,13116,582,8,2,13.32,Late Delivery
8334,288636,2025-07-23,19059,209,32,2,9.25,Wrong Item
8335,226385,2025-03-22,9125,197,14,1,8.35,Not Needed
8336,20318,2024-03-02,7129,698,2,1,651.81,Damaged
8337,77159,2024-06-22,5726,567,24,2,11.11,Quality Issue
8338,134697,2024-10-10,17040,425,21,1,8.24,Not Needed
8339,77704,2024-06-26,24917,56,15,1,2.72,Not Needed
8340,216846,2025-03-08,23626,184,23,1,7.79,Late Delivery
8341,321829,2025-10-07,20889,495,15,1,17.36,Wrong Item
8342,153317,2024-11-07,13927,619,11,1,21.83,Wrong Item
8343,6272,2024-01-28,17570,551,18,1,10.83,Damaged
8344,34529,2024-03-18,19940,443,26,1,41.55,Late Delivery
8345,275676,2025-07-11,8323,39,32,2,3.59,Quality Issue
8346,16035,2024-02-09,6393,475,9,1,9.45,Not Needed
8347,220926,2025-03-30,80,184,21,1,10.55,Not Needed
8348,137308,2024-10-20,10950,20,2,2,21.02,Damaged
8349,354644,2025-12-22,20552,60,11,1,12.74,Quality Issue
8350,88211,2024-07-07,8992,450,32,1,6.98,Quality Issue
8351,224271,2025-04-03,7300,6,12,2,3.49,Quality Issue
8352,15159,2024-02-12,3915,531,29,2,23.21,Late Delivery
8353,305991,2025-08-28,6192,167,11,2,18.66,Not Needed
8354,79094,2024-06-20,19915,253,21,1,24.12,Damaged
8355,30290,2024-03-13,15058,543,34,2,28.42,Wrong Item
8356,296659,2025-08-18,24132,214,27,1,10.09,Not Needed
8357,183780,2024-12-31,18927,203,14,1,1.13,Damaged
8358,244809,2025-05-11,21050,7,13,1,5.65,Quality Issue
8359,151187,2024-11-18,1436,125,6,1,25.55,Quality Issue
8360,332364,2025-10-26,18561,72,24,1,1.24,Wrong Item
8361,119845,2024-09-12,10832,94,22,1,3.19,Not Needed
8362,249044,2025-05-21,21342,108,22,1,2.58,Late Delivery
8363,159410,2024-11-24,24470,559,23,1,27.26,Quality Issue
8364,309696,2025-09-14,6597,139,31,2,7.02,Damaged
8365,102621,2024-08-17,4593,246,18,1,17.5,Quality Issue
8366,363514,2025-12-28,13848,124,23,2,24.75,Damaged
8367,357534,2025-12-24,2197,107,33,2,4.56,Late Delivery
8368,84150,2024-06-28,23636,424,18,2,46.15,Not Needed
8369,114049,2024-08-23,8538,360,21,1,12.41,Not Needed
8370,362356,2025-12-22,8358,313,28,1,2.39,Not Needed
8371,229226,2025-04-03,20006,537,32,1,19.94,Quality Issue
8372,366184,2026-01-13,7086,147,8,1,11.65,Wrong Item
8373,298455,2025-08-12,10419,100,22,1,34.9,Damaged
8374,122130,2024-09-22,12612,67,14,1,7.81,Not Needed
8375,361942,2026-01-05,21944,474,8,2,14.38,Not Needed
8376,48115,2024-04-25,17494,39,16,1,1.03,Quality Issue
8377,165631,2024-12-05,19033,285,26,2,98.68,Not Needed
8378,67977,2024-06-05,722,399,5,1,34.79,Damaged
8379,46954,2024-04-13,6439,325,19,1,52.22,Not Needed
8380,229622,2025-04-08,21026,411,21,1,2.76,Not Needed
8381,300637,2025-08-18,1065,39,8,1,5.97,Not Needed
8382,209672,2025-03-01,21793,212,24,1,4.53,Not Needed
8383,292461,2025-08-06,17420,360,21,1,6.14,Late Delivery
8384,221059,2025-03-18,13781,421,24,1,8.07,Wrong Item
8385,80687,2024-06-24,2858,564,30,1,1.82,Quality Issue
8386,178890,2024-12-22,21779,158,10,2,31.4,Quality Issue
8387,331897,2025-11-07,7374,276,2,1,18.75,Not Needed
8388,271559,2025-06-22,20772,443,4,1,22.81,Quality Issue
8389,113463,2024-08-23,17782,300,34,1,13.05,Wrong Item
8390,357402,2025-12-15,19837,489,7,1,16.64,Quality Issue
8391,49754,2024-05-01,18387,35,33,2,13.9,Not Needed
8392,59226,2024-05-08,4369,37,9,1,9.01,Not Needed
8393,306839,2025-09-02,6867,224,23,2,7.86,Wrong Item
8394,32910,2024-03-19,23590,605,20,1,131.59,Quality Issue
8395,175775,2024-12-31,20626,704,23,1,115.03,Not Needed
8396,217087,2025-03-06,14780,339,15,2,23.07,Damaged
8397,53449,2024-05-09,5896,58,14,2,10.11,Late Delivery
8398,187625,2025-01-14,9350,487,4,2,10.74,Quality Issue
8399,365589,2026-01-10,13806,354,34,1,7.5,Not Needed
8400,99866,2024-08-10,4042,636,13,1,229.97,Not Needed
8401,314404,2025-09-29,22161,255,29,2,48.83,Quality Issue
8402,56106,2024-05-16,7493,228,16,1,18.2,Quality Issue
8403,191012,2025-01-11,10762,222,15,2,17.65,Not Needed
8404,20368,2024-03-04,20448,426,30,1,24.38,Quality Issue
8405,204314,2025-02-17,3878,110,17,1,14.43,Not Needed
8406,52903,2024-04-27,4953,249,20,1,36.15,Quality Issue
8407,174960,2024-12-23,15113,1,14,1,2.33,Quality Issue
8408,328284,2025-10-29,23781,312,31,2,14.37,Damaged
8409,84580,2024-06-27,5660,218,34,2,16.28,Damaged
8410,32323,2024-03-31,13466,154,7,2,10.51,Not Needed
8411,304187,2025-09-06,6148,61,26,1,7.55,Damaged
8412,149272,2024-11-17,11189,203,8,1,1.74,Quality Issue
8413,80908,2024-06-23,5817,25,31,1,21.37,Late Delivery
8414,294845,2025-08-16,14953,701,15,1,262.28,Not Needed
8415,203829,2025-02-24,3581,498,26,1,20.12,Quality Issue
8416,235965,2025-04-28,15536,118,5,2,9.8,Quality Issue
8417,5925,2024-01-18,24251,145,17,2,18.29,Not Needed
8418,192760,2025-01-24,7633,297,6,2,22.39,Wrong Item
8419,183162,2024-12-28,14051,273,8,2,20.46,Damaged
8420,24931,2024-03-11,24396,682,25,1,182.03,Late Delivery
8421,60421,2024-05-28,16601,40,21,1,5.64,Quality Issue
8422,22854,2024-02-25,21598,553,10,2,39.59,Late Delivery
8423,194648,2025-01-23,8292,667,27,1,380.3,Quality Issue
8424,96844,2024-07-26,11945,556,23,1,62.4,Wrong Item
8425,47672,2024-05-01,18444,203,3,1,0.76,Not Needed
8426,51206,2024-04-27,20780,41,19,1,11.35,Damaged
8427,124724,2024-09-22,4480,520,24,2,21.92,Quality Issue
8428,304778,2025-09-13,22665,176,29,2,18.22,Not Needed
8429,367679,2026-01-15,16465,391,21,1,4.59,Wrong Item
8430,123651,2024-09-21,24292,279,29,1,19.87,Quality Issue
8431,40143,2024-04-01,16469,150,17,1,4.22,Not Needed
8432,335231,2025-11-20,20940,371,33,1,27.22,Wrong Item
8433,172124,2024-12-22,24408,341,22,1,23.48,Not Needed
8434,46414,2024-04-23,8839,456,17,2,15.53,Damaged
8435,20485,2024-02-18,21892,291,21,1,54.23,Wrong Item
8436,125599,2024-10-01,24762,352,19,2,53.45,Not Needed
8437,261713,2025-06-13,6186,137,24,1,38.54,Not Needed
8438,106445,2024-08-20,12926,539,18,1,10.45,Damaged
8439,180755,2025-01-02,15449,427,1,1,2.6,Not Needed
8440,81920,2024-07-09,5643,187,4,1,62.49,Not Needed
8441,26130,2024-03-07,24418,137,11,2,62.31,Late Delivery
8442,140765,2024-10-17,514,107,21,2,5.71,Not Needed
8443,242930,2025-05-08,695,558,20,1,11.97,Wrong Item
8444,337464,2025-11-10,7047,106,6,1,3.11,Quality Issue
8445,329757,2025-11-06,1939,166,29,1,5.76,Quality Issue
8446,194793,2025-02-03,10791,233,34,2,21.36,Quality Issue
8447,300453,2025-08-25,24388,673,8,1,114.97,Damaged
8448,311180,2025-09-22,17632,109,22,1,11.83,Wrong Item
8449,216617,2025-03-22,7224,155,14,2,15.1,Quality Issue
8450,73660,2024-06-21,6427,549,17,1,5.01,Damaged
8451,229765,2025-04-17,3106,528,20,1,19.77,Damaged
8452,134822,2024-10-11,21500,6,8,2,4.11,Not Needed
8453,153971,2024-11-15,16198,412,22,1,45.23,Not Needed
8454,48921,2024-04-18,4054,195,4,1,9.98,Wrong Item
8455,340996,2025-11-23,21768,557,21,1,6.08,Late Delivery
8456,207239,2025-02-21,17662,64,29,1,16.73,Wrong Item
8457,190390,2025-01-15,4245,175,23,2,7.85,Not Needed
8458,84670,2024-07-07,18522,18,32,1,2.89,Not Needed
8459,204876,2025-02-17,23082,535,2,1,7.84,Quality Issue
8460,325398,2025-10-19,9128,226,22,1,26.14,Not Needed
8461,67759,2024-06-01,8222,111,21,2,27.96,Damaged
8462,22322,2024-03-08,11442,531,12,1,13.35,Late Delivery
8463,215587,2025-03-15,22935,210,32,1,20.0,Damaged
8464,303801,2025-09-05,3440,39,2,1,8.51,Damaged
8465,232997,2025-04-07,15456,372,10,2,39.95,Not Needed
8466,182674,2024-12-25,17057,96,30,1,10.09,Late Delivery
8467,121091,2024-09-19,14295,410,32,2,22.15,Late Delivery
8468,292912,2025-08-13,12000,192,8,1,28.13,Not Needed
8469,211595,2025-02-21,6039,190,21,1,33.88,Not Needed
8470,9409,2024-01-24,13587,588,10,1,511.24,Late Delivery
8471,182562,2025-01-08,4325,503,15,1,30.62,Not Needed
8472,71774,2024-06-17,7286,49,4,1,14.46,Not Needed
8473,358944,2025-12-19,5928,98,29,1,2.42,Wrong Item
8474,239463,2025-04-20,12732,472,12,1,6.7,Damaged
8475,192264,2025-01-17,1275,540,5,1,15.89,Not Needed
8476,312284,2025-09-25,11168,184,9,1,3.09,Not Needed
8477,316487,2025-09-20,22094,352,30,1,11.27,Quality Issue
8478,238421,2025-04-25,3424,137,23,1,10.27,Not Needed
8479,203743,2025-02-09,6097,321,25,1,60.4,Wrong Item
8480,240829,2025-04-24,6820,134,29,1,22.07,Late Delivery
8481,182784,2025-01-07,1610,187,29,1,24.67,Damaged
8482,202422,2025-02-05,5081,235,25,1,37.78,Quality Issue
8483,189150,2025-01-14,10132,443,28,2,63.55,Quality Issue
8484,30948,2024-03-26,895,55,26,1,30.26,Quality Issue
8485,107487,2024-08-20,13386,87,20,2,1.57,Not Needed
8486,276797,2025-07-04,15807,516,29,2,69.35,Not Needed
8487,75560,2024-06-22,8188,115,6,2,5.86,Wrong Item
8488,264749,2025-06-12,23107,76,27,2,42.1,Late Delivery
8489,340851,2025-11-17,10822,126,22,2,9.03,Not Needed
8490,208054,2025-02-21,9624,120,30,2,47.4,Not Needed
8491,208376,2025-03-02,5261,719,27,1,91.55,Quality Issue
8492,299841,2025-08-26,21244,395,24,1,14.53,Not Needed
8493,58024,2024-05-18,11117,483,33,1,3.99,Not Needed
8494,353160,2025-12-21,669,499,15,2,14.33,Not Needed
8495,158762,2024-12-04,21945,97,16,2,1.48,Not Needed
8496,291232,2025-08-12,5110,447,2,2,39.49,Late Delivery
8497,232321,2025-04-18,597,32,28,2,17.06,Late Delivery
8498,17413,2024-02-10,24778,330,3,1,16.42,Quality Issue
8499,253247,2025-05-20,15317,254,9,2,48.69,Late Delivery
8500,240893,2025-05-05,10587,183,11,1,4.47,Quality Issue
8501,83580,2024-07-08,23464,182,20,1,2.03,Not Needed
8502,125542,2024-09-30,19080,470,2,1,23.78,Late Delivery
8503,225483,2025-03-21,13326,360,20,1,10.66,Damaged
8504,162197,2024-12-09,11164,19,26,2,10.24,Late Delivery
8505,143575,2024-10-20,7578,497,6,1,10.56,Not Needed
8506,235766,2025-04-20,19669,106,11,2,4.87,Quality Issue
8507,333662,2025-10-31,474,308,23,2,46.63,Wrong Item
8508,357917,2025-12-21,22826,100,11,2,13.31,Quality Issue
8509,162289,2024-11-29,22360,216,23,1,11.13,Wrong Item
8510,111526,2024-08-25,5198,144,5,2,15.9,Damaged
8511,262936,2025-06-18,10214,456,18,2,11.76,Not Needed
8512,1844,2024-01-25,1179,365,18,2,26.83,Wrong Item
8513,123556,2024-09-21,13980,206,24,1,19.57,Late Delivery
8514,131234,2024-10-11,17114,406,6,1,22.16,Quality Issue
8515,215437,2025-03-07,300,399,29,2,13.01,Quality Issue
8516,216886,2025-03-19,17830,319,15,1,4.87,Quality Issue
8517,41437,2024-04-14,21230,294,12,1,29.91,Not Needed
8518,228674,2025-04-06,11596,718,6,1,383.19,Not Needed
8519,60335,2024-05-14,24721,82,24,1,7.83,Damaged
8520,231008,2025-04-17,12854,275,32,2,38.16,Damaged
8521,67720,2024-05-31,1378,362,30,2,49.26,Not Needed
8522,159935,2024-12-04,7355,206,21,1,23.24,Not Needed
8523,317304,2025-09-27,6813,66,23,1,9.14,Quality Issue
8524,173055,2024-12-13,13664,363,23,1,3.64,Quality Issue
8525,63793,2024-05-30,1663,568,21,2,28.2,Late Delivery
8526,167829,2024-12-18,14538,446,34,1,9.49,Wrong Item
8527,333750,2025-11-06,24561,612,14,1,510.34,Not Needed
8528,214047,2025-03-02,23607,209,21,1,14.26,Quality Issue
8529,75369,2024-06-11,8117,334,4,2,118.78,Not Needed
8530,277661,2025-07-11,16164,146,9,1,2.28,Damaged
8531,155080,2024-11-11,7704,408,7,1,33.45,Damaged
8532,121741,2024-09-24,4006,629,5,1,43.3,Quality Issue
8533,45846,2024-04-10,15535,101,30,1,15.58,Not Needed
8534,270605,2025-06-24,20179,135,2,2,11.69,Not Needed
8535,277068,2025-07-16,7190,585,9,2,7.56,Not Needed
8536,145595,2024-10-31,18545,5,32,2,11.01,Quality Issue
8537,190003,2025-01-10,13648,537,16,1,39.62,Late Delivery
8538,194158,2025-02-02,12122,258,20,1,5.78,Not Needed
8539,191221,2025-01-13,9990,152,29,1,20.01,Damaged
8540,117545,2024-09-17,4194,677,4,1,34.32,Late Delivery
8541,271472,2025-06-24,3607,146,17,2,6.24,Wrong Item
8542,107541,2024-08-10,19027,574,1,1,21.72,Quality Issue
8543,83036,2024-07-09,24401,328,21,1,8.82,Damaged
8544,264385,2025-06-20,13207,25,34,2,7.55,Not Needed
8545,192788,2025-02-01,23832,492,32,1,9.55,Wrong Item
8546,357891,2025-12-31,5130,192,8,1,44.75,Not Needed
8547,182478,2025-01-04,49,187,21,1,19.96,Not Needed
8548,117054,2024-09-08,12477,293,15,2,24.17,Damaged
8549,184021,2025-01-10,2207,167,17,1,25.28,Late Delivery
8550,66439,2024-05-27,23016,92,32,1,2.3,Late Delivery
8551,326858,2025-10-15,13763,162,1,1,19.41,Late Delivery
8552,22035,2024-03-09,7530,188,20,2,10.7,Wrong Item
8553,103793,2024-08-17,18530,173,32,2,10.45,Damaged
8554,319543,2025-10-10,15176,165,17,1,17.4,Not Needed
8555,27809,2024-03-06,325,22,7,1,7.57,Damaged
8556,184571,2025-01-05,7629,144,15,1,1.77,Late Delivery
8557,159723,2024-11-21,10843,70,19,1,9.36,Not Needed
8558,282922,2025-07-26,22696,647,34,1,118.11,Not Needed
8559,205167,2025-02-22,4702,358,2,1,5.74,Quality Issue
8560,163335,2024-12-03,11448,469,3,1,6.79,Not Needed
8561,266017,2025-06-25,19187,167,25,2,20.84,Late Delivery
8562,67470,2024-06-09,19383,84,7,2,7.97,Wrong Item
8563,2578,2024-01-15,3249,206,33,1,41.62,Not Needed
8564,360013,2025-12-16,21302,90,1,1,3.58,Not Needed
8565,173052,2024-12-26,13291,661,22,1,250.19,Quality Issue
8566,287982,2025-08-01,5106,666,30,1,365.78,Not Needed
8567,238249,2025-04-19,9519,15,31,1,24.02,Not Needed
8568,141709,2024-10-26,21959,684,25,1,114.08,Wrong Item
8569,210816,2025-02-27,16335,495,2,2,33.62,Not Needed
8570,10121,2024-01-26,19116,109,18,1,3.49,Wrong Item
8571,332610,2025-10-26,3159,584,27,2,49.36,Quality Issue
8572,115313,2024-09-10,921,626,14,1,307.58,Damaged
8573,25185,2024-03-09,24964,288,24,1,25.58,Late Delivery
8574,172327,2024-12-10,1935,53,24,1,11.17,Not Needed
8575,249332,2025-05-11,12204,107,13,1,4.74,Quality Issue
8576,188831,2025-01-05,18325,204,9,2,9.41,Late Delivery
8577,75574,2024-06-24,12475,455,3,1,10.78,Quality Issue
8578,129819,2024-09-30,11888,678,17,2,477.07,Quality Issue
8579,360546,2025-12-30,7954,653,27,1,189.93,Late Delivery
8580,127589,2024-09-29,1508,200,6,2,8.3,Quality Issue
8581,168183,2024-12-21,3458,221,7,1,12.9,Quality Issue
8582,150043,2024-11-06,4710,481,15,1,25.81,Quality Issue
8583,219661,2025-03-14,8155,61,30,1,7.66,Damaged
8584,321883,2025-10-05,12188,675,33,1,91.11,Quality Issue
8585,290139,2025-07-30,3464,701,27,1,315.39,Damaged
8586,291160,2025-08-01,17379,291,12,1,45.14,Not Needed
8587,35958,2024-03-28,5667,513,22,1,4.95,Wrong Item
8588,219420,2025-03-17,1860,329,14,1,9.51,Late Delivery
8589,96885,2024-08-04,7443,542,19,1,4.4,Quality Issue
8590,55216,2024-05-05,17,402,29,1,22.3,Damaged
8591,19158,2024-02-20,133,560,1,1,13.38,Damaged
8592,311473,2025-09-23,14057,435,12,2,15.13,Late Delivery
8593,287064,2025-08-04,22053,371,19,1,20.83,Quality Issue
8594,181080,2025-01-05,16332,481,26,1,18.04,Damaged
8595,274636,2025-07-02,16273,250,34,1,4.87,Damaged
8596,72029,2024-06-09,5081,190,9,1,45.12,Wrong Item
8597,52687,2024-05-01,14616,149,13,1,10.2,Damaged
8598,268016,2025-06-13,20807,137,26,1,15.3,Wrong Item
8599,315224,2025-10-05,20796,535,17,1,4.49,Not Needed
8600,285800,2025-07-28,19559,85,5,1,13.74,Damaged
8601,55179,2024-05-12,16717,86,16,1,14.92,Quality Issue
8602,303077,2025-09-07,14628,318,28,1,3.72,Quality Issue
8603,193911,2025-02-01,380,390,32,1,4.42,Quality Issue
8604,100546,2024-08-06,14172,486,26,1,23.43,Damaged
8605,334868,2025-11-06,6392,67,28,1,4.16,Not Needed
8606,194813,2025-02-01,22868,555,1,1,14.84,Quality Issue
8607,367886,2026-01-03,3745,23,6,2,13.97,Quality Issue
8608,358237,2025-12-20,9429,350,24,2,16.69,Not Needed
8609,254088,2025-06-03,3587,570,23,1,19.07,Damaged
8610,139135,2024-10-13,6626,173,24,1,15.53,Late Delivery
8611,286546,2025-07-20,8629,191,10,2,4.34,Damaged
8612,213148,2025-03-12,16216,274,21,1,14.95,Not Needed
8613,125244,2024-10-02,4872,159,13,1,18.86,Damaged
8614,249789,2025-05-24,7630,187,17,1,15.83,Wrong Item
8615,96806,2024-07-29,14982,63,18,2,16.1,Late Delivery
8616,116930,2024-09-03,2959,135,33,2,13.42,Not Needed
8617,309274,2025-09-09,14573,173,11,1,32.17,Not Needed
8618,65701,2024-05-21,539,79,15,1,47.56,Not Needed
8619,197314,2025-02-06,24514,33,17,2,9.75,Wrong Item
8620,59932,2024-05-09,18157,376,4,2,34.59,Not Needed
8621,278040,2025-07-02,8693,48,18,1,0.84,Not Needed
8622,258504,2025-06-08,243,72,19,2,4.17,Quality Issue
8623,139252,2024-10-19,4002,38,24,1,1.32,Quality Issue
8624,309671,2025-09-12,15089,36,2,2,11.84,Quality Issue
8625,275933,2025-07-03,7835,171,33,1,11.21,Late Delivery
8626,116742,2024-09-03,5680,30,21,1,1.71,Not Needed
8627,9929,2024-02-05,3907,708,8,1,55.95,Quality Issue
8628,214016,2025-03-08,19196,529,11,1,26.91,Quality Issue
8629,265496,2025-06-11,4772,532,31,1,24.02,Late Delivery
8630,170127,2024-12-24,23871,579,32,2,42.49,Quality Issue
8631,234278,2025-04-09,1153,566,11,2,97.19,Quality Issue
8632,16604,2024-02-16,1605,354,3,1,4.6,Late Delivery
8633,74206,2024-06-09,5162,285,23,2,66.69,Not Needed
8634,31076,2024-03-27,7688,653,34,1,210.04,Not Needed
8635,66558,2024-06-03,20994,351,12,1,56.4,Quality Issue
8636,24035,2024-02-27,8555,54,8,1,1.82,Late Delivery
8637,326674,2025-10-22,21563,311,34,1,22.59,Not Needed
8638,307404,2025-09-17,680,101,2,1,5.49,Quality Issue
8639,29784,2024-03-26,21001,447,14,2,68.64,Not Needed
8640,269661,2025-06-29,8480,712,15,1,370.32,Quality Issue
8641,365054,2026-01-09,24500,611,13,1,12.17,Quality Issue
8642,143534,2024-10-30,17227,36,6,1,29.9,Late Delivery
8643,37726,2024-03-28,14032,371,19,1,10.09,Quality Issue
8644,14229,2024-02-03,23546,9,3,1,5.41,Quality Issue
8645,225033,2025-03-29,3135,534,27,1,4.51,Not Needed
8646,232453,2025-04-19,7073,111,14,1,14.54,Wrong Item
8647,1083,2024-01-04,19128,347,10,2,4.27,Damaged
8648,28940,2024-03-11,10226,233,30,1,56.16,Quality Issue
8649,293559,2025-08-14,3558,351,12,2,70.21,Not Needed
8650,179428,2024-12-21,929,657,21,1,180.35,Damaged
8651,305758,2025-08-27,7048,30,19,2,4.79,Late Delivery
8652,30316,2024-03-16,45,178,14,2,28.81,Damaged
8653,154612,2024-11-25,17952,272,4,1,15.23,Late Delivery
8654,278091,2025-07-11,8206,392,2,2,42.43,Not Needed
8655,362373,2026-01-03,11584,137,30,1,9.1,Late Delivery
8656,58752,2024-05-23,8651,115,14,2,4.94,Late Delivery
8657,159753,2024-12-02,4318,152,34,1,3.42,Late Delivery
8658,333361,2025-11-05,3655,367,11,1,13.11,Not Needed
8659,182386,2025-01-10,19363,255,9,2,41.98,Quality Issue
8660,270087,2025-06-28,1567,149,17,1,2.4,Damaged
8661,218040,2025-03-24,10586,211,14,1,10.54,Quality Issue
8662,227361,2025-04-01,5196,435,25,1,20.01,Not Needed
8663,92808,2024-07-14,19855,146,23,1,4.16,Damaged
8664,365145,2025-12-27,10446,496,14,2,28.39,Quality Issue
8665,175526,2024-12-18,24475,112,14,2,12.86,Late Delivery
8666,134504,2024-10-07,3162,147,12,2,12.93,Quality Issue
8667,349323,2025-12-12,14871,580,10,1,1.46,Late Delivery
8668,26823,2024-03-10,14207,533,25,1,24.33,Quality Issue
8669,29375,2024-03-11,6410,218,30,1,4.54,Not Needed
8670,87761,2024-07-07,1387,158,28,2,23.1,Quality Issue
8671,32946,2024-03-19,7734,223,17,1,20.04,Not Needed
8672,136887,2024-10-23,14310,82,21,2,7.98,Not Needed
8673,34413,2024-03-26,10708,121,33,2,5.78,Damaged
8674,258754,2025-05-25,18993,275,14,1,10.49,Not Needed
8675,301789,2025-08-23,7296,281,28,1,18.83,Quality Issue
8676,102999,2024-08-06,1323,60,32,2,14.58,Not Needed
8677,339806,2025-11-28,3802,7,9,1,5.37,Not Needed
8678,22332,2024-02-21,8370,624,3,1,29.45,Not Needed
8679,223236,2025-03-29,15155,122,30,1,13.47,Quality Issue
8680,289092,2025-07-29,9464,325,14,1,38.72,Wrong Item
8681,183221,2025-01-03,1206,63,2,1,8.12,Quality Issue
8682,142836,2024-10-30,17843,92,22,1,2.73,Quality Issue
8683,134720,2024-10-15,14628,458,22,2,26.16,Quality Issue
8684,295223,2025-08-16,1797,378,31,1,7.8,Damaged
8685,189210,2025-01-06,20386,11,15,2,15.96,Not Needed
8686,364764,2026-01-06,4210,241,9,1,44.94,Damaged
8687,295674,2025-08-07,11704,455,24,1,12.42,Not Needed
8688,143091,2024-10-27,24003,148,17,1,13.57,Damaged
8689,35473,2024-03-25,18585,242,15,1,31.95,Not Needed
8690,69487,2024-06-04,15827,206,6,2,11.92,Late Delivery
8691,57690,2024-05-15,20894,396,8,2,20.33,Quality Issue
8692,315670,2025-09-26,13609,455,28,1,14.39,Not Needed
8693,74808,2024-06-24,12540,590,10,1,51.06,Not Needed
8694,218657,2025-03-20,20873,457,6,2,44.95,Not Needed
8695,56974,2024-05-18,2727,529,29,1,55.29,Not Needed
8696,105839,2024-08-21,17845,694,5,1,158.82,Damaged
8697,185487,2025-01-15,21981,205,21,1,2.01,Late Delivery
8698,309463,2025-09-07,24011,700,15,1,163.61,Quality Issue
8699,286293,2025-08-01,16063,495,14,1,14.86,Not Needed
8700,156952,2024-11-21,19944,135,18,1,4.03,Not Needed
8701,2739,2024-01-23,5184,100,18,2,17.76,Quality Issue
8702,310524,2025-09-19,6917,444,5,1,6.56,Not Needed
8703,205495,2025-02-09,23069,228,16,1,24.56,Quality Issue
8704,328831,2025-11-01,16977,310,3,2,14.03,Wrong Item
8705,311419,2025-09-23,3477,76,8,2,9.27,Damaged
8706,73601,2024-06-18,22426,437,19,1,60.79,Quality Issue
8707,229203,2025-04-14,275,539,23,1,34.35,Quality Issue
8708,315150,2025-09-25,24720,549,22,1,10.22,Not Needed
8709,242293,2025-04-29,23680,17,18,2,4.5,Quality Issue
8710,95177,2024-08-01,21547,129,5,2,9.33,Not Needed
8711,258580,2025-05-23,3468,444,31,1,8.91,Late Delivery
8712,239326,2025-05-05,18592,7,15,2,23.97,Quality Issue
8713,90,2024-01-12,16842,617,5,1,591.38,Quality Issue
8714,350633,2025-12-11,21166,319,8,1,4.9,Damaged
8715,237030,2025-04-12,21841,160,13,1,30.42,Damaged
8716,334437,2025-11-04,18399,1,21,2,3.61,Not Needed
8717,101098,2024-08-04,18273,432,14,2,11.56,Not Needed
8718,235715,2025-04-14,1573,223,10,2,37.37,Not Needed
8719,365197,2026-01-08,16041,42,23,2,9.97,Not Needed
8720,220748,2025-03-25,7948,483,13,1,4.23,Damaged
8721,195980,2025-01-28,18703,155,26,1,27.0,Not Needed
8722,347191,2025-12-07,23629,60,25,2,11.52,Wrong Item
8723,286779,2025-08-01,5781,387,20,1,15.87,Late Delivery
8724,130354,2024-09-24,5724,313,32,2,11.09,Not Needed
8725,52533,2024-05-06,13460,93,4,2,5.16,Not Needed
8726,64629,2024-06-01,13602,108,9,1,2.92,Quality Issue
8727,275515,2025-07-05,2010,46,29,1,7.79,Late Delivery
8728,168969,2024-12-14,1588,162,17,1,8.43,Not Needed
8729,346025,2025-11-22,7922,331,34,1,15.06,Not Needed
8730,27357,2024-03-13,1497,204,3,1,6.84,Not Needed
8731,227821,2025-04-11,6834,216,18,1,12.46,Not Needed
8732,103847,2024-08-03,15315,587,33,1,35.95,Not Needed
8733,168079,2024-12-18,18646,524,2,2,67.8,Late Delivery
8734,14142,2024-02-06,12546,106,18,1,1.67,Not Needed
8735,137620,2024-10-13,6336,107,18,1,3.9,Not Needed
8736,311487,2025-09-23,22715,191,8,1,1.56,Not Needed
8737,232038,2025-04-18,589,242,23,1,35.05,Damaged
8738,175476,2024-12-26,9405,395,3,1,15.58,Not Needed
8739,152401,2024-11-09,5456,101,3,1,14.47,Late Delivery
8740,217173,2025-03-05,11320,602,27,1,53.96,Not Needed
8741,90071,2024-07-13,8202,248,18,1,10.19,Not Needed
8742,89343,2024-07-08,11806,186,18,2,17.7,Damaged
8743,52387,2024-05-09,2349,458,31,2,24.58,Not Needed
8744,12889,2024-02-11,245,548,4,2,54.46,Quality Issue
8745,110244,2024-08-15,9894,603,7,1,468.33,Quality Issue
8746,362704,2025-12-27,10717,664,19,2,445.36,Not Needed
8747,368329,2026-01-12,23773,594,27,1,90.13,Late Delivery
8748,159259,2024-11-21,183,218,2,1,3.62,Wrong Item
8749,345980,2025-11-25,11768,19,3,2,32.92,Late Delivery
8750,206778,2025-02-15,14114,317,10,1,14.83,Not Needed
8751,258722,2025-05-29,24087,85,10,1,3.11,Not Needed
8752,241542,2025-05-10,16726,473,6,1,7.91,Late Delivery
8753,183542,2025-01-04,23199,576,1,1,22.27,Wrong Item
8754,306840,2025-09-07,22206,438,25,1,10.67,Late Delivery
8755,339545,2025-11-26,4685,334,32,1,15.59,Not Needed
8756,267585,2025-06-18,22944,198,15,2,14.2,Damaged
8757,85367,2024-07-01,12332,140,11,2,24.81,Not Needed
8758,129545,2024-09-24,2081,43,22,1,25.86,Late Delivery
8759,264100,2025-06-08,9600,509,23,2,35.38,Late Delivery
8760,334501,2025-11-11,13829,512,6,1,17.19,Damaged
8761,198119,2025-02-03,17943,158,34,1,6.17,Quality Issue
8762,78140,2024-06-29,15488,457,16,2,41.67,Not Needed
8763,252183,2025-05-23,1828,549,34,1,4.16,Damaged
8764,190410,2025-01-13,11983,301,14,2,29.29,Wrong Item
8765,305036,2025-09-03,9453,145,12,2,12.56,Quality Issue
8766,326676,2025-10-17,6320,156,18,2,1.98,Damaged
8767,247635,2025-05-17,8439,163,28,1,3.66,Damaged
8768,256709,2025-06-07,17394,640,21,2,486.65,Not Needed
8769,239761,2025-05-04,24104,543,2,1,45.15,Quality Issue
8770,341486,2025-11-15,17860,169,23,2,19.14,Quality Issue
8771,129831,2024-10-08,22432,210,30,1,7.79,Not Needed
8772,2588,2024-01-14,3329,14,25,1,5.53,Wrong Item
8773,114648,2024-08-25,11992,479,19,1,22.44,Not Needed
8774,200577,2025-02-13,9230,151,30,1,24.15,Quality Issue
8775,85802,2024-06-30,18170,523,16,1,90.3,Damaged
8776,126360,2024-09-25,10717,177,29,1,17.71,Not Needed
8777,25279,2024-02-27,8108,622,7,1,52.39,Damaged
8778,167826,2024-12-13,21345,180,9,1,2.61,Quality Issue
8779,54629,2024-05-03,17717,57,34,1,0.7,Damaged
8780,321605,2025-10-08,15148,434,16,1,12.39,Not Needed
8781,342264,2025-11-21,14283,501,18,1,38.34,Not Needed
8782,317839,2025-10-03,966,218,3,2,13.24,Quality Issue
8783,296,2024-01-11,23618,38,27,2,4.7,Quality Issue
8784,57164,2024-05-10,7745,308,2,1,29.9,Quality Issue
8785,295952,2025-08-07,10052,388,30,2,60.6,Late Delivery
8786,338622,2025-11-17,5614,152,13,2,15.32,Not Needed
8787,338457,2025-11-24,11709,14,15,2,11.44,Quality Issue
8788,322857,2025-10-12,23114,175,27,2,5.94,Late Delivery
8789,268352,2025-06-30,22600,66,31,1,7.56,Damaged
8790,276654,2025-07-12,23892,132,11,2,19.3,Damaged
8791,251435,2025-05-16,6274,17,30,2,6.76,Late Delivery
8792,1311,2024-01-12,1514,178,24,1,25.02,Damaged
8793,250341,2025-05-19,23312,12,29,1,19.07,Not Needed
8794,350535,2025-12-13,11342,45,5,1,3.62,Quality Issue
8795,81906,2024-06-23,19994,114,8,1,3.75,Wrong Item
8796,288801,2025-07-26,21298,485,14,1,40.47,Not Needed
8797,299811,2025-08-25,8211,291,18,1,31.03,Damaged
8798,21158,2024-02-22,3493,384,13,1,16.2,Quality Issue
8799,61213,2024-05-23,451,560,9,1,7.07,Wrong Item
8800,366103,2025-12-31,13270,62,17,1,7.84,Damaged
8801,152120,2024-11-14,13001,358,22,2,5.7,Quality Issue
8802,177420,2024-12-31,14885,327,18,1,24.24,Not Needed
8803,45136,2024-04-24,14837,349,11,2,49.57,Not Needed
8804,255045,2025-05-27,8252,491,30,1,9.35,Late Delivery
8805,286327,2025-07-16,24782,523,33,1,17.0,Late Delivery
8806,124820,2024-09-19,11124,207,19,1,21.75,Wrong Item
8807,29736,2024-03-14,20992,81,26,2,9.09,Damaged
8808,43202,2024-04-22,15979,702,1,1,173.72,Not Needed
8809,901,2024-01-17,18656,357,25,1,15.49,Quality Issue
8810,23828,2024-03-10,8681,369,18,1,24.48,Not Needed
8811,280075,2025-07-03,1284,506,32,1,10.8,Damaged
8812,248924,2025-05-08,18158,707,20,1,516.23,Not Needed
8813,181814,2025-01-12,8932,369,28,1,7.29,Not Needed
8814,322396,2025-10-21,4521,165,4,2,24.34,Quality Issue
8815,205344,2025-02-11,17057,5,27,2,12.63,Not Needed
8816,329555,2025-11-08,4474,302,2,2,16.23,Quality Issue
8817,81103,2024-07-08,10727,182,30,2,16.28,Damaged
8818,327216,2025-10-30,13217,271,6,2,8.09,Damaged
8819,179554,2024-12-27,10522,103,15,1,22.68,Damaged
8820,169761,2024-12-22,4081,287,21,2,21.1,Damaged
8821,89892,2024-07-24,2149,63,31,2,39.88,Not Needed
8822,163376,2024-12-13,15204,459,17,1,69.66,Damaged
8823,277960,2025-07-05,22825,685,9,1,94.14,Not Needed
8824,67908,2024-06-08,1375,292,6,1,8.44,Wrong Item
8825,222254,2025-03-23,1845,217,9,1,23.08,Not Needed
8826,219168,2025-03-19,6199,648,12,1,154.89,Damaged
8827,209840,2025-03-05,5481,29,19,1,26.27,Damaged
8828,168438,2024-12-10,12063,114,2,1,3.36,Wrong Item
8829,19639,2024-02-17,6732,532,28,2,55.65,Not Needed
8830,334303,2025-11-01,10682,314,14,1,80.57,Not Needed
8831,203858,2025-02-11,8840,4,30,1,32.42,Not Needed
8832,311753,2025-09-16,4072,434,10,1,8.29,Damaged
8833,55190,2024-05-10,1073,51,17,1,12.02,Not Needed
8834,169229,2024-12-17,2919,32,29,2,26.44,Wrong Item
8835,7900,2024-01-29,22704,565,27,1,24.35,Not Needed
8836,330239,2025-10-24,11141,555,34,2,83.11,Not Needed
8837,332338,2025-11-05,23182,221,4,1,1.46,Wrong Item
8838,120897,2024-09-19,20805,245,31,2,20.18,Wrong Item
8839,77329,2024-06-18,1808,634,13,1,196.02,Not Needed
8840,272348,2025-06-19,14688,28,1,1,23.1,Damaged
8841,247077,2025-05-06,24336,116,2,2,6.43,Quality Issue
8842,181730,2025-01-07,16975,140,29,1,5.76,Not Needed
8843,93678,2024-07-30,18148,508,12,1,13.04,Damaged
8844,220839,2025-03-20,7143,710,7,1,85.24,Wrong Item
8845,337029,2025-11-22,9584,317,5,1,2.17,Not Needed
8846,334497,2025-11-04,1099,237,24,1,111.47,Quality Issue
8847,151677,2024-11-17,24320,523,30,2,43.75,Quality Issue
8848,5099,2024-02-01,21296,36,28,1,9.79,Damaged
8849,12190,2024-02-17,8212,13,34,1,15.1,Wrong Item
8850,104905,2024-08-22,19790,325,11,1,29.92,Late Delivery
8851,95103,2024-07-29,7638,300,27,1,9.8,Late Delivery
8852,178212,2025-01-03,7009,61,9,2,10.28,Damaged
8853,26437,2024-03-16,14042,47,28,2,19.6,Late Delivery
8854,318042,2025-09-24,23957,413,33,1,13.91,Not Needed
8855,102420,2024-07-31,4331,178,33,2,21.74,Quality Issue
8856,131172,2024-10-08,16237,61,22,2,22.14,Not Needed
8857,157149,2024-11-29,17553,174,8,2,8.41,Quality Issue
8858,77223,2024-06-20,10279,185,10,1,3.5,Late Delivery
8859,38901,2024-03-29,10471,584,32,2,60.42,Not Needed
8860,48501,2024-04-16,45,98,29,1,1.73,Late Delivery
8861,58181,2024-05-19,4790,369,14,1,25.89,Quality Issue
8862,180731,2024-12-24,1001,711,6,1,20.33,Quality Issue
8863,143538,2024-10-25,10197,303,32,2,30.7,Not Needed
8864,10024,2024-02-11,23000,31,12,1,4.0,Not Needed
8865,109155,2024-08-14,3161,497,24,1,6.21,Damaged
8866,307149,2025-09-08,7135,400,33,1,15.47,Late Delivery
8867,335828,2025-11-21,23051,557,5,1,1.95,Late Delivery
8868,298846,2025-08-31,1646,546,25,1,13.89,Not Needed
8869,132199,2024-10-08,12504,546,14,1,20.69,Not Needed
8870,175329,2024-12-18,23640,502,28,1,19.37,Not Needed
8871,106194,2024-08-09,10852,648,7,1,175.79,Not Needed
8872,224476,2025-03-29,118,125,9,2,20.01,Late Delivery
8873,366772,2025-12-30,14743,34,12,1,13.17,Damaged
8874,202622,2025-02-18,11995,170,16,1,4.93,Not Needed
8875,309117,2025-09-14,9986,352,32,1,7.01,Late Delivery
8876,4235,2024-01-20,14533,417,14,1,34.88,Not Needed
8877,331307,2025-11-04,24357,81,18,2,9.45,Quality Issue
8878,145813,2024-10-28,9466,413,24,1,4.28,Not Needed
8879,4423,2024-01-12,20065,320,32,1,16.69,Not Needed
8880,45498,2024-04-14,6751,408,29,1,16.84,Quality Issue
8881,198523,2025-02-08,14973,334,2,1,15.29,Not Needed
8882,142557,2024-10-18,11235,351,32,1,50.41,Damaged
8883,306434,2025-09-16,18983,527,31,2,46.83,Damaged
8884,328483,2025-10-18,15384,199,16,1,11.21,Quality Issue
8885,21768,2024-03-05,15586,586,14,1,195.69,Late Delivery
8886,256252,2025-05-25,21822,656,18,1,146.8,Quality Issue
8887,65000,2024-05-21,15035,475,33,1,20.78,Late Delivery
8888,313989,2025-10-01,6518,22,16,2,24.8,Wrong Item
8889,245543,2025-05-02,12507,183,12,1,15.13,Late Delivery
8890,258061,2025-06-03,18529,236,11,2,9.29,Damaged
8891,269282,2025-07-02,19684,117,4,2,13.05,Late Delivery
8892,89578,2024-07-07,24206,555,31,1,15.53,Damaged
8893,337215,2025-11-09,13575,23,20,2,28.78,Quality Issue
8894,363306,2026-01-01,13737,400,23,2,37.88,Damaged
8895,137660,2024-10-09,8182,53,8,1,13.96,Late Delivery
8896,72154,2024-06-04,10896,75,32,2,34.06,Wrong Item
8897,287407,2025-07-29,4942,328,30,2,28.76,Quality Issue
8898,221153,2025-03-16,16546,497,14,1,4.22,Damaged
8899,51369,2024-04-27,10167,8,15,1,5.91,Quality Issue
8900,368784,2026-01-17,12739,233,30,1,27.89,Not Needed
8901,144769,2024-11-10,10113,390,26,1,5.18,Not Needed
8902,234858,2025-04-08,24875,77,30,1,12.82,Quality Issue
8903,230346,2025-04-09,3542,377,26,1,48.62,Not Needed
8904,175639,2025-01-02,142,244,27,1,16.66,Not Needed
8905,252736,2025-05-15,15579,175,3,1,10.07,Damaged
8906,99076,2024-07-27,15037,709,5,1,218.44,Damaged
8907,46702,2024-04-30,15878,97,13,1,0.99,Damaged
8908,294087,2025-08-16,3549,97,33,2,5.45,Quality Issue
8909,171418,2024-12-07,12559,164,8,2,27.87,Quality Issue
8910,155704,2024-11-15,3364,109,14,2,9.19,Not Needed
8911,82023,2024-06-27,20748,285,6,2,63.15,Not Needed
8912,235518,2025-04-09,18682,116,6,1,3.93,Not Needed
8913,243756,2025-05-14,2436,616,9,1,195.31,Late Delivery
8914,93609,2024-07-15,4736,501,10,1,24.75,Not Needed
8915,77010,2024-06-26,22705,14,18,2,15.41,Quality Issue
8916,231159,2025-04-12,12576,103,4,2,20.12,Not Needed
8917,179571,2025-01-07,18136,326,32,2,12.69,Not Needed
8918,316727,2025-10-08,5821,41,20,1,8.3,Quality Issue
8919,166685,2024-12-13,18628,267,29,1,24.48,Not Needed
8920,127242,2024-09-19,5034,192,23,2,35.81,Not Needed
8921,306092,2025-09-04,12907,349,9,2,20.07,Late Delivery
8922,111897,2024-08-31,9135,357,25,1,6.85,Late Delivery
8923,188120,2025-01-03,17737,369,20,1,8.11,Damaged
8924,292903,2025-08-18,15239,677,10,1,22.4,Quality Issue
8925,274785,2025-07-01,13802,372,7,1,16.04,Not Needed
8926,290528,2025-07-25,15381,143,29,1,7.23,Late Delivery
8927,304812,2025-09-07,9925,221,17,1,11.16,Late Delivery
8928,95401,2024-07-28,11872,234,6,1,6.89,Quality Issue
8929,47154,2024-04-24,7104,568,14,2,15.81,Damaged
8930,368645,2026-01-09,2777,665,31,1,327.73,Not Needed
8931,319454,2025-10-09,12864,353,10,1,52.98,Late Delivery
8932,69962,2024-06-15,5034,30,6,1,1.7,Damaged
8933,113564,2024-09-04,13649,490,32,1,72.36,Damaged
8934,351155,2025-12-15,3908,32,29,1,42.52,Not Needed
8935,57008,2024-05-19,20939,346,18,1,20.58,Not Needed
8936,31281,2024-03-12,1709,195,29,1,12.85,Not Needed
8937,61035,2024-05-30,9060,662,8,1,20.04,Not Needed
8938,34912,2024-03-25,10711,54,20,1,11.14,Damaged
8939,58816,2024-05-09,10271,52,12,2,3.71,Not Needed
8940,143364,2024-11-06,15939,414,9,1,10.18,Late Delivery
8941,91501,2024-07-28,653,337,26,1,47.6,Wrong Item
8942,101450,2024-07-30,6676,483,4,2,8.37,Late Delivery
8943,247016,2025-05-15,18650,165,17,2,64.68,Late Delivery
8944,283107,2025-07-23,5354,247,23,1,14.39,Not Needed
8945,342406,2025-11-18,12085,205,25,1,2.79,Wrong Item
8946,60433,2024-05-23,10225,123,11,1,9.91,Wrong Item
8947,152032,2024-11-06,5363,310,34,2,9.31,Quality Issue
8948,94374,2024-07-26,20173,200,14,1,3.27,Wrong Item
8949,218071,2025-03-06,24762,136,30,1,6.65,Quality Issue
8950,302847,2025-09-03,9997,522,3,1,27.51,Not Needed
8951,59068,2024-05-15,14178,535,14,2,19.41,Not Needed
8952,53540,2024-05-08,21004,199,32,1,8.45,Quality Issue
8953,227974,2025-03-25,13473,138,1,1,33.49,Not Needed
8954,463,2024-01-06,9121,498,34,1,68.29,Damaged
8955,209737,2025-02-22,4016,213,14,2,28.41,Not Needed
8956,5682,2024-02-01,3239,276,8,1,40.84,Quality Issue
8957,362519,2025-12-25,11180,486,25,1,59.13,Damaged
8958,105081,2024-08-16,2431,67,33,2,18.14,Late Delivery
8959,29041,2024-03-25,9487,246,14,1,43.17,Quality Issue
8960,123874,2024-09-12,14690,318,2,1,6.83,Wrong Item
8961,336640,2025-11-23,1598,17,21,2,3.53,Damaged
8962,347252,2025-11-27,18582,591,33,1,305.73,Not Needed
8963,31896,2024-03-13,14153,685,21,1,181.17,Not Needed
8964,95992,2024-07-30,4005,597,17,1,55.17,Quality Issue
8965,324304,2025-10-24,24769,491,17,1,9.88,Quality Issue
8966,333416,2025-11-06,24243,14,22,1,4.24,Late Delivery
8967,99032,2024-08-06,21323,197,33,2,2.12,Not Needed
8968,81984,2024-07-06,17926,373,5,2,41.89,Damaged
8969,359500,2025-12-16,8333,575,18,2,36.92,Quality Issue
8970,88313,2024-07-16,11051,613,13,1,353.94,Not Needed
8971,21633,2024-03-03,20774,561,31,1,7.08,Late Delivery
8972,201843,2025-02-05,13359,99,18,1,10.66,Late Delivery
8973,12756,2024-02-08,4563,397,29,1,27.64,Quality Issue
8974,232027,2025-04-18,24878,641,25,1,137.62,Not Needed
8975,152913,2024-11-24,5605,199,14,1,24.41,Damaged
8976,33045,2024-03-29,1862,399,27,2,18.12,Not Needed
8977,101574,2024-08-05,11585,126,25,1,35.43,Not Needed
8978,118316,2024-09-08,14161,410,3,1,23.3,Not Needed
8979,276677,2025-07-01,10655,38,10,1,1.39,Not Needed
8980,109921,2024-08-29,7107,71,7,1,6.96,Wrong Item
8981,263405,2025-06-11,21751,396,34,2,23.0,Damaged
8982,325060,2025-10-14,19823,108,29,1,12.36,Damaged
8983,96343,2024-07-28,8654,461,5,1,12.98,Quality Issue
8984,54982,2024-05-06,22057,148,7,1,5.31,Damaged
8985,159799,2024-12-03,24866,654,12,1,370.64,Late Delivery
8986,229723,2025-04-03,3857,203,21,1,2.93,Late Delivery
8987,124286,2024-09-17,10428,300,22,1,18.79,Quality Issue
8988,62495,2024-05-30,3285,140,6,1,6.07,Not Needed
8989,282418,2025-07-22,5957,452,11,1,5.98,Not Needed
8990,130495,2024-10-10,12575,73,18,1,13.11,Damaged
8991,171462,2024-12-13,20693,368,33,1,4.24,Quality Issue
8992,264746,2025-06-07,13213,138,8,2,17.88,Not Needed
8993,310959,2025-09-22,1127,43,19,2,17.86,Damaged
8994,87348,2024-07-10,14215,171,11,2,12.86,Quality Issue
8995,125228,2024-09-16,11881,451,13,1,41.67,Not Needed
8996,202568,2025-02-04,16352,213,14,1,7.09,Not Needed
8997,159140,2024-12-03,717,68,21,2,40.48,Quality Issue
8998,294460,2025-08-09,3043,439,34,2,37.61,Not Needed
8999,320669,2025-10-05,7999,591,30,1,290.75,Damaged
9000,340872,2025-11-15,17176,45,3,1,14.07,Quality Issue
9001,206963,2025-02-24,23286,649,8,1,145.88,Not Needed
9002,320518,2025-10-04,9899,680,7,1,364.79,Late Delivery
9003,63099,2024-05-22,18162,130,2,2,4.27,Late Delivery
9004,56574,2024-05-19,17100,67,32,2,16.09,Damaged
9005,51863,2024-04-30,1091,249,28,1,29.73,Damaged
9006,173060,2024-12-20,15656,112,22,1,11.67,Wrong Item
9007,82086,2024-07-03,5788,378,14,1,10.77,Quality Issue
9008,261335,2025-06-17,13981,310,8,2,8.89,Quality Issue
9009,103236,2024-08-11,10041,167,21,1,27.27,Not Needed
9010,275622,2025-06-26,11949,180,31,1,4.36,Late Delivery
9011,24804,2024-03-02,21012,681,32,1,135.58,Not Needed
9012,318718,2025-10-06,8345,425,2,1,14.37,Quality Issue
9013,135862,2024-10-18,14034,516,11,2,26.12,Late Delivery
9014,133697,2024-10-14,8898,514,20,1,34.23,Not Needed
9015,195589,2025-01-20,17194,633,24,1,282.91,Not Needed
9016,84233,2024-07-06,17578,508,1,1,45.87,Late Delivery
9017,86369,2024-07-03,11275,452,18,1,24.36,Not Needed
9018,280498,2025-07-11,12675,56,1,1,6.92,Not Needed
9019,109871,2024-09-01,12164,309,32,1,94.19,Not Needed
9020,68877,2024-06-06,8983,629,2,1,37.17,Late Delivery
9021,97614,2024-07-30,24795,146,27,1,4.12,Quality Issue
9022,75487,2024-06-21,330,216,14,1,7.57,Quality Issue
9023,267939,2025-06-24,16617,540,6,1,15.98,Damaged
9024,161407,2024-12-07,3583,196,34,2,8.95,Not Needed
9025,283363,2025-07-29,13911,687,16,1,143.45,Not Needed
9026,233179,2025-04-11,12040,373,12,1,21.82,Late Delivery
9027,285316,2025-07-30,23521,363,34,1,7.44,Quality Issue
9028,148234,2024-11-04,6978,436,23,2,15.41,Not Needed
9029,197681,2025-02-07,18392,30,6,1,8.89,Quality Issue
9030,66876,2024-06-06,3735,114,4,1,16.64,Quality Issue
9031,311755,2025-09-20,19251,496,25,1,24.25,Wrong Item
9032,120313,2024-09-19,3219,522,5,1,22.49,Not Needed
9033,132153,2024-10-03,17224,138,7,2,31.62,Damaged
9034,97967,2024-07-24,9109,192,9,1,29.17,Not Needed
9035,360898,2025-12-20,2562,206,17,2,30.81,Damaged
9036,273367,2025-07-09,14452,75,15,1,53.07,Quality Issue
9037,351242,2025-12-10,11882,296,14,1,6.1,Late Delivery
9038,83712,2024-07-09,10223,257,33,1,9.01,Quality Issue
9039,341040,2025-11-23,5007,210,28,2,27.98,Damaged
9040,202790,2025-02-10,18421,341,20,1,9.52,Quality Issue
9041,118520,2024-09-05,20617,190,20,1,31.44,Not Needed
9042,267149,2025-06-16,14938,180,11,1,6.14,Not Needed
9043,131166,2024-10-07,20131,166,5,1,4.17,Not Needed
9044,216157,2025-03-17,23896,9,13,2,16.6,Damaged
9045,87262,2024-07-13,8361,253,10,1,85.83,Wrong Item
9046,60878,2024-05-15,24730,104,6,2,27.88,Not Needed
9047,366333,2026-01-10,22170,350,26,1,13.81,Not Needed
9048,29093,2024-03-15,5268,163,12,1,14.21,Not Needed
9049,21138,2024-02-29,3782,33,30,1,13.04,Not Needed
9050,19928,2024-02-25,12406,307,27,1,31.08,Not Needed
9051,321419,2025-10-11,8555,268,22,1,17.32,Damaged
9052,44596,2024-04-13,7130,246,16,1,44.45,Quality Issue
9053,37395,2024-04-02,8030,485,20,1,19.75,Quality Issue
9054,136584,2024-10-15,640,370,19,1,17.08,Quality Issue
9055,82633,2024-07-11,20287,180,32,2,3.97,Quality Issue
9056,22360,2024-02-22,6514,163,21,2,4.85,Late Delivery
9057,107263,2024-08-20,24500,9,30,2,11.13,Wrong Item
9058,141043,2024-10-27,22504,344,8,1,53.69,Damaged
9059,257182,2025-06-07,8571,90,10,2,13.41,Wrong Item
9060,356558,2025-12-10,8074,395,14,1,11.09,Not Needed
9061,285064,2025-07-17,2087,684,8,1,54.22,Late Delivery
9062,264118,2025-06-16,1033,158,6,1,23.94,Damaged
9063,131855,2024-10-01,22343,556,15,1,27.41,Damaged
9064,111925,2024-08-24,17325,625,19,1,508.72,Wrong Item
9065,241411,2025-04-25,13424,64,31,1,9.01,Late Delivery
9066,219764,2025-03-13,4331,15,16,2,9.18,Damaged
9067,108111,2024-08-15,10814,201,33,1,19.78,Not Needed
9068,368788,2026-01-15,21875,246,16,1,27.36,Damaged
9069,34722,2024-04-03,11237,514,33,1,17.13,Not Needed
9070,331761,2025-11-10,15997,302,14,2,16.52,Quality Issue
9071,285619,2025-08-01,20249,697,4,1,506.84,Late Delivery
9072,213399,2025-03-05,11932,592,17,2,718.78,Not Needed
9073,48326,2024-05-03,3591,121,11,1,6.77,Late Delivery
9074,3379,2024-01-24,10422,55,2,2,12.89,Late Delivery
9075,271005,2025-06-29,9807,264,19,1,70.61,Not Needed
9076,5688,2024-01-14,1956,243,19,1,45.66,Damaged
9077,330392,2025-11-01,20117,112,16,1,11.78,Late Delivery
9078,233887,2025-04-15,4200,487,13,1,7.36,Damaged
9079,303092,2025-08-22,6976,103,23,1,4.08,Damaged
9080,30013,2024-03-09,20409,443,20,2,48.28,Quality Issue
9081,168998,2024-12-13,20026,267,34,1,92.62,Damaged
9082,183972,2025-01-11,825,424,23,1,18.0,Not Needed
9083,316968,2025-10-03,2564,658,24,1,279.2,Not Needed
9084,131749,2024-10-02,5262,504,19,1,30.79,Not Needed
9085,219545,2025-03-26,13599,582,28,1,6.1,Not Needed
9086,284682,2025-07-30,2917,682,14,1,85.25,Damaged
9087,186759,2025-01-17,12663,708,31,1,81.83,Quality Issue
9088,181099,2024-12-29,16003,255,34,2,60.22,Not Needed
9089,362481,2025-12-26,14714,143,6,1,26.93,Wrong Item
9090,367138,2026-01-02,3605,147,18,1,30.0,Quality Issue
9091,195802,2025-01-30,5917,382,30,2,5.05,Quality Issue
9092,156973,2024-11-21,7476,106,18,1,20.98,Quality Issue
9093,246246,2025-05-19,2418,342,7,1,13.64,Late Delivery
9094,250099,2025-05-20,13934,198,16,2,24.35,Late Delivery
9095,74261,2024-06-25,17108,451,34,1,10.6,Wrong Item
9096,96513,2024-07-27,18874,472,30,1,3.53,Quality Issue
9097,98020,2024-08-05,30,561,27,1,13.22,Damaged
9098,251809,2025-05-17,21911,121,34,1,3.16,Damaged
9099,86992,2024-07-12,23994,516,27,2,57.37,Late Delivery
9100,346108,2025-11-22,14655,645,9,1,59.67,Quality Issue
9101,18044,2024-02-11,24978,163,15,1,2.45,Late Delivery
9102,113108,2024-09-07,21647,220,30,1,15.91,Quality Issue
9103,270525,2025-07-04,2078,179,7,1,19.8,Late Delivery
9104,205343,2025-02-19,19665,103,3,2,35.69,Not Needed
9105,221191,2025-03-24,7162,103,6,2,23.4,Damaged
9106,56701,2024-05-08,8779,303,32,2,50.2,Wrong Item
9107,284959,2025-07-17,7364,397,34,1,8.5,Late Delivery
9108,81154,2024-06-25,12523,4,5,1,6.4,Wrong Item
9109,249166,2025-05-19,3436,327,17,1,9.9,Not Needed
9110,353613,2025-12-10,4576,426,21,1,16.29,Late Delivery
9111,9879,2024-01-28,17318,477,18,2,20.8,Not Needed
9112,69891,2024-06-05,6674,94,26,1,1.98,Quality Issue
9113,361073,2026-01-02,10752,79,10,2,11.14,Not Needed
9114,346708,2025-11-26,11451,176,3,2,13.43,Late Delivery
9115,113107,2024-08-29,15960,150,2,1,1.59,Wrong Item
9116,74740,2024-06-18,789,319,33,2,8.15,Damaged
9117,44411,2024-04-14,8860,79,8,1,3.3,Not Needed
9118,30517,2024-03-25,14658,186,30,2,4.25,Late Delivery
9119,261786,2025-06-09,4960,96,13,1,5.44,Not Needed
9120,3082,2024-01-20,10124,151,22,2,10.43,Damaged
9121,142745,2024-10-21,23166,492,32,1,39.44,Late Delivery
9122,365061,2026-01-13,12851,160,15,1,6.53,Not Needed
9123,314729,2025-09-20,15360,135,29,1,9.53,Quality Issue
9124,42000,2024-04-06,11279,219,4,1,4.8,Quality Issue
9125,80639,2024-06-28,24838,178,29,2,16.2,Late Delivery
9126,337369,2025-11-13,6085,191,5,2,5.56,Not Needed
9127,321341,2025-10-18,17204,544,23,1,1.68,Not Needed
9128,145566,2024-11-07,23791,88,16,1,3.31,Not Needed
9129,47951,2024-04-20,357,79,10,2,14.14,Damaged
9130,347958,2025-12-01,5934,37,34,2,25.85,Late Delivery
9131,226729,2025-04-03,14605,106,9,2,23.29,Not Needed
9132,345000,2025-12-07,5158,306,2,1,83.83,Quality Issue
9133,26262,2024-03-09,20364,193,19,1,3.96,Late Delivery
9134,120447,2024-09-17,17037,71,19,1,2.2,Damaged
9135,338759,2025-11-08,21067,96,14,2,12.52,Not Needed
9136,181329,2025-01-03,12062,104,15,2,34.67,Damaged
9137,323091,2025-10-16,17045,166,25,1,7.86,Late Delivery
9138,112367,2024-09-03,2023,544,21,1,5.35,Late Delivery
9139,272441,2025-06-28,10025,82,3,1,3.65,Quality Issue
9140,289467,2025-07-29,5822,235,27,1,36.67,Late Delivery
9141,6337,2024-01-23,15637,189,9,2,16.09,Damaged
9142,357025,2025-12-21,13299,503,7,1,109.8,Damaged
9143,261033,2025-06-01,4970,158,9,2,26.69,Late Delivery
9144,253378,2025-05-22,1388,168,21,1,6.27,Not Needed
9145,293893,2025-08-10,17656,10,14,1,13.19,Not Needed
9146,107600,2024-08-29,488,168,28,2,19.71,Quality Issue
9147,162699,2024-12-12,8078,138,29,1,22.13,Not Needed
9148,232858,2025-04-06,110,144,29,1,17.76,Late Delivery
9149,240424,2025-05-08,21603,605,3,1,184.88,Not Needed
9150,365438,2026-01-14,21235,623,15,1,359.57,Damaged
9151,193317,2025-01-16,12495,509,19,2,54.58,Not Needed
9152,75575,2024-06-22,4186,642,3,1,75.1,Damaged
9153,155693,2024-11-27,1367,167,10,1,10.68,Quality Issue
9154,215170,2025-03-02,11767,167,24,1,28.11,Quality Issue
9155,48976,2024-04-24,12124,237,6,1,69.21,Not Needed
9156,29662,2024-03-13,14515,84,32,1,6.08,Damaged
9157,60889,2024-05-14,2836,673,5,1,253.18,Damaged
9158,347591,2025-12-10,23629,621,9,1,225.36,Late Delivery
9159,316812,2025-10-04,22370,264,16,1,18.28,Wrong Item
9160,340486,2025-11-18,21831,404,5,1,14.85,Late Delivery
9161,271768,2025-06-20,21110,285,23,1,28.73,Late Delivery
9162,91442,2024-07-26,16392,27,12,1,5.42,Not Needed
9163,253846,2025-05-22,8065,435,8,1,17.25,Not Needed
9164,69720,2024-06-10,14971,561,8,1,12.47,Late Delivery
9165,322243,2025-10-21,17678,362,26,1,47.96,Not Needed
9166,191341,2025-01-22,13552,709,12,1,129.85,Quality Issue
9167,209704,2025-03-06,11271,151,12,1,16.59,Late Delivery
9168,213396,2025-03-01,23840,74,14,2,5.77,Late Delivery
9169,85933,2024-07-15,18041,135,8,2,7.81,Wrong Item
9170,66843,2024-05-22,12254,224,31,1,3.62,Late Delivery
9171,203680,2025-02-22,11901,675,23,1,173.01,Not Needed
9172,167989,2024-12-17,23088,27,10,2,17.79,Damaged
9173,271488,2025-07-02,19738,525,31,1,48.22,Quality Issue
9174,99191,2024-08-04,14688,646,11,1,290.26,Not Needed
9175,54344,2024-05-10,17960,259,4,1,23.41,Late Delivery
9176,127150,2024-10-06,12734,203,2,2,2.64,Late Delivery
9177,150971,2024-11-04,3101,252,15,1,7.76,Late Delivery
9178,124592,2024-09-17,4232,519,11,1,17.81,Not Needed
9179,32769,2024-03-16,4775,541,9,1,26.25,Not Needed
9180,329879,2025-10-23,14969,212,5,1,4.9,Late Delivery
9181,313167,2025-09-20,11557,143,21,2,10.21,Late Delivery
9182,120014,2024-09-03,23867,278,18,1,12.63,Quality Issue
9183,330034,2025-10-26,23353,247,18,1,17.35,Late Delivery
9184,40238,2024-04-10,24424,15,33,1,8.08,Late Delivery
9185,300660,2025-09-03,15159,404,10,1,21.9,Quality Issue
9186,332897,2025-10-31,2820,622,12,1,202.26,Damaged
9187,113561,2024-08-23,11924,199,25,1,4.88,Damaged
9188,363742,2025-12-30,9770,707,18,1,317.76,Wrong Item
9189,331865,2025-10-25,17512,31,14,1,1.54,Damaged
9190,106530,2024-08-26,19263,209,20,2,32.42,Wrong Item
9191,4209,2024-01-14,9237,574,8,2,56.16,Not Needed
9192,16553,2024-02-17,8617,207,1,1,9.94,Quality Issue
9193,284460,2025-07-21,14631,177,7,1,27.11,Not Needed
9194,125769,2024-09-27,22793,573,15,1,15.78,Late Delivery
9195,307800,2025-09-16,21985,7,15,2,17.56,Quality Issue
9196,131077,2024-10-13,7294,456,2,1,32.25,Not Needed
9197,120315,2024-09-13,23355,606,30,1,469.65,Not Needed
9198,286069,2025-07-31,8078,97,18,1,0.52,Not Needed
9199,174686,2024-12-17,23575,538,7,1,5.11,Not Needed
9200,367175,2026-01-10,8589,614,24,1,71.0,Wrong Item
9201,44442,2024-04-15,8572,393,20,2,53.6,Not Needed
9202,174242,2024-12-25,17488,370,3,1,28.99,Wrong Item
9203,171028,2024-12-15,20299,111,17,2,21.69,Wrong Item
9204,46293,2024-04-12,12977,127,20,1,42.17,Wrong Item
9205,85815,2024-07-10,4086,114,10,2,4.55,Not Needed
9206,116889,2024-09-10,9197,200,22,1,5.32,Quality Issue
9207,72010,2024-06-14,22302,174,12,1,3.16,Quality Issue
9208,227153,2025-03-27,17828,295,33,1,102.63,Quality Issue
9209,207564,2025-02-18,9500,173,17,1,49.81,Damaged
9210,75721,2024-06-11,21006,491,7,2,18.59,Quality Issue
9211,250709,2025-05-12,10799,137,11,1,51.29,Not Needed
9212,235631,2025-04-18,5579,26,18,1,11.74,Not Needed
9213,140891,2024-10-30,15327,205,32,1,7.9,Damaged
9214,326072,2025-10-14,10442,545,4,1,7.14,Not Needed
9215,330434,2025-11-03,8563,593,17,1,24.04,Quality Issue
9216,110439,2024-08-31,1267,166,10,2,6.49,Not Needed
9217,368539,2026-01-07,7942,117,26,2,28.9,Not Needed
9218,310186,2025-09-17,6086,95,15,1,10.04,Damaged
9219,227977,2025-04-02,9107,316,28,2,39.01,Damaged
9220,1374,2024-01-22,23463,259,19,1,28.04,Damaged
9221,136122,2024-10-18,22125,181,32,2,6.81,Damaged
9222,296032,2025-08-24,12125,361,10,1,20.89,Quality Issue
9223,74705,2024-06-24,12598,326,26,2,20.81,Quality Issue
9224,134108,2024-10-12,2175,116,9,2,22.77,Not Needed
9225,317189,2025-09-25,21001,683,26,1,81.47,Late Delivery
9226,361217,2025-12-31,11340,36,14,2,30.04,Quality Issue
9227,151306,2024-11-22,23245,596,5,1,479.41,Quality Issue
9228,60753,2024-05-27,18800,387,27,1,32.75,Quality Issue
9229,349252,2025-12-13,5997,138,30,1,24.57,Wrong Item
9230,65888,2024-06-06,13842,367,21,1,10.81,Damaged
9231,243094,2025-05-11,3812,486,4,1,31.52,Not Needed
9232,14006,2024-02-19,24256,549,5,1,2.6,Not Needed
9233,145033,2024-11-02,15490,208,32,2,39.18,Not Needed
9234,319278,2025-10-06,5728,696,11,1,181.08,Late Delivery
9235,223129,2025-03-22,12311,562,19,1,31.4,Not Needed
9236,336008,2025-11-12,10091,547,17,1,8.17,Late Delivery
9237,14034,2024-02-17,15339,528,19,1,10.33,Damaged
9238,95071,2024-08-01,24947,69,21,2,11.02,Late Delivery
9239,303700,2025-08-31,9191,490,9,1,22.25,Not Needed
9240,302306,2025-09-05,16565,503,31,2,49.7,Damaged
9241,131601,2024-10-15,3089,702,24,1,211.6,Not Needed
9242,261555,2025-06-16,23385,313,33,1,5.44,Not Needed
9243,8798,2024-02-09,11873,75,33,2,27.06,Not Needed
9244,249615,2025-05-15,9385,46,11,2,37.87,Not Needed
9245,65651,2024-06-04,6817,100,27,2,7.72,Damaged
9246,267437,2025-06-10,7622,43,9,2,23.36,Quality Issue
9247,355237,2025-12-15,24714,422,7,1,22.78,Not Needed
9248,173205,2024-12-19,10493,327,1,2,44.78,Not Needed
9249,324055,2025-10-22,1264,399,11,2,25.51,Late Delivery
9250,159923,2024-11-22,9596,101,14,1,16.21,Not Needed
9251,85206,2024-07-11,4338,132,13,2,30.7,Damaged
9252,80587,2024-06-28,8698,528,2,2,42.23,Damaged
9253,248979,2025-05-06,20476,167,26,1,12.36,Late Delivery
9254,30063,2024-03-25,24905,147,23,2,25.44,Not Needed
9255,293488,2025-08-11,9199,185,29,2,18.01,Quality Issue
9256,58724,2024-05-20,14496,518,15,1,3.63,Quality Issue
9257,29526,2024-03-10,9662,318,18,1,7.45,Quality Issue
9258,17041,2024-02-18,1827,367,29,2,44.05,Not Needed
9259,87401,2024-07-09,12043,493,2,1,31.6,Late Delivery
9260,83799,2024-07-12,9913,24,34,1,35.42,Quality Issue
9261,218050,2025-03-16,16394,119,9,1,6.99,Not Needed
9262,297599,2025-08-12,9354,481,24,2,37.16,Damaged
9263,31492,2024-03-30,16655,116,2,1,16.2,Not Needed
9264,17630,2024-02-23,21820,207,13,1,6.21,Damaged
9265,84457,2024-07-02,21019,703,28,1,193.22,Damaged
9266,368582,2026-01-12,15378,101,1,2,20.58,Late Delivery
9267,145530,2024-10-26,18568,19,6,2,18.4,Damaged
9268,349744,2025-12-02,7396,292,17,1,14.11,Not Needed
9269,168085,2024-12-05,11843,472,16,1,7.87,Damaged
9270,324077,2025-10-19,3639,523,8,2,51.83,Quality Issue
9271,120438,2024-09-19,7656,614,33,1,91.0,Quality Issue
9272,245688,2025-04-30,21330,162,19,1,25.79,Not Needed
9273,110997,2024-08-23,11173,132,10,1,6.42,Late Delivery
9274,307607,2025-09-16,18383,584,9,1,16.21,Damaged
9275,157595,2024-11-19,2451,309,1,1,19.82,Not Needed
9276,162116,2024-11-26,21843,417,1,1,6.14,Late Delivery
9277,28775,2024-03-06,13508,639,33,1,156.96,Wrong Item
9278,160680,2024-11-23,10725,300,3,1,22.73,Damaged
9279,90088,2024-07-11,1578,323,33,1,4.17,Quality Issue
9280,207414,2025-03-01,815,122,33,1,21.96,Not Needed
9281,74509,2024-06-23,16505,145,5,1,17.78,Quality Issue
9282,44362,2024-04-08,22145,179,15,1,4.78,Not Needed
9283,16146,2024-02-25,20269,287,8,1,42.56,Quality Issue
9284,285273,2025-07-28,24505,114,34,2,8.12,Not Needed
9285,312079,2025-09-27,1181,669,15,1,146.3,Quality Issue
9286,363934,2026-01-09,14531,460,2,1,26.66,Wrong Item
9287,22681,2024-03-03,587,418,6,1,22.81,Late Delivery
9288,291948,2025-08-07,16334,90,8,2,19.07,Damaged
9289,301159,2025-08-24,4183,28,31,2,11.56,Damaged
9290,151710,2024-11-07,16301,173,28,1,16.18,Quality Issue
9291,142922,2024-10-27,14661,663,15,1,76.15,Damaged
9292,169800,2024-12-19,4996,662,19,2,23.89,Quality Issue
9293,118011,2024-08-30,2540,644,34,1,257.47,Quality Issue
9294,59245,2024-05-14,9132,545,19,1,6.49,Quality Issue
9295,215610,2025-03-11,2662,211,18,1,16.7,Damaged
9296,211915,2025-03-01,20489,222,19,1,2.73,Quality Issue
9297,168693,2024-12-06,17765,654,13,1,264.91,Damaged
9298,219489,2025-03-24,19639,322,18,1,32.2,Wrong Item
9299,22021,2024-03-04,15787,133,17,2,13.35,Damaged
9300,89379,2024-07-05,15638,511,8,1,17.92,Quality Issue
9301,108891,2024-08-30,5250,93,27,2,9.04,Not Needed
9302,356549,2025-12-10,13990,42,4,2,5.33,Late Delivery
9303,202596,2025-02-15,2770,237,32,1,50.83,Not Needed
9304,138200,2024-10-19,13387,535,30,1,5.05,Not Needed
9305,297441,2025-08-11,620,533,14,1,16.48,Damaged
9306,258571,2025-06-09,8948,35,18,1,2.45,Late Delivery
9307,185013,2025-01-17,20086,345,27,1,33.97,Damaged
9308,191411,2025-01-13,1999,286,20,1,11.78,Wrong Item
9309,134408,2024-10-12,14028,323,7,2,13.97,Not Needed
9310,294465,2025-08-07,15959,63,5,1,15.67,Not Needed
9311,28854,2024-03-21,9332,448,30,1,23.95,Damaged
9312,351369,2025-12-14,4022,433,34,1,48.07,Quality Issue
9313,285198,2025-08-01,6187,643,1,1,154.74,Quality Issue
9314,30589,2024-03-27,9000,63,3,2,24.62,Damaged
9315,73144,2024-06-17,5110,230,1,1,27.94,Quality Issue
9316,76527,2024-06-16,20968,417,21,1,8.18,Not Needed
9317,224934,2025-03-20,12303,364,5,1,9.87,Late Delivery
9318,256107,2025-06-01,16682,572,3,2,36.35,Wrong Item
9319,133332,2024-10-11,6448,544,31,1,3.1,Damaged
9320,130482,2024-10-08,3212,44,18,1,19.76,Late Delivery
9321,67088,2024-06-03,5276,62,24,2,30.31,Not Needed
9322,312666,2025-09-29,6683,39,5,2,2.88,Not Needed
9323,39324,2024-04-02,251,155,15,1,22.03,Not Needed
9324,293606,2025-08-04,400,228,10,1,33.09,Wrong Item
9325,310194,2025-09-11,10954,87,34,1,0.43,Quality Issue
9326,292251,2025-08-06,19522,436,3,2,20.47,Quality Issue
9327,351180,2025-12-10,19659,216,32,1,13.09,Late Delivery
9328,244023,2025-05-12,11909,128,7,1,7.24,Not Needed
9329,311488,2025-09-12,24399,685,30,1,77.72,Not Needed
9330,323148,2025-10-22,3545,463,10,2,63.77,Quality Issue
9331,302624,2025-08-28,5444,157,26,1,2.34,Quality Issue
9332,123806,2024-09-12,6798,283,21,1,2.41,Quality Issue
9333,227797,2025-03-25,15434,188,25,1,18.63,Damaged
9334,349961,2025-12-11,16555,196,31,2,11.73,Not Needed
9335,253957,2025-05-21,18871,28,8,1,34.27,Quality Issue
9336,252577,2025-05-30,16613,571,21,1,36.46,Not Needed
9337,86197,2024-07-10,20631,458,7,1,15.55,Damaged
9338,278067,2025-07-15,5348,130,16,2,4.08,Late Delivery
9339,164082,2024-12-11,5856,163,34,1,1.35,Not Needed
9340,117445,2024-08-30,21478,696,29,1,259.97,Damaged
9341,10636,2024-02-04,21035,12,5,2,22.25,Late Delivery
9342,106118,2024-08-22,5467,264,17,1,14.66,Wrong Item
9343,137699,2024-10-24,5807,636,5,1,258.34,Quality Issue
9344,132512,2024-10-09,9810,336,12,2,18.06,Not Needed
9345,280201,2025-07-10,11014,164,30,1,5.01,Quality Issue
9346,35837,2024-03-31,15426,145,21,1,4.83,Wrong Item
9347,325916,2025-10-21,9233,76,6,2,16.3,Not Needed
9348,181327,2025-01-01,6928,155,5,1,17.71,Damaged
9349,112766,2024-08-25,24975,148,34,2,10.76,Not Needed
9350,148560,2024-11-17,8698,213,28,1,15.5,Wrong Item
9351,263108,2025-06-20,20182,301,32,1,23.75,Damaged
9352,206341,2025-02-25,10194,126,3,1,31.67,Not Needed
9353,260269,2025-06-08,11074,548,25,1,21.84,Late Delivery
9354,37618,2024-03-26,4446,653,25,1,350.91,Not Needed
9355,213925,2025-03-02,20976,524,24,1,14.58,Late Delivery
9356,283435,2025-07-12,21931,718,13,2,561.34,Quality Issue
9357,28889,2024-03-06,13318,193,19,1,3.28,Quality Issue
9358,85548,2024-07-04,4712,667,31,1,397.74,Not Needed
9359,283163,2025-07-28,7395,169,12,1,21.45,Quality Issue
9360,178038,2024-12-22,4866,51,15,1,13.21,Quality Issue
9361,349257,2025-11-29,15944,171,10,1,4.64,Not Needed
9362,109636,2024-08-27,4559,206,21,1,5.24,Wrong Item
9363,34976,2024-03-26,8782,629,25,1,33.07,Quality Issue
9364,273835,2025-07-10,23015,208,14,2,13.07,Not Needed
9365,177844,2024-12-27,3260,407,8,2,67.64,Late Delivery
9366,317094,2025-10-01,5866,133,2,2,12.88,Not Needed
9367,144316,2024-11-03,12218,355,33,1,52.95,Quality Issue
9368,127981,2024-09-24,18972,197,26,2,5.04,Not Needed
9369,15922,2024-02-11,17741,119,22,1,6.21,Late Delivery
9370,354384,2025-12-20,2998,51,22,1,6.23,Quality Issue
9371,338169,2025-11-24,6205,423,6,2,34.47,Not Needed
9372,355291,2025-12-17,6080,405,14,2,20.18,Not Needed
9373,161161,2024-12-04,2841,75,32,1,16.65,Quality Issue
9374,91881,2024-07-15,14433,282,18,2,31.76,Not Needed
9375,299505,2025-08-26,7626,513,30,1,19.64,Late Delivery
9376,212374,2025-02-22,8996,500,21,1,73.26,Quality Issue
9377,133086,2024-10-11,13040,212,31,1,5.46,Not Needed
9378,112914,2024-09-07,15935,344,33,2,89.23,Not Needed
9379,105431,2024-08-05,3705,66,33,1,3.81,Quality Issue
9380,192689,2025-01-23,12251,335,7,2,36.04,Not Needed
9381,286605,2025-07-17,17519,29,4,2,49.23,Damaged
9382,159003,2024-11-27,16771,80,1,1,14.14,Late Delivery
9383,227453,2025-03-28,12981,666,32,1,285.38,Wrong Item
9384,126890,2024-10-06,3744,296,32,1,5.53,Late Delivery
9385,83091,2024-06-26,7276,44,26,1,7.45,Late Delivery
9386,44238,2024-04-18,18655,676,33,1,407.56,Quality Issue
9387,114742,2024-08-26,20788,161,26,1,5.78,Damaged
9388,112262,2024-09-06,1839,497,22,1,21.48,Not Needed
9389,310950,2025-09-08,16360,511,8,2,36.3,Wrong Item
9390,133363,2024-10-15,21686,158,1,2,25.62,Late Delivery
9391,156658,2024-11-30,3019,571,12,1,23.13,Wrong Item
9392,365095,2025-12-31,14733,626,14,1,650.84,Wrong Item
9393,250951,2025-05-10,15728,145,19,1,6.97,Late Delivery
9394,361094,2026-01-04,4496,214,18,2,13.06,Quality Issue
9395,326021,2025-10-25,23401,158,31,1,11.97,Damaged
9396,279886,2025-07-04,23036,264,1,1,15.66,Quality Issue
9397,118726,2024-09-14,8296,56,11,1,21.04,Not Needed
9398,27515,2024-03-20,2789,490,33,1,43.75,Not Needed
9399,130222,2024-10-09,13894,152,20,2,12.34,Quality Issue
9400,55250,2024-05-07,20632,428,20,1,28.08,Late Delivery
9401,298979,2025-08-14,7128,145,28,1,9.86,Not Needed
9402,282883,2025-07-19,21275,413,20,1,10.82,Not Needed
9403,40099,2024-04-15,12493,287,9,1,23.69,Not Needed
9404,359944,2025-12-26,8765,205,21,2,5.69,Not Needed
9405,35408,2024-03-23,22815,318,29,1,18.2,Late Delivery
9406,320974,2025-10-08,21777,142,18,1,12.28,Not Needed
9407,300722,2025-08-30,7665,694,33,1,245.08,Quality Issue
9408,254957,2025-05-28,8660,421,21,2,17.19,Wrong Item
9409,51455,2024-04-24,13812,445,19,1,22.25,Quality Issue
9410,336774,2025-11-06,7598,712,9,1,315.99,Wrong Item
9411,366649,2026-01-11,17688,255,3,1,24.85,Not Needed
9412,316246,2025-09-25,19430,92,19,1,2.15,Not Needed
9413,364746,2026-01-07,17507,529,8,1,29.6,Late Delivery
9414,270407,2025-07-04,15995,580,17,2,7.58,Not Needed
9415,220350,2025-03-20,4020,61,17,2,17.84,Not Needed
9416,101101,2024-08-14,15977,24,8,2,16.17,Quality Issue
9417,87481,2024-07-04,11805,341,20,1,25.27,Damaged
9418,235787,2025-04-29,21099,5,24,1,19.3,Late Delivery
9419,75204,2024-06-09,14108,395,32,2,50.6,Quality Issue
9420,307532,2025-08-31,23002,530,15,2,45.36,Damaged
9421,363460,2025-12-22,8195,18,18,1,1.37,Not Needed
9422,240189,2025-05-01,14585,85,7,2,8.67,Damaged
9423,629,2024-01-21,19273,454,32,1,6.84,Not Needed
9424,326797,2025-10-13,17741,367,24,1,16.9,Late Delivery
9425,47819,2024-04-17,8904,17,5,2,4.17,Wrong Item
9426,55610,2024-05-06,18153,217,17,2,16.56,Not Needed
9427,6011,2024-01-18,15975,674,12,1,65.03,Damaged
9428,288563,2025-07-31,6687,14,5,2,15.43,Wrong Item
9429,52507,2024-05-06,22466,466,16,1,24.02,Wrong Item
9430,329568,2025-10-21,9579,9,33,1,12.14,Not Needed
9431,139536,2024-10-13,8834,97,29,1,2.03,Wrong Item
9432,114400,2024-08-25,10664,182,2,1,3.51,Wrong Item
9433,67444,2024-06-09,18046,340,26,1,42.73,Late Delivery
9434,165935,2024-12-02,11349,321,21,1,19.67,Quality Issue
9435,143877,2024-10-22,8463,267,6,1,16.84,Quality Issue
9436,84663,2024-07-11,24021,41,32,1,6.98,Quality Issue
9437,170859,2024-12-20,10799,546,26,1,31.38,Late Delivery
9438,196209,2025-01-23,23629,168,24,1,3.74,Late Delivery
9439,208421,2025-02-26,7830,143,30,2,33.84,Quality Issue
9440,109464,2024-08-23,4175,633,33,1,441.74,Quality Issue
9441,46759,2024-04-17,22187,179,1,2,17.81,Damaged
9442,97163,2024-07-27,19823,211,14,2,8.99,Not Needed
9443,275275,2025-07-02,6906,267,32,2,52.52,Wrong Item
9444,64134,2024-05-28,242,78,30,1,46.73,Wrong Item
9445,324767,2025-10-15,10003,285,33,1,25.75,Not Needed
9446,2941,2024-01-09,12354,325,29,2,69.43,Quality Issue
9447,20980,2024-02-27,13085,224,5,2,4.1,Damaged
9448,342346,2025-11-30,24124,48,29,2,7.51,Quality Issue
9449,32200,2024-03-25,24682,323,8,2,7.43,Not Needed
9450,80736,2024-06-29,23868,313,14,2,10.21,Not Needed
9451,318603,2025-10-10,12267,62,19,2,9.19,Damaged
9452,105550,2024-08-18,21002,146,23,2,9.86,Wrong Item
9453,216861,2025-03-10,7184,15,15,2,11.24,Not Needed
9454,170333,2024-12-21,21124,1,3,1,1.7,Not Needed
9455,258709,2025-06-12,13330,285,14,2,29.71,Not Needed
9456,283216,2025-07-16,12974,199,9,1,24.94,Wrong Item
9457,72104,2024-06-14,9228,422,27,2,44.56,Not Needed
9458,360289,2025-12-27,8109,77,26,2,29.03,Not Needed
9459,317434,2025-09-29,7111,547,32,1,4.53,Late Delivery
9460,333399,2025-11-02,16502,452,29,2,45.28,Damaged
9461,240084,2025-04-24,11502,562,3,1,15.59,Wrong Item
9462,8412,2024-01-29,15908,199,30,1,23.39,Damaged
9463,348190,2025-12-12,3939,94,21,1,2.04,Quality Issue
9464,261112,2025-06-05,7467,651,14,1,22.85,Not Needed
9465,34855,2024-03-30,15384,92,3,1,4.76,Quality Issue
9466,35767,2024-03-20,3424,150,14,2,9.72,Wrong Item
9467,149112,2024-11-04,17563,184,33,1,12.42,Quality Issue
9468,366431,2026-01-14,5565,21,31,2,10.88,Quality Issue
9469,80646,2024-07-03,19752,443,20,1,65.56,Damaged
9470,170108,2024-12-06,16664,96,6,1,7.33,Damaged
9471,241055,2025-04-24,896,65,34,1,17.85,Late Delivery
9472,342456,2025-11-30,12716,570,3,1,9.2,Late Delivery
9473,113485,2024-09-02,17558,363,3,1,13.15,Damaged
9474,368614,2026-01-06,7594,67,11,1,11.45,Damaged
9475,273658,2025-07-02,13042,154,34,2,11.97,Not Needed
9476,143462,2024-10-30,19698,289,9,1,12.78,Wrong Item
9477,263058,2025-06-19,6285,675,16,1,341.13,Quality Issue
9478,273632,2025-06-26,4888,226,33,2,67.83,Quality Issue
9479,234908,2025-04-17,4680,88,1,1,16.82,Not Needed
9480,66538,2024-05-27,14005,435,12,1,20.57,Quality Issue
9481,69217,2024-05-31,21519,141,20,1,5.73,Damaged
9482,63276,2024-05-18,18638,91,14,1,3.86,Quality Issue
9483,119091,2024-09-20,14836,510,25,1,10.91,Not Needed
9484,303761,2025-09-02,19577,334,7,2,28.71,Quality Issue
9485,46628,2024-04-28,23058,652,12,1,238.71,Quality Issue
9486,109948,2024-08-27,8175,511,18,2,81.86,Late Delivery
9487,160224,2024-12-03,4627,138,8,1,14.82,Wrong Item
9488,149113,2024-11-08,13067,120,34,1,6.72,Quality Issue
9489,168963,2024-12-06,11906,176,19,1,2.48,Late Delivery
9490,63450,2024-05-26,20039,454,28,1,16.16,Not Needed
9491,142426,2024-10-24,9207,224,31,2,17.85,Not Needed
9492,337128,2025-11-20,10350,114,9,1,9.09,Quality Issue
9493,26149,2024-03-12,18366,470,18,1,27.68,Not Needed
9494,142743,2024-10-24,18893,152,26,1,18.85,Not Needed
9495,32725,2024-03-31,9380,182,22,2,8.97,Not Needed
9496,77880,2024-06-22,16970,407,8,1,48.63,Wrong Item
9497,96989,2024-07-29,20484,430,19,2,27.26,Late Delivery
9498,273554,2025-06-27,11716,650,5,1,207.8,Late Delivery
9499,329184,2025-10-21,13799,266,13,2,22.27,Quality Issue
9500,692,2024-01-05,20916,502,13,1,20.81,Not Needed
9501,115183,2024-08-29,8594,110,5,1,15.62,Damaged
9502,92061,2024-07-21,7456,537,24,1,16.13,Wrong Item
9503,28388,2024-03-23,23445,600,18,1,38.95,Not Needed
9504,48406,2024-04-19,10269,249,2,2,82.22,Quality Issue
9505,169441,2024-12-10,4898,479,20,1,20.49,Late Delivery
9506,365797,2025-12-31,4484,95,29,1,4.5,Damaged
9507,233232,2025-04-19,10522,309,20,2,57.24,Damaged
9508,94050,2024-07-15,10829,86,25,1,8.73,Wrong Item
9509,156860,2024-11-18,19728,120,32,2,44.08,Not Needed
9510,125671,2024-09-17,2570,55,16,2,26.75,Damaged
9511,21616,2024-03-01,15326,115,20,2,6.44,Wrong Item
9512,278013,2025-07-08,7061,274,4,1,11.3,Not Needed
9513,70144,2024-06-11,14271,115,12,2,9.62,Not Needed
9514,248445,2025-05-08,20735,19,27,2,13.52,Quality Issue
9515,289432,2025-07-29,19138,153,34,2,10.48,Late Delivery
9516,293065,2025-07-31,6728,7,8,1,4.92,Not Needed
9517,279553,2025-07-18,14624,488,34,2,21.33,Not Needed
9518,184397,2025-01-02,11254,573,16,1,35.66,Quality Issue
9519,142999,2024-10-20,11866,32,18,2,21.02,Not Needed
9520,134276,2024-10-12,507,534,23,1,17.96,Late Delivery
9521,275889,2025-07-02,14240,517,29,1,5.6,Wrong Item
9522,209237,2025-03-04,14248,2,27,1,4.6,Not Needed
9523,95837,2024-07-24,147,418,9,1,30.16,Quality Issue
9524,357456,2025-12-26,17368,713,6,1,321.77,Quality Issue
9525,239517,2025-04-22,5755,294,8,1,44.43,Late Delivery
9526,193237,2025-01-28,6088,567,7,1,3.51,Not Needed
9527,31270,2024-03-22,10694,179,33,2,16.74,Late Delivery
9528,302634,2025-08-25,14096,177,31,1,24.34,Damaged
9529,70105,2024-06-06,16393,17,31,2,1.95,Not Needed
9530,144821,2024-10-23,6953,417,15,1,23.09,Not Needed
9531,103902,2024-08-04,14261,373,33,1,50.84,Late Delivery
9532,105730,2024-08-20,14537,159,34,2,11.36,Quality Issue
9533,360104,2025-12-25,233,462,7,1,89.97,Quality Issue
9534,147559,2024-11-02,11173,20,21,1,13.68,Late Delivery
9535,299640,2025-08-26,18291,252,23,1,13.05,Wrong Item
9536,64179,2024-05-18,2867,331,8,2,96.07,Not Needed
9537,215197,2025-03-12,24432,597,17,1,84.34,Late Delivery
9538,29100,2024-03-16,13388,265,11,2,17.05,Late Delivery
9539,329749,2025-10-24,22433,203,19,2,5.82,Not Needed
9540,231779,2025-04-05,15252,281,27,2,81.97,Quality Issue
9541,283082,2025-07-16,8488,662,30,1,10.14,Not Needed
9542,75624,2024-06-17,24812,48,24,1,1.81,Damaged
9543,223927,2025-03-18,17990,690,32,1,403.44,Damaged
9544,300222,2025-08-18,3751,316,7,1,5.96,Damaged
9545,89701,2024-07-11,17897,698,31,2,472.17,Not Needed
9546,3555,2024-01-15,481,677,8,1,34.75,Quality Issue
9547,106829,2024-08-19,4219,395,20,2,35.83,Not Needed
9548,191466,2025-01-26,7320,644,2,1,241.6,Wrong Item
9549,39471,2024-04-13,17209,8,17,2,4.4,Not Needed
9550,223727,2025-04-04,2905,265,5,1,8.0,Not Needed
9551,48088,2024-05-01,4358,551,7,1,38.75,Late Delivery
9552,27813,2024-03-06,16169,356,6,1,27.76,Late Delivery
9553,131358,2024-09-27,24806,279,28,1,38.71,Late Delivery
9554,34474,2024-03-27,15430,606,21,1,455.44,Quality Issue
9555,356444,2025-12-21,13860,79,28,1,12.79,Quality Issue
9556,230040,2025-04-14,21034,80,22,1,13.99,Quality Issue
9557,191387,2025-01-14,22085,260,9,2,48.65,Wrong Item
9558,109816,2024-08-31,8812,404,8,1,11.93,Not Needed
9559,204251,2025-02-14,20267,166,29,2,8.43,Damaged
9560,5280,2024-01-30,4062,121,3,1,2.98,Quality Issue
9561,86327,2024-07-16,20530,582,34,2,18.01,Late Delivery
9562,167907,2024-12-18,13718,170,1,1,2.09,Late Delivery
9563,99836,2024-08-01,17168,425,10,1,8.16,Quality Issue
9564,266139,2025-06-12,18462,10,34,2,7.9,Damaged
9565,262403,2025-06-10,18681,147,17,2,19.47,Quality Issue
9566,208990,2025-02-28,11325,398,34,1,38.94,Damaged
9567,178176,2024-12-20,6830,31,21,1,1.71,Not Needed
9568,190599,2025-01-08,3497,576,9,1,54.5,Late Delivery
9569,206013,2025-02-15,21777,327,28,2,36.38,Damaged
9570,61298,2024-05-12,17763,424,15,1,25.97,Quality Issue
9571,267958,2025-06-14,9449,488,12,1,9.2,Quality Issue
9572,278157,2025-07-08,11033,193,15,1,3.85,Late Delivery
9573,247464,2025-05-22,3648,588,15,1,439.49,Quality Issue
9574,83992,2024-07-05,19644,202,5,2,25.01,Late Delivery
9575,325022,2025-10-22,5645,357,5,1,19.23,Not Needed
9576,213641,2025-03-16,1394,74,33,2,9.76,Late Delivery
9577,291826,2025-08-09,696,93,19,1,10.77,Quality Issue
9578,85150,2024-07-04,2990,667,3,1,262.46,Damaged
9579,99485,2024-08-03,1424,382,32,1,3.5,Late Delivery
9580,228131,2025-03-30,23543,362,5,1,27.99,Wrong Item
9581,164214,2024-11-26,143,106,10,1,5.73,Quality Issue
9582,330876,2025-11-03,16344,625,22,1,496.85,Damaged
9583,75447,2024-06-17,437,430,26,2,14.42,Damaged
9584,328217,2025-10-18,2811,396,12,1,24.74,Wrong Item
9585,140900,2024-10-26,5958,283,14,1,2.45,Damaged
9586,177664,2024-12-17,22533,120,19,1,9.34,Wrong Item
9587,96005,2024-08-03,7940,342,9,1,11.74,Not Needed
9588,90645,2024-07-10,2314,432,32,1,6.16,Damaged
9589,233251,2025-04-20,9118,217,7,1,7.64,Not Needed
9590,26951,2024-03-11,16537,220,5,2,11.4,Damaged
9591,36611,2024-04-06,262,649,10,1,134.72,Late Delivery
9592,214749,2025-03-01,22135,626,33,1,229.95,Quality Issue
9593,166688,2024-12-02,7883,105,24,1,7.95,Not Needed
9594,124381,2024-09-12,14925,200,19,1,12.39,Damaged
9595,242343,2025-05-08,14439,471,29,2,71.82,Damaged
9596,40091,2024-03-30,4181,226,3,1,17.43,Wrong Item
9597,238548,2025-04-17,192,63,6,2,47.25,Late Delivery
9598,339049,2025-11-11,8642,220,15,1,13.05,Not Needed
9599,179356,2024-12-27,695,398,34,1,22.7,Late Delivery
9600,125808,2024-09-22,21583,103,24,1,9.47,Quality Issue
9601,127300,2024-10-04,15608,543,28,1,16.0,Quality Issue
9602,311956,2025-09-10,6368,126,2,2,12.35,Quality Issue
9603,198860,2025-02-04,22040,487,33,1,5.57,Late Delivery
9604,183986,2025-01-12,2937,26,3,1,4.29,Wrong Item
9605,365200,2026-01-11,6044,19,29,2,21.96,Not Needed
9606,64049,2024-05-26,24284,259,1,2,81.07,Not Needed
9607,224372,2025-03-18,22189,501,34,1,28.24,Not Needed
9608,326022,2025-10-30,11668,589,34,1,146.86,Late Delivery
9609,88047,2024-07-10,1681,65,32,1,5.48,Late Delivery
9610,321022,2025-10-14,11022,93,5,1,2.02,Late Delivery
9611,1725,2024-01-12,3544,372,18,1,35.56,Damaged
9612,303653,2025-08-27,5958,335,19,1,42.83,Damaged
9613,16075,2024-02-09,17863,146,21,2,15.77,Not Needed
9614,231645,2025-04-02,14324,168,6,1,4.05,Quality Issue
9615,140463,2024-10-22,12134,51,1,2,5.97,Quality Issue
9616,319439,2025-10-04,3953,138,13,2,37.02,Not Needed
9617,199210,2025-02-01,12105,173,21,1,38.25,Damaged
9618,82639,2024-07-11,13214,309,33,1,21.51,Wrong Item
9619,269530,2025-06-29,7406,372,4,1,35.03,Damaged
9620,305234,2025-09-10,944,447,4,1,20.81,Not Needed
9621,29951,2024-03-23,4627,270,17,1,12.27,Quality Issue
9622,233773,2025-04-10,9199,176,9,1,4.61,Damaged
9623,131931,2024-10-05,20432,501,13,1,127.04,Not Needed
9624,321258,2025-10-06,18131,81,13,2,11.71,Not Needed
9625,362837,2026-01-03,19093,66,15,1,3.23,Quality Issue
9626,246397,2025-05-01,13395,192,10,2,37.0,Late Delivery
9627,23164,2024-02-29,22688,288,6,2,74.26,Quality Issue
9628,209942,2025-02-20,8747,144,24,2,6.81,Quality Issue
9629,56040,2024-05-02,21334,196,34,1,2.68,Damaged
9630,24407,2024-03-01,23794,618,1,1,235.38,Damaged
9631,233864,2025-04-22,1033,117,32,1,14.19,Not Needed
9632,365571,2025-12-30,21455,657,28,1,138.99,Quality Issue
9633,309480,2025-09-10,21072,58,8,2,8.3,Late Delivery
9634,132915,2024-10-07,10167,305,21,1,21.21,Damaged
9635,31741,2024-03-27,2905,33,24,1,5.58,Damaged
9636,39060,2024-04-12,18334,719,16,1,156.93,Late Delivery
9637,354771,2025-12-13,20022,114,21,2,15.8,Not Needed
9638,157702,2024-11-18,23454,27,32,2,29.28,Not Needed
9639,300374,2025-08-25,14337,27,24,1,3.01,Not Needed
9640,125503,2024-09-19,158,7,28,1,18.18,Late Delivery
9641,76610,2024-06-21,6352,73,15,1,3.78,Not Needed
9642,303125,2025-08-28,17373,346,4,2,18.52,Damaged
9643,309438,2025-09-19,5710,678,30,1,216.69,Late Delivery
9644,325615,2025-10-15,514,120,33,1,4.6,Quality Issue
9645,18806,2024-02-28,23221,656,18,1,307.56,Not Needed
9646,275071,2025-07-11,19926,196,8,2,24.86,Not Needed
9647,238646,2025-05-01,23787,2,23,1,9.8,Wrong Item
9648,90503,2024-07-14,11437,211,27,1,8.12,Damaged
9649,339155,2025-11-08,2400,499,17,2,18.04,Damaged
9650,158581,2024-11-28,8707,49,22,1,17.22,Not Needed
9651,297637,2025-08-25,22008,348,30,1,31.1,Not Needed
9652,151210,2024-11-12,16651,443,8,1,12.88,Quality Issue
9653,21772,2024-02-22,20916,508,30,1,7.19,Damaged
9654,227855,2025-04-01,12440,456,31,1,13.77,Damaged
9655,71577,2024-06-03,2233,257,6,1,8.93,Late Delivery
9656,141362,2024-10-29,17169,587,20,1,27.29,Damaged
9657,117975,2024-09-13,22305,445,13,1,23.86,Not Needed
9658,26141,2024-03-13,11500,319,12,1,4.62,Quality Issue
9659,44062,2024-04-16,12218,73,32,1,5.26,Quality Issue
9660,345589,2025-11-20,14356,567,20,1,2.21,Damaged
9661,65918,2024-06-07,4926,445,8,1,10.62,Damaged
9662,241696,2025-05-07,24959,616,7,1,149.38,Damaged
9663,297162,2025-08-09,18792,655,22,1,115.62,Damaged
9664,226119,2025-04-08,24693,450,5,2,23.44,Not Needed
9665,309779,2025-09-13,1931,403,17,1,20.78,Late Delivery
9666,311186,2025-09-27,9817,459,18,1,10.58,Damaged
9667,145274,2024-11-11,20466,28,30,1,6.17,Wrong Item
9668,367498,2026-01-13,15175,72,4,1,3.7,Not Needed
9669,357959,2025-12-22,8280,647,12,1,67.26,Damaged
9670,121428,2024-09-11,4867,97,29,2,5.7,Quality Issue
9671,163795,2024-12-02,15142,17,3,1,4.36,Quality Issue
9672,263188,2025-06-04,13763,656,10,1,322.85,Wrong Item
9673,262508,2025-06-19,20494,376,11,2,33.36,Not Needed
9674,252796,2025-05-13,13474,206,1,1,20.33,Not Needed
9675,119121,2024-09-19,18180,321,17,1,26.67,Quality Issue
9676,278279,2025-07-10,22127,631,17,1,414.31,Damaged
9677,321359,2025-10-03,2649,136,3,2,11.52,Not Needed
9678,299594,2025-09-02,23610,196,13,2,17.51,Not Needed
9679,310003,2025-09-12,9511,11,16,2,44.6,Damaged
9680,305620,2025-09-01,11057,444,24,1,2.42,Not Needed
9681,248100,2025-05-23,14518,86,22,1,12.37,Late Delivery
9682,348110,2025-11-26,12354,170,19,1,1.23,Quality Issue
9683,303354,2025-08-27,10691,21,11,1,12.02,Not Needed
9684,83037,2024-07-06,8603,403,32,1,13.03,Quality Issue
9685,298458,2025-08-16,11249,575,34,2,37.31,Not Needed
9686,133692,2024-10-20,3854,719,3,1,112.08,Not Needed
9687,336462,2025-11-05,11758,19,12,2,15.36,Not Needed
9688,209093,2025-02-19,19297,652,30,1,290.05,Quality Issue
9689,123222,2024-09-19,15638,185,31,1,13.87,Not Needed
9690,184628,2025-01-14,15413,404,18,1,46.8,Not Needed
9691,307916,2025-09-11,7619,345,21,1,22.17,Not Needed
9692,38443,2024-04-07,13659,500,25,1,27.85,Damaged
9693,346533,2025-11-30,9368,572,31,2,16.15,Late Delivery
9694,224048,2025-03-21,20631,14,10,2,7.61,Quality Issue
9695,166413,2024-12-14,11459,613,4,1,268.16,Late Delivery
9696,533,2024-01-08,8838,138,19,1,8.7,Late Delivery
9697,104201,2024-08-09,16429,624,12,1,18.14,Not Needed
9698,284076,2025-07-14,14695,108,1,1,17.36,Damaged
9699,198668,2025-02-12,13516,580,16,2,4.53,Damaged
9700,304492,2025-08-31,21393,334,27,2,79.81,Late Delivery
9701,68752,2024-06-02,16419,419,7,1,20.63,Wrong Item
9702,259500,2025-06-04,7973,395,28,1,15.28,Late Delivery
9703,338162,2025-11-24,1946,153,31,1,4.16,Quality Issue
9704,231797,2025-04-04,14198,159,22,2,44.87,Late Delivery
9705,188072,2025-01-11,9137,2,21,1,18.82,Not Needed
9706,324436,2025-10-14,21547,69,28,2,17.13,Not Needed
9707,357532,2025-12-24,14071,53,7,1,1.71,Not Needed
9708,94061,2024-07-16,8064,380,7,1,28.16,Not Needed
9709,169332,2024-12-17,18265,143,14,1,13.82,Late Delivery
9710,173470,2024-12-19,10781,387,24,1,9.01,Not Needed
9711,170140,2024-12-22,7145,483,21,2,5.81,Not Needed
9712,6808,2024-01-18,15360,84,4,2,5.86,Not Needed
9713,215030,2025-03-06,10668,11,10,1,8.86,Late Delivery
9714,93222,2024-07-13,22073,145,9,1,9.3,Late Delivery
9715,299965,2025-08-30,12850,129,3,2,15.08,Quality Issue
9716,289207,2025-07-26,2954,637,29,1,266.03,Late Delivery
9717,137997,2024-10-09,1305,49,1,1,18.26,Late Delivery
9718,223740,2025-03-25,1311,507,14,2,17.13,Not Needed
9719,237016,2025-04-15,10171,373,25,1,15.48,Wrong Item
9720,50564,2024-04-23,1255,195,7,1,9.69,Quality Issue
9721,131513,2024-10-09,12632,175,14,2,4.02,Late Delivery
9722,232369,2025-04-06,3978,239,10,1,49.44,Not Needed
9723,284812,2025-07-24,20848,348,5,1,22.5,Wrong Item
9724,215238,2025-03-16,11094,604,11,1,290.53,Damaged
9725,142629,2024-10-28,7306,423,4,2,55.5,Late Delivery
9726,159268,2024-11-18,18033,21,2,2,6.27,Late Delivery
9727,10467,2024-02-03,15904,242,22,2,42.62,Not Needed
9728,226862,2025-04-03,9055,357,3,1,22.94,Quality Issue
9729,181404,2025-01-07,10694,332,1,1,29.53,Wrong Item
9730,243782,2025-05-10,12539,84,3,1,4.36,Late Delivery
9731,4759,2024-01-27,5765,113,18,2,18.55,Not Needed
9732,339648,2025-11-16,17632,92,29,1,0.61,Not Needed
9733,338282,2025-11-25,23830,346,11,1,9.58,Damaged
9734,268200,2025-06-26,12300,179,4,1,9.84,Not Needed
9735,86958,2024-07-08,4527,385,21,1,4.19,Quality Issue
9736,72099,2024-06-21,6408,611,4,1,23.84,Not Needed
9737,155289,2024-11-12,16044,211,21,2,8.3,Damaged
9738,211468,2025-03-09,24920,276,23,1,11.77,Not Needed
9739,8169,2024-01-23,16078,392,26,1,35.42,Late Delivery
9740,124088,2024-09-21,5912,80,1,1,5.1,Quality Issue
9741,148339,2024-11-11,8159,537,27,1,19.33,Not Needed
9742,355023,2025-12-08,9954,267,33,1,25.99,Quality Issue
9743,140693,2024-10-22,8508,641,11,1,136.41,Not Needed
9744,243508,2025-05-01,2365,189,3,2,5.11,Late Delivery
9745,325976,2025-10-16,1879,548,32,1,20.89,Quality Issue
9746,77397,2024-06-14,12927,463,1,1,18.79,Quality Issue
9747,62231,2024-05-29,14085,233,24,1,14.27,Damaged
9748,346994,2025-12-07,20972,497,30,1,6.92,Not Needed
9749,135199,2024-10-19,11940,164,32,1,4.08,Late Delivery
9750,317453,2025-09-23,20470,7,8,1,4.41,Not Needed
9751,122926,2024-09-27,20082,585,9,1,4.86,Not Needed
9752,5633,2024-01-23,5093,76,30,1,3.01,Late Delivery
9753,327814,2025-10-26,6194,128,29,1,6.41,Quality Issue
9754,41615,2024-04-19,12010,697,2,1,472.95,Not Needed
9755,62917,2024-05-24,16813,10,30,1,34.35,Quality Issue
9756,274728,2025-06-25,5752,594,34,1,167.68,Damaged
9757,191733,2025-01-21,12567,259,33,1,25.79,Quality Issue
9758,220714,2025-03-26,23515,253,13,1,20.21,Quality Issue
9759,522,2024-01-18,9234,270,13,1,41.05,Late Delivery
9760,56133,2024-05-11,17213,405,10,1,20.26,Damaged
9761,153636,2024-11-21,122,343,19,1,24.35,Not Needed
9762,294599,2025-08-10,17869,552,14,1,24.42,Damaged
9763,197612,2025-01-30,22463,46,3,2,43.27,Not Needed
9764,217491,2025-03-15,8462,161,32,2,21.53,Quality Issue
9765,364575,2026-01-01,8434,99,18,1,5.45,Late Delivery
9766,10769,2024-02-13,17350,423,32,1,21.93,Not Needed
9767,221173,2025-03-21,11248,414,9,1,29.42,Not Needed
9768,347091,2025-12-03,15407,537,13,1,51.99,Quality Issue
9769,120074,2024-09-10,4725,418,27,1,26.79,Wrong Item
9770,312759,2025-09-23,10472,202,15,2,6.0,Not Needed
9771,49946,2024-04-19,18632,382,21,2,5.1,Quality Issue
9772,311311,2025-09-21,19794,67,3,2,25.7,Damaged
9773,336768,2025-11-19,23805,321,8,1,13.08,Late Delivery
9774,109220,2024-08-30,21608,71,1,2,17.13,Not Needed
9775,203224,2025-02-20,9056,42,14,2,5.57,Not Needed
9776,42626,2024-04-11,3985,275,9,1,29.41,Late Delivery
9777,218808,2025-03-14,14828,349,30,1,14.4,Late Delivery
9778,310500,2025-09-21,12168,633,21,1,181.55,Damaged
9779,153702,2024-11-27,11386,309,17,2,44.44,Quality Issue
9780,213828,2025-03-06,15015,561,3,2,46.58,Quality Issue
9781,222221,2025-03-14,20706,503,11,1,29.01,Quality Issue
9782,319158,2025-10-03,10421,69,34,2,8.91,Not Needed
9783,194542,2025-02-03,13531,246,17,1,29.71,Late Delivery
9784,146672,2024-11-03,16973,163,21,1,13.27,Not Needed
9785,92481,2024-07-12,20271,294,15,1,36.46,Late Delivery
9786,184926,2025-01-16,18956,658,18,1,346.17,Quality Issue
9787,120090,2024-09-13,11890,111,14,1,39.96,Wrong Item
9788,288551,2025-08-06,9487,449,19,1,71.03,Not Needed
9789,66658,2024-06-05,3390,336,5,1,8.89,Late Delivery
9790,262636,2025-06-03,9022,529,34,1,69.21,Damaged
9791,217415,2025-03-20,5183,64,14,2,38.42,Late Delivery
9792,138175,2024-10-16,7398,207,10,2,14.27,Late Delivery
9793,284304,2025-07-26,16397,377,19,1,29.16,Not Needed
9794,134686,2024-10-21,19015,72,34,2,5.25,Late Delivery
9795,163038,2024-12-09,4443,255,21,1,18.94,Not Needed
9796,45145,2024-04-16,12884,179,25,1,2.63,Quality Issue
9797,224248,2025-04-06,7160,174,3,2,23.0,Late Delivery
9798,177589,2024-12-28,16142,704,23,1,129.73,Not Needed
9799,75802,2024-06-20,7909,57,29,2,0.87,Quality Issue
9800,309902,2025-09-12,18756,405,1,1,44.93,Not Needed
9801,57364,2024-05-16,17538,219,32,1,2.02,Not Needed
9802,210521,2025-02-20,17314,48,2,2,6.61,Damaged
9803,10975,2024-02-06,20915,289,17,2,58.67,Not Needed
9804,296073,2025-08-11,8527,433,15,1,16.26,Late Delivery
9805,282688,2025-07-20,17240,571,18,1,11.53,Quality Issue
9806,168471,2024-12-15,23735,149,29,2,6.11,Damaged
9807,211984,2025-03-02,9169,362,29,2,39.48,Wrong Item
9808,32627,2024-03-15,8839,358,20,2,4.87,Not Needed
9809,333164,2025-11-07,3528,604,21,1,250.72,Quality Issue
9810,258347,2025-06-05,11365,466,24,1,16.66,Not Needed
9811,59076,2024-05-22,837,101,14,1,12.75,Quality Issue
9812,334142,2025-11-02,12585,386,26,2,62.62,Not Needed
9813,113040,2024-09-06,22105,706,20,1,26.92,Quality Issue
9814,328236,2025-10-17,24437,419,6,1,14.0,Quality Issue
9815,31715,2024-03-27,10963,144,6,1,12.9,Wrong Item
9816,166836,2024-12-02,7004,65,29,2,33.48,Quality Issue
9817,335235,2025-11-16,2379,42,32,2,3.66,Late Delivery
9818,233190,2025-04-22,16813,186,13,2,2.95,Not Needed
9819,176378,2025-01-01,12934,692,32,1,180.86,Quality Issue
9820,126420,2024-10-04,5864,355,18,1,27.46,Wrong Item
9821,47460,2024-04-16,10303,27,34,1,6.71,Late Delivery
9822,321204,2025-10-17,16150,199,9,1,8.72,Quality Issue
9823,80960,2024-06-29,16821,183,21,1,3.14,Late Delivery
9824,324152,2025-10-10,5265,28,32,1,12.92,Quality Issue
9825,121597,2024-09-13,22625,463,14,2,32.08,Late Delivery
9826,14550,2024-02-14,9938,492,20,1,17.23,Damaged
9827,250770,2025-05-09,24880,700,22,1,229.05,Not Needed
9828,310708,2025-09-08,16552,127,32,1,13.02,Not Needed
9829,69402,2024-06-07,23145,184,20,1,14.99,Wrong Item
9830,184713,2025-01-16,22080,145,27,2,9.32,Late Delivery
9831,73708,2024-06-19,18746,582,25,1,2.79,Wrong Item
9832,364374,2025-12-24,24976,190,17,1,33.23,Damaged
9833,84452,2024-06-27,8951,606,11,1,522.19,Late Delivery
9834,129603,2024-10-03,20974,128,11,2,35.21,Wrong Item
9835,75979,2024-06-22,21516,195,27,2,9.83,Damaged
9836,327690,2025-10-19,21232,381,13,1,39.1,Quality Issue
9837,251331,2025-05-15,1858,521,14,1,12.72,Quality Issue
9838,179600,2025-01-06,8310,141,32,1,11.19,Late Delivery
9839,137654,2024-10-14,1072,361,17,2,39.7,Late Delivery
9840,226593,2025-04-04,16310,95,33,1,8.49,Damaged
9841,128893,2024-10-04,15593,167,33,1,9.75,Not Needed
9842,1530,2024-01-21,23059,538,21,2,12.51,Late Delivery
9843,341350,2025-11-12,20172,4,8,1,5.24,Not Needed
9844,236556,2025-04-11,5177,23,33,1,11.41,Damaged
9845,192929,2025-01-25,22828,341,30,1,16.37,Not Needed
9846,151196,2024-11-06,3318,462,14,1,83.26,Wrong Item
9847,138556,2024-10-14,16599,469,13,1,5.11,Wrong Item
9848,246030,2025-05-06,9976,123,4,1,10.5,Wrong Item
9849,186835,2025-01-07,17635,501,34,1,63.58,Not Needed
9850,253204,2025-05-15,21893,246,34,1,18.2,Not Needed
9851,211854,2025-02-24,9326,362,29,2,89.81,Damaged
9852,127798,2024-10-06,22195,209,4,2,30.22,Not Needed
9853,339325,2025-11-11,17234,29,20,1,24.47,Wrong Item
9854,201605,2025-02-18,7035,189,14,1,8.3,Quality Issue
9855,60046,2024-05-24,5620,360,8,1,23.14,Not Needed
9856,25903,2024-03-04,6248,111,28,1,10.05,Not Needed
9857,282423,2025-07-08,607,24,10,1,6.28,Damaged
9858,52693,2024-05-09,15944,214,10,1,9.85,Late Delivery
9859,115520,2024-08-27,18078,539,17,1,18.07,Late Delivery
9860,280469,2025-07-14,23630,678,14,1,134.95,Not Needed
9861,96654,2024-07-19,15021,347,31,1,12.93,Late Delivery
9862,350969,2025-12-09,7963,342,5,2,21.89,Wrong Item
9863,289814,2025-07-25,2230,208,11,1,28.39,Late Delivery
9864,142909,2024-10-24,13792,281,1,1,59.37,Not Needed
9865,39118,2024-03-31,12570,540,19,1,10.1,Damaged
9866,219798,2025-03-26,4522,481,3,1,14.78,Damaged
9867,277280,2025-07-07,9902,247,31,2,59.95,Damaged
9868,167406,2024-12-16,23148,456,15,1,5.98,Quality Issue
9869,38781,2024-04-02,8879,142,10,2,13.69,Late Delivery
9870,83831,2024-07-05,8945,236,31,1,5.8,Late Delivery
9871,74099,2024-06-14,20791,383,10,1,12.93,Damaged
9872,34471,2024-03-23,3132,183,30,1,3.14,Late Delivery
9873,96632,2024-07-29,527,161,33,1,51.82,Not Needed
9874,201220,2025-02-11,19108,128,24,1,16.48,Wrong Item
9875,139927,2024-10-23,8864,104,12,1,28.91,Late Delivery
9876,192522,2025-01-24,24948,696,10,1,154.71,Not Needed
9877,206374,2025-02-19,6909,466,1,1,88.01,Quality Issue
9878,105824,2024-08-16,13484,564,21,1,5.28,Not Needed
9879,131532,2024-09-30,19949,680,14,1,242.0,Not Needed
9880,149844,2024-11-20,22441,266,6,1,36.32,Quality Issue
9881,281609,2025-07-24,13689,604,8,1,402.08,Quality Issue
9882,175097,2024-12-19,7557,308,18,1,28.05,Damaged
9883,218325,2025-03-22,9924,281,2,1,32.76,Late Delivery
9884,91981,2024-07-29,9501,313,20,1,8.46,Not Needed
9885,216781,2025-03-13,1571,3,8,2,18.24,Not Needed
9886,1161,2024-01-12,5844,444,7,1,3.26,Not Needed
9887,274437,2025-06-29,19888,166,30,1,9.61,Not Needed
9888,326008,2025-10-22,1115,694,1,1,177.36,Quality Issue
9889,227575,2025-04-08,14362,91,33,1,6.46,Damaged
9890,231546,2025-04-06,24968,314,11,1,36.6,Wrong Item
9891,157101,2024-11-21,24240,361,19,1,12.31,Not Needed
9892,60888,2024-05-25,22844,28,30,2,13.68,Not Needed
9893,77113,2024-06-26,22617,474,34,1,24.26,Damaged
9894,91312,2024-07-23,13582,289,28,1,34.45,Not Needed
9895,216700,2025-03-13,23326,325,21,2,50.39,Not Needed
9896,156754,2024-11-13,2832,148,1,1,6.24,Quality Issue
9897,133203,2024-10-06,3795,498,6,1,29.66,Wrong Item
9898,4091,2024-01-19,11175,218,8,2,8.07,Damaged
9899,23737,2024-02-26,23106,149,28,1,1.34,Quality Issue
9900,55419,2024-04-29,9357,182,14,2,9.54,Damaged
9901,7091,2024-02-05,22875,294,18,1,25.91,Quality Issue
9902,312150,2025-09-19,12839,149,9,1,9.0,Not Needed
9903,124822,2024-09-28,22368,5,24,2,35.08,Damaged
9904,60885,2024-05-14,2955,142,22,2,7.11,Not Needed
9905,278140,2025-07-07,19269,168,21,1,3.39,Quality Issue
9906,267814,2025-06-25,14585,114,19,1,3.06,Late Delivery
9907,67021,2024-06-03,15264,381,19,1,11.38,Quality Issue
9908,182839,2024-12-27,12307,285,32,2,41.25,Quality Issue
9909,235936,2025-04-10,12708,539,20,2,13.05,Quality Issue
9910,360835,2025-12-23,24722,673,11,1,101.35,Damaged
9911,296230,2025-08-19,13476,142,19,1,2.57,Wrong Item
9912,24144,2024-02-27,14504,91,33,1,15.29,Quality Issue
9913,23473,2024-02-25,21417,123,33,2,6.45,Not Needed
9914,14158,2024-02-15,24052,299,12,2,43.23,Late Delivery
9915,105883,2024-08-13,20638,483,34,1,3.54,Quality Issue
9916,35863,2024-04-06,23432,540,15,1,10.37,Late Delivery
9917,71260,2024-06-06,21303,262,30,2,29.01,Quality Issue
9918,317033,2025-09-21,22163,277,21,2,69.35,Quality Issue
9919,181882,2024-12-31,444,197,5,1,4.89,Quality Issue
9920,176389,2024-12-28,16538,216,9,1,25.36,Late Delivery
9921,162784,2024-11-30,7100,12,30,1,15.17,Quality Issue
9922,93353,2024-07-16,2735,193,7,1,8.1,Not Needed
9923,267102,2025-06-13,21773,258,19,1,4.63,Quality Issue
9924,116305,2024-09-11,23516,117,17,1,27.03,Wrong Item
9925,221030,2025-03-12,3986,463,4,1,28.03,Damaged
9926,292917,2025-08-08,21789,503,9,1,95.15,Not Needed
9927,34556,2024-03-22,5818,510,27,2,13.56,Damaged
9928,309766,2025-09-20,6895,179,30,1,3.84,Not Needed
9929,115844,2024-09-06,12476,74,11,1,7.12,Quality Issue
9930,341902,2025-12-02,7990,385,29,2,7.64,Not Needed
9931,25476,2024-03-06,7554,48,6,1,4.31,Quality Issue
9932,366223,2026-01-02,6250,186,33,1,2.0,Damaged
9933,203399,2025-02-06,13659,689,17,1,342.25,Damaged
9934,106632,2024-08-12,6580,392,27,1,14.04,Wrong Item
9935,257655,2025-06-05,11664,191,13,2,5.55,Quality Issue
9936,198986,2025-01-26,18238,166,3,2,12.28,Not Needed
9937,227843,2025-04-04,18941,463,26,1,94.47,Quality Issue
9938,352618,2025-12-06,4471,458,6,2,24.16,Not Needed
9939,246158,2025-05-17,9323,565,12,1,25.21,Damaged
9940,76414,2024-06-10,8143,158,28,2,14.29,Late Delivery
9941,276485,2025-07-14,18236,273,11,1,7.67,Quality Issue
9942,267032,2025-06-09,10828,539,26,1,31.82,Damaged
9943,256841,2025-06-02,22225,26,13,1,22.07,Wrong Item
9944,322667,2025-10-06,4020,607,15,1,25.93,Quality Issue
9945,313065,2025-09-19,22343,667,18,1,281.79,Not Needed
9946,132360,2024-10-16,9670,170,32,1,4.91,Damaged
9947,84425,2024-07-01,3754,716,28,1,908.1,Not Needed
9948,197675,2025-01-23,14735,454,10,1,7.02,Not Needed
9949,158803,2024-11-17,11410,279,29,1,118.94,Damaged
9950,246353,2025-05-08,24492,486,25,1,15.72,Wrong Item
9951,360305,2025-12-23,4296,77,30,1,9.67,Damaged
9952,291171,2025-07-30,16630,705,34,1,71.99,Late Delivery
9953,319277,2025-10-08,20493,572,3,1,13.92,Damaged
9954,137092,2024-10-07,9056,104,3,1,9.8,Wrong Item
9955,145139,2024-11-03,15825,453,30,2,81.4,Not Needed
9956,365955,2025-12-27,20674,360,15,1,6.15,Wrong Item
9957,291099,2025-07-27,11815,680,19,1,388.12,Wrong Item
9958,207482,2025-02-21,23940,662,27,1,14.45,Wrong Item
9959,83479,2024-07-06,14935,237,32,1,26.85,Not Needed
9960,126932,2024-10-05,3597,136,23,2,13.14,Late Delivery
9961,46425,2024-04-14,14943,572,15,2,17.03,Quality Issue
9962,320778,2025-10-18,16227,220,13,1,4.52,Not Needed
9963,216850,2025-03-22,6734,371,3,1,9.36,Quality Issue
9964,150771,2024-11-19,20545,142,28,2,12.27,Not Needed
9965,104307,2024-08-21,5173,218,13,2,12.63,Not Needed
9966,48580,2024-04-21,13978,205,13,1,9.56,Not Needed
9967,273815,2025-06-28,6134,636,34,1,160.13,Quality Issue
9968,116947,2024-09-03,6967,490,21,2,33.77,Quality Issue
9969,93957,2024-07-24,9655,305,32,2,111.85,Damaged
9970,167650,2024-12-17,20518,334,18,1,75.26,Not Needed
9971,95568,2024-07-30,21247,482,7,1,10.47,Late Delivery
9972,352034,2025-12-14,14631,72,10,1,4.77,Wrong Item
9973,21594,2024-03-02,20330,330,26,1,24.12,Late Delivery
9974,98161,2024-08-05,18963,427,15,1,3.3,Not Needed
9975,69767,2024-05-29,15230,420,33,2,53.9,Not Needed
9976,109240,2024-08-18,552,127,32,2,17.14,Not Needed
9977,248723,2025-05-13,13757,563,17,1,12.49,Not Needed
9978,294641,2025-08-14,21453,472,19,1,3.8,Not Needed
9979,202923,2025-02-07,24285,317,9,2,14.12,Quality Issue
9980,145967,2024-11-03,8217,654,33,1,274.13,Damaged
9981,240225,2025-04-25,2150,59,20,1,9.84,Late Delivery
9982,256331,2025-06-03,9131,237,3,2,48.3,Late Delivery
9983,259149,2025-05-28,6245,467,25,1,43.37,Quality Issue
9984,81022,2024-06-19,18489,455,11,1,5.44,Not Needed
9985,157756,2024-11-29,6371,222,31,1,7.93,Quality Issue
9986,291527,2025-08-08,8955,462,17,2,30.2,Quality Issue
9987,155624,2024-11-28,12749,514,10,2,65.29,Quality Issue
9988,263542,2025-06-09,1717,101,12,1,18.81,Wrong Item
9989,187488,2025-01-17,481,168,6,2,6.19,Late Delivery
9990,205231,2025-02-11,9663,389,9,1,15.77,Late Delivery
9991,178827,2025-01-02,9420,353,1,1,21.75,Late Delivery
9992,165063,2024-12-14,18738,262,32,1,16.52,Damaged
9993,236269,2025-04-14,24130,207,28,1,13.35,Quality Issue
9994,123728,2024-09-29,10376,137,18,2,16.39,Not Needed
9995,368920,2026-01-03,2110,613,9,1,631.48,Quality Issue
9996,247225,2025-05-08,5106,107,21,1,1.45,Damaged
9997,111595,2024-08-24,5329,68,17,2,15.43,Quality Issue
9998,214671,2025-03-10,24334,488,34,2,24.77,Not Needed
9999,354167,2025-12-17,1024,357,14,1,6.42,Late Delivery
10000,349486,2025-12-08,1712,388,31,2,64.32,Quality Issue
10001,74047,2024-06-08,22919,199,19,1,4.91,Late Delivery
10002,281412,2025-07-05,16717,191,28,1,3.3,Damaged
10003,306011,2025-08-28,22140,210,26,2,12.03,Not Needed
10004,217651,2025-03-06,19798,456,34,1,6.1,Not Needed
10005,120477,2024-09-17,23803,186,22,2,11.64,Quality Issue
10006,318117,2025-09-30,15130,175,25,2,3.43,Wrong Item
10007,91102,2024-07-15,230,362,14,2,34.92,Not Needed
10008,174492,2024-12-29,6969,204,20,1,3.45,Damaged
10009,190861,2025-01-23,22625,471,8,1,11.9,Not Needed
10010,313881,2025-10-02,11798,455,12,1,6.95,Not Needed
10011,88891,2024-07-17,16099,66,8,2,9.51,Quality Issue
10012,253444,2025-05-19,2542,468,9,1,76.14,Not Needed
10013,278869,2025-07-04,23778,656,3,1,272.88,Wrong Item
10014,112728,2024-08-24,6271,612,33,1,320.2,Late Delivery
10015,193746,2025-01-17,18035,224,7,2,22.78,Damaged
10016,292716,2025-08-04,15686,633,1,1,218.05,Not Needed
10017,323214,2025-10-10,21080,126,3,2,15.13,Quality Issue
10018,92257,2024-07-23,17743,186,34,1,4.39,Not Needed
10019,318425,2025-10-01,16103,563,7,1,16.69,Not Needed
10020,209927,2025-03-07,9322,547,33,2,10.58,Late Delivery
10021,262473,2025-06-02,19934,540,9,2,23.57,Not Needed
10022,113872,2024-08-31,637,423,15,1,66.64,Damaged
10023,305806,2025-09-10,12012,262,11,1,69.83,Not Needed
10024,169499,2024-12-08,13105,93,32,1,1.53,Late Delivery
10025,167193,2024-12-04,18549,360,17,1,9.78,Quality Issue
10026,241859,2025-05-04,17891,186,32,1,7.73,Late Delivery
10027,11275,2024-02-09,6539,7,21,1,12.6,Late Delivery
10028,153257,2024-11-26,9398,456,32,1,6.1,Not Needed
10029,12187,2024-02-01,16990,153,32,2,9.21,Damaged
10030,307237,2025-09-11,3168,333,32,2,26.4,Late Delivery
10031,343869,2025-12-03,14100,508,27,1,16.67,Late Delivery
10032,141908,2024-10-24,13677,380,18,2,54.67,Wrong Item
10033,299571,2025-08-20,21960,141,32,1,13.5,Not Needed
10034,329209,2025-10-26,21971,312,12,2,13.15,Damaged
10035,324100,2025-10-20,17492,238,18,1,45.75,Wrong Item
10036,306172,2025-09-01,21124,419,34,2,30.79,Damaged
10037,60484,2024-05-20,11427,105,21,1,15.55,Not Needed
10038,353345,2025-12-13,12677,160,28,2,7.7,Not Needed
10039,305501,2025-09-03,10877,81,7,1,15.94,Damaged
10040,238994,2025-04-30,6933,426,32,1,32.11,Damaged
10041,158075,2024-11-25,10776,551,23,2,22.81,Wrong Item
10042,339634,2025-11-10,15840,109,11,1,8.11,Late Delivery
10043,97422,2024-07-28,5154,194,28,1,4.92,Wrong Item
10044,318611,2025-09-30,9216,82,32,1,1.45,Quality Issue
10045,141773,2024-10-24,19765,9,5,1,6.08,Quality Issue
10046,237119,2025-04-25,12950,203,28,2,3.16,Not Needed
10047,281711,2025-07-13,14090,281,15,1,39.87,Not Needed
10048,37129,2024-04-02,10313,207,7,2,8.25,Damaged
10049,279881,2025-07-18,14306,23,12,2,23.33,Late Delivery
10050,271181,2025-07-02,10459,82,11,2,1.64,Damaged
10051,70631,2024-06-16,8565,113,27,1,19.03,Not Needed
10052,245717,2025-05-17,18165,172,24,1,18.91,Late Delivery
10053,28584,2024-03-12,17503,544,5,1,2.66,Quality Issue
10054,283604,2025-07-29,8633,308,5,1,15.71,Not Needed
10055,155852,2024-11-23,12625,34,29,1,22.65,Quality Issue
10056,51074,2024-04-24,2345,615,5,1,416.04,Not Needed
10057,96757,2024-07-21,20020,100,32,1,6.67,Late Delivery
10058,183796,2025-01-10,2099,357,26,2,8.57,Damaged
10059,201373,2025-02-10,18529,469,30,1,3.89,Not Needed
10060,84600,2024-07-12,5297,592,9,1,290.66,Not Needed
10061,69493,2024-05-30,8890,73,15,1,16.02,Not Needed
10062,97223,2024-08-03,12918,523,12,1,23.4,Damaged
10063,139782,2024-10-15,13299,666,25,1,266.25,Wrong Item
10064,211111,2025-03-04,4962,186,9,1,2.33,Not Needed
10065,186243,2025-01-04,12580,387,25,1,24.15,Wrong Item
10066,24444,2024-03-09,22370,120,10,1,15.83,Wrong Item
10067,140328,2024-10-20,16259,625,29,1,324.27,Wrong Item
10068,153784,2024-11-10,17081,341,11,2,35.39,Not Needed
10069,64852,2024-05-26,3877,23,9,2,26.24,Wrong Item
10070,362979,2025-12-23,23286,57,19,1,2.03,Quality Issue
10071,308433,2025-09-09,15605,221,29,1,5.52,Not Needed
10072,71595,2024-06-13,16572,20,24,2,16.84,Late Delivery
10073,181737,2024-12-23,16890,477,17,1,15.62,Not Needed
10074,49146,2024-05-04,3125,243,3,1,23.37,Not Needed
10075,86983,2024-07-17,13466,134,11,2,14.76,Damaged
10076,307488,2025-09-18,15741,245,22,1,7.16,Not Needed
10077,179627,2024-12-24,282,177,21,1,33.9,Damaged
10078,133891,2024-10-16,21798,28,18,2,14.27,Damaged
10079,355948,2025-12-08,4280,88,15,2,9.17,Late Delivery
10080,109820,2024-08-28,15623,401,3,2,62.17,Wrong Item
10081,254783,2025-05-18,22099,338,32,2,33.58,Not Needed
10082,332238,2025-11-11,8093,629,32,1,28.74,Not Needed
10083,39307,2024-04-10,12574,338,5,1,13.55,Not Needed
10084,44851,2024-04-24,21287,162,23,1,7.01,Not Needed
10085,76710,2024-06-10,3684,557,17,2,15.01,Quality Issue
10086,22309,2024-03-07,20076,34,10,1,4.91,Damaged
10087,23662,2024-03-12,4885,600,9,1,28.97,Damaged
10088,330287,2025-10-22,6419,245,14,1,26.14,Damaged
10089,353992,2025-12-14,16777,213,19,1,21.03,Not Needed
10090,283019,2025-07-24,13281,408,29,1,6.08,Quality Issue
10091,164277,2024-12-05,20271,23,17,1,15.15,Quality Issue
10092,360509,2026-01-04,15264,708,32,1,168.18,Late Delivery
10093,38070,2024-03-28,21912,93,32,1,6.02,Late Delivery
10094,220793,2025-03-18,13995,538,3,1,6.23,Damaged
10095,254029,2025-05-24,21200,331,5,1,29.02,Late Delivery
10096,128540,2024-09-27,23002,180,32,1,5.19,Not Needed
10097,202325,2025-02-14,23382,394,28,2,31.44,Quality Issue
10098,109644,2024-08-27,20898,156,22,1,0.66,Wrong Item
10099,239910,2025-04-30,734,127,22,1,9.73,Quality Issue
10100,275919,2025-06-26,12907,155,12,2,17.33,Wrong Item
10101,178812,2024-12-23,15217,246,12,1,22.56,Wrong Item
10102,23584,2024-02-28,9708,622,3,1,91.37,Quality Issue
10103,165028,2024-11-30,21137,157,34,1,14.5,Quality Issue
10104,291036,2025-08-02,9086,578,4,1,35.64,Damaged
10105,148993,2024-11-01,8517,180,19,1,6.32,Quality Issue
10106,267965,2025-06-14,15637,48,7,1,3.74,Quality Issue
10107,161544,2024-11-29,7179,94,15,1,2.08,Wrong Item
10108,189732,2025-01-18,16173,21,20,2,9.58,Wrong Item
10109,59902,2024-05-22,23012,5,23,2,17.14,Damaged
10110,223997,2025-03-21,6434,90,31,2,10.84,Not Needed
10111,216956,2025-03-06,7031,588,27,1,320.1,Not Needed
10112,101395,2024-07-31,13743,94,34,2,7.87,Not Needed
10113,266392,2025-06-16,23901,24,9,1,24.53,Damaged
10114,266299,2025-06-23,13175,77,3,2,24.57,Not Needed
10115,28686,2024-03-24,19153,499,8,1,6.98,Not Needed
10116,210525,2025-02-20,8583,717,1,1,432.42,Quality Issue
10117,63886,2024-05-19,14935,81,18,1,14.73,Quality Issue
10118,159839,2024-12-05,23270,113,17,1,5.62,Wrong Item
10119,285994,2025-07-16,8356,586,2,1,203.6,Quality Issue
10120,93415,2024-07-26,24072,108,15,1,3.77,Not Needed
10121,231483,2025-04-03,20053,282,8,1,11.6,Damaged
10122,359004,2025-12-19,10439,230,18,2,56.46,Quality Issue
10123,270177,2025-06-22,2229,138,4,2,31.68,Late Delivery
10124,7169,2024-01-30,24847,353,18,2,28.75,Late Delivery
10125,334283,2025-11-11,14515,581,29,2,6.69,Wrong Item
10126,236729,2025-04-23,23269,72,32,1,7.49,Damaged
10127,179926,2025-01-01,10001,60,33,2,22.38,Damaged
10128,185221,2025-01-09,23229,275,30,2,39.54,Not Needed
10129,76641,2024-06-20,3672,125,3,1,33.14,Not Needed
10130,258085,2025-05-24,21137,410,33,1,14.7,Damaged
10131,296018,2025-08-08,22385,385,14,2,16.57,Not Needed
10132,272,2024-01-10,197,288,9,2,56.84,Not Needed
10133,225774,2025-03-23,9017,494,18,1,8.14,Not Needed
10134,1496,2024-01-20,490,562,9,1,7.61,Damaged
10135,110660,2024-08-27,19129,259,14,1,67.62,Late Delivery
10136,252200,2025-05-20,17125,396,21,2,79.84,Damaged
10137,118416,2024-09-16,5790,201,18,2,12.51,Wrong Item
10138,156413,2024-12-01,7750,164,17,1,6.03,Not Needed
10139,115065,2024-08-25,12684,394,29,1,57.71,Wrong Item
10140,119048,2024-09-15,24050,50,7,1,9.84,Damaged
10141,36716,2024-03-29,20083,116,9,1,10.4,Not Needed
10142,336496,2025-11-08,16914,526,10,1,22.97,Not Needed
10143,137653,2024-10-20,20851,317,23,1,5.27,Wrong Item
10144,166936,2024-12-02,12161,34,8,2,29.43,Damaged
10145,309204,2025-09-04,18541,599,14,1,223.62,Late Delivery
10146,157737,2024-11-16,22751,438,18,2,14.95,Quality Issue
10147,62039,2024-05-28,3072,317,20,1,4.21,Late Delivery
10148,74601,2024-06-12,9090,48,31,2,1.34,Not Needed
10149,164441,2024-11-27,21126,431,19,2,44.19,Quality Issue
10150,224373,2025-04-02,19025,376,13,2,45.34,Damaged
10151,213743,2025-02-27,11319,507,26,1,5.45,Damaged
10152,53496,2024-04-27,16000,184,22,1,3.09,Wrong Item
10153,24985,2024-03-16,9477,508,17,1,14.13,Not Needed
10154,31457,2024-03-23,13388,347,33,1,2.18,Not Needed
10155,226959,2025-04-01,24254,57,18,1,2.22,Late Delivery
10156,30499,2024-03-28,20591,67,7,2,22.88,Wrong Item
10157,90785,2024-07-24,17257,281,1,1,80.87,Not Needed
10158,354912,2025-12-10,19908,509,10,2,20.33,Not Needed
10159,251861,2025-05-18,19159,202,22,1,17.49,Quality Issue
10160,13834,2024-02-06,14911,88,23,1,21.01,Not Needed
10161,352029,2025-12-02,11345,22,33,1,12.78,Quality Issue
10162,318440,2025-09-27,23556,320,8,1,15.77,Late Delivery
10163,50652,2024-04-28,5568,14,15,2,14.57,Quality Issue
10164,278431,2025-07-10,18702,184,25,2,5.94,Not Needed
10165,158461,2024-12-05,22280,5,18,2,39.33,Wrong Item
10166,169475,2024-12-07,12823,442,18,1,5.71,Late Delivery
10167,260757,2025-06-15,4699,167,29,1,46.09,Not Needed
10168,54426,2024-05-01,8511,62,29,1,5.52,Not Needed
10169,292005,2025-08-11,12732,546,8,2,59.66,Late Delivery
10170,75189,2024-06-25,21180,569,8,2,21.39,Late Delivery
10171,147479,2024-11-15,11706,120,17,2,15.17,Late Delivery
10172,278923,2025-07-11,6754,182,25,1,3.9,Not Needed
10173,234510,2025-04-11,11877,38,29,1,4.26,Quality Issue
10174,73905,2024-06-09,6930,450,8,1,24.62,Not Needed
10175,188079,2025-01-10,5932,498,26,1,25.23,Late Delivery
10176,198245,2025-01-26,4433,437,16,1,37.05,Damaged
10177,303689,2025-09-02,7226,365,6,1,8.43,Damaged
10178,341407,2025-11-23,4476,168,21,1,21.91,Late Delivery
10179,221433,2025-03-31,17939,437,33,1,22.3,Not Needed
10180,134474,2024-10-14,9884,205,34,2,4.6,Damaged
10181,228804,2025-04-08,18437,689,2,1,291.26,Not Needed
10182,95395,2024-08-03,22736,515,15,1,13.65,Late Delivery
10183,123571,2024-09-17,23748,52,30,1,3.27,Late Delivery
10184,358103,2025-12-24,20016,166,1,2,3.4,Damaged
10185,234777,2025-04-09,2126,321,34,1,51.67,Not Needed
10186,184824,2025-01-11,19834,98,19,1,11.67,Not Needed
10187,302265,2025-08-21,20809,50,5,1,11.61,Late Delivery
10188,224526,2025-03-21,20878,614,19,1,105.68,Late Delivery
10189,328485,2025-11-04,2978,716,10,1,330.75,Not Needed
10190,199450,2025-01-29,1569,598,4,1,414.46,Wrong Item
10191,33422,2024-04-01,20644,517,32,1,4.47,Damaged
10192,278979,2025-07-09,3018,476,16,1,48.13,Not Needed
10193,33293,2024-03-25,6364,85,33,1,34.77,Damaged
10194,133634,2024-10-08,17698,444,8,2,6.26,Quality Issue
10195,121758,2024-09-20,23236,44,23,1,12.21,Quality Issue
10196,119893,2024-09-03,12270,18,4,1,3.42,Damaged
10197,77844,2024-06-28,21582,384,9,1,10.43,Quality Issue
10198,147733,2024-10-30,20046,700,8,1,168.06,Late Delivery
10199,291887,2025-07-29,23485,5,24,1,27.11,Late Delivery
10200,111863,2024-08-28,4277,184,16,1,14.29,Damaged
10201,273853,2025-07-01,20819,378,22,2,15.91,Late Delivery
10202,237400,2025-04-14,20113,234,5,1,7.26,Not Needed
10203,109285,2024-08-20,15919,671,22,1,246.54,Not Needed
10204,62180,2024-05-15,2906,562,14,1,14.64,Quality Issue
10205,185131,2025-01-17,19002,28,27,2,11.66,Damaged
10206,107697,2024-08-18,10618,469,30,1,4.87,Late Delivery
10207,248291,2025-05-05,2660,312,4,2,12.73,Damaged
10208,234396,2025-04-10,7486,88,26,1,19.47,Late Delivery
10209,31401,2024-03-20,4537,132,29,2,20.05,Damaged
10210,242319,2025-05-09,5802,121,14,2,9.92,Not Needed
10211,60610,2024-05-25,5281,191,11,1,9.32,Wrong Item
10212,208407,2025-02-28,22771,708,28,1,93.48,Quality Issue
10213,48598,2024-04-28,4786,553,34,2,16.21,Not Needed
10214,167514,2024-12-09,293,387,32,1,13.47,Damaged
10215,205729,2025-02-27,4390,78,18,2,53.75,Not Needed
10216,324384,2025-10-12,20730,118,12,2,10.46,Late Delivery
10217,132724,2024-10-02,16731,126,28,1,6.22,Not Needed
10218,283914,2025-07-13,23340,616,3,2,292.32,Damaged
10219,271590,2025-06-28,4256,215,13,1,5.37,Damaged
10220,159558,2024-11-17,13371,44,2,2,13.61,Quality Issue
10221,55126,2024-05-09,919,97,17,1,1.64,Late Delivery
10222,149809,2024-11-02,23511,557,18,1,2.4,Not Needed
10223,343762,2025-11-29,5578,544,29,2,4.76,Not Needed
10224,146471,2024-11-07,953,548,24,1,19.35,Quality Issue
10225,195786,2025-01-22,22527,530,18,1,27.41,Damaged
10226,190860,2025-01-10,5899,546,26,1,75.19,Not Needed
10227,90707,2024-07-08,10279,88,29,2,19.89,Quality Issue
10228,237212,2025-04-17,22494,194,17,1,2.72,Wrong Item
10229,212594,2025-03-03,11152,243,34,1,34.51,Late Delivery
10230,200386,2025-02-12,14262,707,26,1,389.99,Wrong Item
10231,235074,2025-04-18,15311,3,32,1,5.3,Not Needed
10232,250556,2025-05-20,22689,641,20,2,216.55,Not Needed
10233,122373,2024-09-20,15586,11,2,2,8.27,Wrong Item
10234,299595,2025-08-21,14123,27,9,1,34.85,Quality Issue
10235,306792,2025-09-03,23418,189,10,1,6.52,Wrong Item
10236,329511,2025-10-23,19559,142,20,1,3.24,Not Needed
10237,81222,2024-06-21,6402,425,13,1,39.67,Not Needed
10238,255524,2025-05-20,22460,315,31,1,2.96,Damaged
10239,11273,2024-01-30,14331,180,20,2,4.72,Late Delivery
10240,195233,2025-01-18,20465,146,23,2,6.74,Damaged
10241,159395,2024-11-27,6442,110,30,2,36.34,Not Needed
10242,297127,2025-08-15,8630,529,33,1,29.83,Late Delivery
10243,72769,2024-06-11,14885,418,24,1,30.85,Not Needed
10244,264533,2025-06-05,11890,325,1,1,32.1,Late Delivery
10245,175954,2024-12-26,3290,204,27,1,5.14,Damaged
10246,2504,2024-01-17,19642,22,25,1,5.04,Not Needed
10247,133549,2024-10-12,11053,393,7,1,13.63,Wrong Item
10248,93642,2024-07-15,14557,451,33,2,50.81,Late Delivery
10249,224249,2025-03-31,18371,309,12,1,67.58,Not Needed
10250,84551,2024-07-09,725,533,29,2,50.45,Damaged
10251,67827,2024-06-06,7676,457,33,1,8.44,Quality Issue
10252,62733,2024-05-28,10509,501,18,1,25.46,Not Needed
10253,335366,2025-11-16,16886,18,32,1,3.78,Quality Issue
10254,76279,2024-06-26,18044,311,8,2,46.43,Not Needed
10255,67140,2024-06-11,19002,525,22,1,17.44,Quality Issue
10256,286490,2025-08-03,17795,670,4,1,356.72,Not Needed
10257,123734,2024-09-16,7616,388,7,1,19.66,Quality Issue
10258,218727,2025-03-14,18979,438,25,2,11.78,Late Delivery
10259,130732,2024-09-30,9404,404,32,1,10.09,Not Needed
10260,20349,2024-02-23,23523,326,34,1,17.86,Wrong Item
10261,16165,2024-02-18,19334,228,6,2,93.65,Quality Issue
10262,207669,2025-02-21,15643,147,24,1,13.28,Not Needed
10263,138113,2024-10-28,9578,682,34,1,185.15,Late Delivery
10264,100569,2024-08-01,11441,444,11,2,6.62,Wrong Item
10265,73183,2024-06-17,17074,88,29,1,5.65,Not Needed
10266,194814,2025-01-22,14482,577,18,2,13.94,Quality Issue
10267,225031,2025-03-22,11790,13,18,2,4.81,Late Delivery
10268,344563,2025-11-20,7914,579,6,1,75.1,Not Needed
10269,111153,2024-08-16,5997,228,32,1,16.87,Not Needed
10270,69822,2024-05-30,2899,148,5,2,26.59,Late Delivery
10271,255397,2025-06-01,23791,68,8,1,5.48,Damaged
10272,269399,2025-06-21,7663,169,28,1,5.45,Damaged
10273,28346,2024-03-12,5345,337,10,1,14.79,Late Delivery
10274,284702,2025-07-25,54,327,26,2,23.12,Damaged
10275,158041,2024-11-30,15643,108,9,1,14.6,Damaged
10276,264540,2025-06-08,10600,41,21,1,21.23,Not Needed
10277,149673,2024-11-21,20594,158,34,2,28.12,Quality Issue
10278,235116,2025-04-18,19704,195,29,1,18.03,Damaged
10279,87919,2024-07-08,2637,274,17,2,77.63,Not Needed
10280,18907,2024-03-03,6115,574,6,1,35.94,Quality Issue
10281,306493,2025-09-02,575,82,16,1,3.67,Wrong Item
10282,251576,2025-05-20,5288,438,22,1,17.86,Quality Issue
10283,21808,2024-02-19,813,655,26,1,271.92,Damaged
10284,141012,2024-10-15,6997,604,29,1,671.6,Late Delivery
10285,327214,2025-10-29,23748,155,33,2,21.89,Damaged
10286,67707,2024-06-10,13395,137,34,1,33.06,Late Delivery
10287,295022,2025-08-19,8732,624,6,1,37.01,Wrong Item
10288,153909,2024-11-18,3303,57,17,1,4.51,Late Delivery
10289,140496,2024-10-22,17205,92,14,1,0.73,Not Needed
10290,155337,2024-11-22,22795,342,17,1,15.98,Quality Issue
10291,52076,2024-05-11,4294,224,16,2,12.21,Not Needed
10292,283499,2025-07-12,24244,54,32,1,3.19,Not Needed
10293,40895,2024-04-17,12070,526,15,1,25.69,Not Needed
10294,149318,2024-11-14,22895,351,14,1,99.51,Late Delivery
10295,123256,2024-09-25,10787,388,24,1,31.07,Not Needed
10296,204070,2025-02-09,21269,701,27,1,398.14,Wrong Item
10297,153051,2024-11-10,15501,352,10,1,9.89,Late Delivery
10298,12800,2024-02-03,673,366,14,1,9.24,Late Delivery
10299,242780,2025-05-06,19097,695,1,1,377.08,Late Delivery
10300,350278,2025-12-17,9227,177,17,2,48.77,Damaged
10301,179704,2025-01-04,16802,115,5,1,5.95,Damaged
10302,118510,2024-09-03,5530,68,21,2,43.29,Not Needed
10303,170935,2024-12-18,10817,124,6,1,21.97,Not Needed
10304,85514,2024-07-09,21434,228,4,2,35.82,Wrong Item
10305,334982,2025-11-04,18887,67,6,1,21.7,Damaged
10306,148446,2024-11-17,10655,437,28,1,17.12,Damaged
10307,314580,2025-09-22,6783,260,13,1,27.14,Not Needed
10308,200648,2025-02-15,13602,713,16,1,376.91,Not Needed
10309,73426,2024-06-17,3548,672,28,1,56.75,Not Needed
10310,43226,2024-04-08,10683,457,21,2,27.58,Not Needed
10311,235317,2025-04-18,16539,695,18,1,220.6,Quality Issue
10312,1606,2024-01-23,1,179,10,1,5.3,Quality Issue
10313,111762,2024-08-18,18240,378,11,1,9.63,Not Needed
10314,156803,2024-11-19,17827,360,17,1,7.65,Not Needed
10315,201282,2025-02-08,1043,376,26,2,28.78,Not Needed
10316,114463,2024-08-29,3961,19,34,1,25.93,Late Delivery
10317,78657,2024-06-26,3919,218,32,2,4.42,Damaged
10318,303419,2025-09-02,6817,652,18,1,341.95,Damaged
10319,174993,2024-12-22,16708,583,27,1,5.1,Quality Issue
10320,226181,2025-04-01,15407,127,31,1,10.52,Quality Issue
10321,196733,2025-01-22,7798,567,8,1,3.52,Quality Issue
10322,17541,2024-02-14,21734,638,32,1,38.34,Not Needed
10323,339440,2025-11-09,1447,470,29,1,37.15,Not Needed
10324,302277,2025-08-28,15867,389,11,2,18.29,Not Needed
10325,348693,2025-11-26,17224,459,23,1,14.33,Late Delivery
10326,152596,2024-11-08,9614,389,30,2,39.0,Not Needed
10327,275688,2025-06-26,15383,132,32,1,13.59,Damaged
10328,217204,2025-03-22,10327,465,17,1,5.52,Not Needed
10329,263148,2025-06-08,5790,22,4,2,63.29,Not Needed
10330,39485,2024-04-07,1218,57,1,1,2.72,Not Needed
10331,302954,2025-09-08,10812,80,5,1,36.82,Late Delivery
10332,332066,2025-11-05,16886,276,8,2,23.21,Quality Issue
10333,292505,2025-08-15,4716,405,27,1,76.81,Not Needed
10334,245111,2025-05-12,9077,112,9,1,13.8,Late Delivery
10335,272578,2025-06-28,19891,434,31,1,6.78,Quality Issue
10336,226046,2025-03-26,22019,424,10,1,27.27,Late Delivery
10337,49963,2024-04-21,2574,462,19,1,17.15,Not Needed
10338,2247,2024-01-22,12711,328,17,1,7.34,Not Needed
10339,342479,2025-11-21,9743,393,14,1,10.93,Not Needed
10340,304563,2025-09-08,15204,672,2,1,60.88,Quality Issue
10341,350031,2025-12-05,8203,171,2,2,6.75,Not Needed
10342,205859,2025-02-27,18558,298,33,1,14.23,Not Needed
10343,118364,2024-09-17,12047,150,7,1,4.43,Damaged
10344,319274,2025-10-01,14720,547,29,1,1.34,Wrong Item
10345,39585,2024-04-01,15643,221,33,1,1.67,Not Needed
10346,260518,2025-06-06,23299,124,4,1,3.14,Not Needed
10347,33132,2024-03-31,23452,55,22,2,8.86,Quality Issue
10348,180932,2025-01-05,21793,372,8,1,25.23,Damaged
10349,352742,2025-12-14,16085,138,14,1,9.28,Damaged
10350,302278,2025-08-25,14545,631,29,1,325.25,Damaged
10351,245238,2025-05-12,5021,378,14,2,11.63,Not Needed
10352,10001,2024-01-28,3026,163,11,2,6.86,Quality Issue
10353,96052,2024-07-23,12915,335,6,1,24.29,Damaged
10354,167223,2024-12-08,9440,165,28,1,17.62,Not Needed
10355,48397,2024-04-25,23464,15,19,1,7.69,Damaged
10356,324372,2025-10-09,21777,121,30,1,3.04,Late Delivery
10357,57505,2024-05-04,21278,56,7,1,20.37,Quality Issue
10358,284874,2025-07-16,14322,409,16,1,10.17,Not Needed
10359,164298,2024-11-26,15787,136,21,1,3.61,Quality Issue
10360,153251,2024-11-14,3591,608,21,1,193.41,Not Needed
10361,138101,2024-10-24,20771,709,18,1,289.95,Not Needed
10362,236162,2025-04-16,17364,331,1,1,69.65,Not Needed
10363,53586,2024-05-04,10199,612,31,1,261.38,Not Needed
10364,111768,2024-08-18,7476,314,21,2,88.61,Damaged
10365,296117,2025-08-24,23353,75,18,2,34.8,Damaged
10366,184895,2025-01-11,1375,693,9,1,574.5,Quality Issue
10367,120351,2024-09-16,24168,514,15,1,11.03,Not Needed
10368,64782,2024-06-02,13386,522,14,1,19.44,Quality Issue
10369,369015,2026-01-17,158,457,5,1,47.34,Wrong Item
10370,256105,2025-05-31,19270,27,9,1,5.38,Wrong Item
10371,60159,2024-05-20,6134,98,33,1,2.4,Damaged
10372,109043,2024-08-28,10317,73,33,2,8.89,Quality Issue
10373,231464,2025-04-09,12902,28,15,1,14.78,Not Needed
10374,78420,2024-07-01,9466,697,17,1,390.49,Damaged
10375,148955,2024-11-19,21804,615,16,1,490.44,Late Delivery
10376,55427,2024-05-17,20828,235,24,1,44.31,Not Needed
10377,10882,2024-02-02,13628,128,33,2,58.56,Wrong Item
10378,194415,2025-01-16,7689,324,16,1,58.31,Damaged
10379,128821,2024-09-29,14869,65,33,2,16.67,Wrong Item
10380,252207,2025-05-29,23325,373,30,1,9.3,Not Needed
10381,336693,2025-11-19,11788,33,28,1,39.82,Not Needed
10382,88980,2024-07-17,12903,160,26,1,22.53,Damaged
10383,247732,2025-05-16,200,423,24,2,30.91,Not Needed
10384,242977,2025-04-30,16370,116,9,1,4.27,Quality Issue
10385,327568,2025-10-24,12673,267,9,2,84.3,Late Delivery
10386,313088,2025-09-29,15455,163,34,1,5.93,Not Needed
10387,247689,2025-05-06,1999,291,24,1,19.24,Quality Issue
10388,20921,2024-02-27,19670,629,21,2,74.77,Not Needed
10389,56474,2024-05-05,17855,625,22,1,238.09,Late Delivery
10390,224839,2025-03-22,13625,229,22,1,51.55,Damaged
10391,362131,2026-01-08,18458,53,32,1,2.7,Damaged
10392,317644,2025-10-07,4178,543,11,2,42.76,Late Delivery
10393,306926,2025-09-17,604,565,33,1,34.76,Not Needed
10394,349656,2025-12-15,1254,199,26,1,3.82,Not Needed
10395,4735,2024-01-13,2456,275,5,1,46.56,Late Delivery
10396,181149,2025-01-01,874,50,5,1,34.19,Quality Issue
10397,101279,2024-08-15,22515,226,21,1,28.18,Late Delivery
10398,145724,2024-10-27,10592,262,21,1,33.37,Quality Issue
10399,5582,2024-01-24,22638,296,29,1,10.13,Not Needed
10400,260983,2025-06-06,11937,23,22,2,9.36,Not Needed
10401,293514,2025-08-16,3641,69,4,1,15.49,Not Needed
10402,54582,2024-05-17,3142,108,19,1,7.34,Not Needed
10403,300055,2025-08-31,2829,116,29,2,15.48,Damaged
10404,65103,2024-05-22,21544,212,29,1,9.33,Late Delivery
10405,212046,2025-03-12,12554,689,14,1,403.23,Late Delivery
10406,160475,2024-11-22,1363,50,18,1,14.58,Late Delivery
10407,62852,2024-05-23,4146,32,5,2,15.28,Late Delivery
10408,226476,2025-04-06,8487,152,17,1,6.4,Not Needed
10409,94681,2024-07-22,20943,61,14,2,36.92,Quality Issue
10410,108909,2024-08-13,13094,92,3,1,3.86,Wrong Item
10411,330468,2025-11-05,15934,95,8,1,2.77,Not Needed
10412,337969,2025-11-25,19551,87,1,2,2.36,Late Delivery
10413,36005,2024-03-31,2505,413,30,2,14.47,Quality Issue
10414,7443,2024-01-20,16605,243,12,2,62.93,Not Needed
10415,100635,2024-08-11,4410,423,32,2,36.39,Quality Issue
10416,137107,2024-10-13,261,173,31,1,49.9,Not Needed
10417,200421,2025-02-06,17451,57,6,1,3.11,Damaged
10418,340772,2025-11-28,3337,45,24,2,27.48,Not Needed
10419,54993,2024-05-01,9885,228,13,1,15.19,Quality Issue
10420,22958,2024-02-24,17734,600,3,1,37.06,Quality Issue
10421,348720,2025-11-28,13448,136,7,2,12.19,Not Needed
10422,337761,2025-11-15,1672,175,16,2,6.73,Late Delivery
10423,362390,2026-01-06,10908,39,21,1,4.93,Not Needed
10424,26516,2024-03-13,23241,255,8,2,43.58,Quality Issue
10425,103052,2024-08-02,11655,338,18,2,39.13,Damaged
10426,1101,2024-01-09,17276,76,8,1,6.92,Wrong Item
10427,241335,2025-04-27,2707,590,20,1,108.49,Late Delivery
10428,335273,2025-11-09,23733,303,8,1,25.98,Damaged
10429,136116,2024-10-22,16387,89,7,2,25.55,Not Needed
10430,357867,2025-12-15,6434,207,5,1,12.16,Not Needed
10431,80846,2024-06-21,10555,694,21,1,304.87,Damaged
10432,95926,2024-08-03,23666,628,14,1,479.91,Not Needed
10433,209953,2025-02-23,678,193,10,1,15.06,Not Needed
10434,318796,2025-10-13,5305,9,18,1,20.49,Damaged
10435,135848,2024-10-19,3717,301,31,1,19.13,Damaged
10436,333276,2025-11-01,5361,508,6,2,16.99,Quality Issue
10437,152512,2024-11-25,7723,22,4,1,32.05,Not Needed
10438,275549,2025-07-11,17123,561,34,2,21.77,Not Needed
10439,44147,2024-04-12,12107,423,2,1,51.21,Not Needed
10440,113196,2024-09-08,19211,634,18,1,220.8,Late Delivery
10441,100737,2024-08-13,12282,214,10,2,17.09,Not Needed
10442,304638,2025-09-08,23965,398,29,1,41.77,Late Delivery
10443,296654,2025-08-25,20272,362,9,2,25.52,Quality Issue
10444,231562,2025-04-03,14851,45,24,1,31.53,Damaged
10445,293292,2025-08-02,22336,432,3,1,6.52,Late Delivery
10446,175564,2024-12-19,12904,1,27,1,0.65,Damaged
10447,7882,2024-02-04,2948,55,29,1,24.49,Not Needed
10448,98087,2024-08-10,2814,419,20,1,14.03,Damaged
10449,293855,2025-08-16,7618,177,17,1,12.86,Damaged
10450,282776,2025-07-14,12783,148,29,2,11.06,Quality Issue
10451,21677,2024-03-08,17496,299,15,1,22.03,Not Needed
10452,105534,2024-08-05,794,295,7,1,28.54,Late Delivery
10453,249121,2025-05-17,15242,183,5,1,4.48,Not Needed
10454,291364,2025-07-27,24932,279,24,2,62.1,Quality Issue
10455,2077,2024-01-23,7078,56,9,1,12.66,Not Needed
10456,306147,2025-08-30,9713,169,13,1,12.95,Wrong Item
10457,5738,2024-01-21,4639,466,30,1,15.47,Not Needed
10458,243202,2025-04-29,4835,405,30,2,55.02,Quality Issue
10459,237759,2025-04-30,21164,364,15,1,26.12,Late Delivery
10460,90269,2024-07-09,3560,337,5,1,37.83,Quality Issue
10461,194274,2025-01-21,4256,530,18,1,22.88,Quality Issue
10462,330435,2025-10-30,23694,546,33,1,45.37,Damaged
10463,368880,2026-01-06,1925,433,10,2,42.24,Quality Issue
10464,244342,2025-05-07,14507,412,30,1,21.84,Damaged
10465,75655,2024-06-19,17686,279,31,1,46.23,Late Delivery
10466,165223,2024-12-08,15548,98,29,1,5.35,Damaged
10467,198258,2025-02-07,15845,499,33,1,11.11,Not Needed
10468,238101,2025-04-25,23210,34,1,1,8.33,Late Delivery
10469,29469,2024-03-12,11631,405,15,1,11.33,Damaged
10470,322624,2025-10-14,283,236,34,1,6.77,Not Needed
10471,221409,2025-03-21,7940,111,11,1,31.91,Late Delivery
10472,248953,2025-05-08,17146,538,11,1,6.37,Late Delivery
10473,94552,2024-07-17,7128,11,4,2,35.74,Not Needed
10474,10662,2024-02-14,6081,86,26,2,11.9,Late Delivery
10475,321145,2025-10-05,14640,696,32,1,204.87,Quality Issue
10476,96571,2024-08-05,15365,82,13,1,8.59,Damaged
10477,321590,2025-10-19,20913,70,28,2,13.96,Quality Issue
10478,365887,2026-01-14,18350,262,7,1,42.14,Late Delivery
10479,90390,2024-07-08,18638,653,21,1,354.04,Late Delivery
10480,339567,2025-11-21,11685,162,8,2,25.41,Damaged
10481,334635,2025-11-09,13386,331,4,2,108.6,Damaged
10482,265130,2025-06-06,2899,182,30,2,9.52,Not Needed
10483,214605,2025-03-12,15946,67,32,2,18.17,Damaged
10484,309706,2025-09-09,951,166,8,1,1.43,Quality Issue
10485,233100,2025-04-21,14819,244,33,2,34.05,Quality Issue
10486,2787,2024-01-16,21116,602,29,1,76.71,Quality Issue
10487,10585,2024-01-30,7911,124,27,1,5.33,Not Needed
10488,229408,2025-03-30,23454,556,16,2,53.77,Not Needed
10489,275389,2025-06-25,16112,654,15,1,407.48,Late Delivery
10490,352747,2025-12-13,23065,293,3,1,22.84,Damaged
10491,281688,2025-07-15,7224,571,25,1,20.28,Not Needed
10492,245615,2025-04-29,16187,395,27,1,12.53,Wrong Item
10493,13653,2024-02-20,1192,353,15,1,22.45,Not Needed
10494,25210,2024-03-09,17862,58,27,1,4.88,Not Needed
10495,334675,2025-11-14,3719,352,21,1,11.07,Not Needed
10496,48409,2024-04-22,13804,127,28,1,25.81,Not Needed
10497,147591,2024-11-01,6487,98,34,2,5.21,Not Needed
10498,306992,2025-09-05,20107,135,8,2,17.01,Quality Issue
10499,24148,2024-02-26,2808,45,8,1,25.59,Wrong Item
10500,274984,2025-07-09,5721,42,3,1,1.38,Late Delivery
10501,272513,2025-06-25,22775,164,15,1,3.86,Not Needed
10502,120694,2024-09-14,22767,629,26,1,35.38,Wrong Item
10503,70208,2024-06-05,8802,415,29,1,22.23,Damaged
10504,208932,2025-02-17,10266,65,3,1,20.8,Quality Issue
10505,116848,2024-09-11,10724,406,29,1,17.4,Quality Issue
10506,81143,2024-07-03,2103,73,15,1,7.17,Late Delivery
10507,275752,2025-06-30,7307,113,18,1,15.17,Late Delivery
10508,103701,2024-08-18,20427,403,21,2,11.04,Late Delivery
10509,185137,2025-01-10,1984,496,7,2,36.06,Quality Issue
10510,112099,2024-09-02,17415,287,14,2,45.17,Wrong Item
10511,58609,2024-05-24,20629,251,29,2,17.08,Damaged
10512,235329,2025-04-09,15245,211,21,1,7.1,Quality Issue
10513,161851,2024-12-08,15081,11,24,1,31.99,Late Delivery
10514,357651,2025-12-19,22115,11,33,2,23.84,Quality Issue
10515,77481,2024-06-30,4562,273,24,1,5.78,Not Needed
10516,121542,2024-09-20,7396,206,32,1,12.54,Not Needed
10517,175465,2024-12-26,16502,677,34,1,53.97,Not Needed
10518,262020,2025-06-03,12904,42,34,1,6.29,Late Delivery
10519,186347,2025-01-04,18192,198,27,1,6.75,Damaged
10520,179983,2025-01-05,11764,59,32,2,15.12,Quality Issue
10521,221557,2025-03-26,7003,114,29,1,2.33,Not Needed
10522,164958,2024-12-12,11406,552,17,1,18.02,Late Delivery
10523,135335,2024-10-16,8538,191,33,1,3.1,Quality Issue
10524,10339,2024-02-07,5617,637,8,1,252.03,Late Delivery
10525,215164,2025-03-13,13048,217,9,2,16.25,Wrong Item
10526,154838,2024-11-16,8872,374,20,2,46.87,Not Needed
10527,208045,2025-02-16,3688,80,1,1,8.75,Wrong Item
10528,336161,2025-11-15,23514,262,27,1,14.56,Not Needed
10529,323744,2025-10-20,19672,217,24,2,28.35,Not Needed
10530,16136,2024-02-09,12082,264,9,1,15.15,Quality Issue
10531,328405,2025-10-17,2932,717,25,1,278.7,Damaged
10532,102462,2024-08-13,7507,157,2,2,4.17,Quality Issue
10533,324395,2025-10-22,5908,39,6,1,6.52,Not Needed
10534,174168,2024-12-11,24187,6,34,2,7.57,Wrong Item
10535,174757,2024-12-13,15739,517,24,1,2.18,Damaged
10536,366359,2026-01-06,8977,535,34,1,6.64,Damaged
10537,359754,2025-12-26,15690,123,32,2,14.83,Wrong Item
10538,126296,2024-09-30,20947,705,24,1,35.4,Damaged
10539,170767,2024-12-25,15756,40,8,1,11.48,Quality Issue
10540,254068,2025-05-20,19286,387,22,1,17.2,Not Needed
10541,282356,2025-07-13,14933,422,33,1,10.33,Not Needed
10542,241569,2025-05-05,21766,124,20,2,21.67,Damaged
10543,151314,2024-11-06,19963,514,24,1,10.62,Damaged
10544,270329,2025-06-17,16365,289,18,2,24.6,Not Needed
10545,197936,2025-01-29,13042,389,34,1,14.7,Quality Issue
10546,350402,2025-12-10,4294,67,6,2,10.01,Damaged
10547,3071,2024-01-10,11791,78,13,2,26.27,Damaged
10548,90115,2024-07-12,14613,523,21,1,16.08,Not Needed
10549,148382,2024-11-10,23504,222,26,2,12.87,Quality Issue
10550,298014,2025-08-16,16527,471,14,1,33.46,Quality Issue
10551,35048,2024-03-29,18928,88,19,1,3.76,Not Needed
10552,92038,2024-07-28,3553,557,3,1,4.53,Not Needed
10553,18984,2024-02-24,4841,165,31,1,9.61,Late Delivery
10554,104541,2024-08-17,3120,173,1,1,17.45,Quality Issue
10555,104160,2024-08-14,8293,378,18,1,5.44,Not Needed
10556,59726,2024-05-09,12978,526,29,1,29.36,Late Delivery
10557,280426,2025-07-10,5310,120,33,1,9.3,Quality Issue
10558,358187,2025-12-29,13137,551,3,2,32.19,Quality Issue
10559,37002,2024-03-30,11230,146,23,1,3.07,Not Needed
10560,144337,2024-10-27,17796,398,4,1,22.09,Not Needed
10561,216832,2025-03-21,18852,537,18,1,51.38,Late Delivery
10562,45177,2024-04-18,7989,655,5,1,210.56,Wrong Item
10563,229637,2025-04-10,20368,590,20,1,41.36,Quality Issue
10564,12045,2024-02-07,14370,366,34,1,4.55,Not Needed
10565,365307,2026-01-10,24415,383,12,1,9.16,Not Needed
10566,278561,2025-07-17,6828,34,13,1,7.27,Damaged
10567,183783,2025-01-05,11275,444,25,1,3.96,Quality Issue
10568,129953,2024-09-29,3777,297,24,2,30.17,Not Needed
10569,359922,2026-01-03,12599,95,14,2,7.18,Not Needed
10570,82778,2024-07-10,11187,90,12,2,24.41,Not Needed
10571,68126,2024-06-05,13058,77,9,2,21.86,Late Delivery
10572,254579,2025-05-31,19877,30,26,2,5.07,Not Needed
10573,97389,2024-08-03,4404,198,31,2,9.86,Not Needed
10574,143780,2024-10-31,19957,193,32,1,1.8,Damaged
10575,338612,2025-11-26,20859,462,29,1,22.73,Not Needed
10576,290311,2025-08-12,9337,495,13,1,18.32,Not Needed
10577,71132,2024-06-12,19299,224,25,2,11.71,Quality Issue
10578,190629,2025-01-23,16909,502,27,1,13.73,Damaged
10579,274748,2025-06-27,11166,358,26,1,13.72,Not Needed
10580,367544,2026-01-15,20052,32,2,1,13.56,Wrong Item
10581,257064,2025-05-27,1617,75,29,1,19.1,Wrong Item
10582,122145,2024-09-25,17143,169,11,1,27.9,Late Delivery
10583,262569,2025-06-13,8907,365,25,1,20.27,Damaged
10584,290431,2025-08-09,4224,597,32,1,77.72,Quality Issue
10585,104327,2024-08-21,20793,167,2,1,29.18,Quality Issue
10586,206273,2025-02-25,4623,215,32,1,4.58,Wrong Item
10587,175021,2025-01-01,1471,69,12,2,6.54,Damaged
10588,215897,2025-03-11,11263,171,11,2,13.58,Not Needed
10589,51619,2024-05-01,6747,175,10,1,8.22,Wrong Item
10590,308102,2025-09-15,5093,207,14,1,28.44,Not Needed
10591,76054,2024-06-21,13748,15,8,1,13.78,Damaged
10592,94551,2024-07-18,9902,125,26,1,33.25,Quality Issue
10593,88786,2024-07-21,8725,652,13,1,262.39,Not Needed
10594,89428,2024-07-09,18285,6,32,1,2.11,Late Delivery
10595,64075,2024-05-22,22302,71,14,2,12.81,Quality Issue
10596,337878,2025-11-18,5329,73,15,1,22.6,Not Needed
10597,256706,2025-05-23,18190,456,18,1,11.71,Damaged
10598,226325,2025-03-28,12526,26,34,2,6.15,Late Delivery
10599,97587,2024-07-28,20218,587,26,1,50.44,Late Delivery
10600,342924,2025-12-03,13510,11,5,2,10.39,Late Delivery
10601,140603,2024-11-01,13061,368,18,1,5.25,Damaged
10602,230575,2025-04-01,18585,275,32,2,46.25,Not Needed
10603,242952,2025-05-01,24847,339,19,1,6.3,Quality Issue
10604,349988,2025-12-10,2881,597,26,1,74.37,Not Needed
10605,339224,2025-11-11,17767,428,15,1,26.68,Quality Issue
10606,150426,2024-11-03,17115,181,28,1,1.13,Not Needed
10607,194845,2025-01-24,11554,16,29,2,21.94,Not Needed
10608,344976,2025-12-03,20420,290,4,1,45.1,Not Needed
10609,140057,2024-10-25,24480,35,30,1,10.83,Quality Issue
10610,224608,2025-04-02,13779,535,12,2,13.75,Damaged
10611,129822,2024-09-24,1176,215,6,2,15.35,Late Delivery
10612,202586,2025-02-11,5150,41,3,1,11.97,Not Needed
10613,178791,2024-12-27,6259,48,18,1,0.94,Not Needed
10614,335238,2025-11-19,24840,200,16,1,43.64,Late Delivery
10615,333693,2025-11-07,24584,188,20,1,3.28,Wrong Item
10616,334722,2025-11-12,10904,499,14,1,6.19,Not Needed
10617,329191,2025-11-07,10422,459,32,2,44.24,Not Needed
10618,308996,2025-09-11,22710,572,34,2,28.99,Not Needed
10619,152548,2024-11-25,22279,176,18,1,8.25,Late Delivery
10620,252579,2025-05-28,13020,373,31,1,10.76,Not Needed
10621,42765,2024-04-17,13778,152,31,2,7.46,Quality Issue
10622,79395,2024-06-22,22112,524,2,2,87.76,Late Delivery
10623,333955,2025-11-02,15173,141,4,1,32.14,Not Needed
10624,213319,2025-03-10,20388,172,20,1,10.96,Late Delivery
10625,325560,2025-10-20,23562,33,21,2,16.83,Damaged
10626,344192,2025-11-24,21387,679,10,1,165.06,Late Delivery
10627,127085,2024-09-22,4307,539,32,2,23.15,Not Needed
10628,299221,2025-08-17,11680,151,11,1,13.36,Quality Issue
10629,352612,2025-12-14,2109,481,14,2,64.57,Quality Issue
10630,65093,2024-05-26,20979,595,2,2,388.37,Late Delivery
10631,361630,2025-12-20,161,364,23,1,8.0,Not Needed
10632,2327,2024-01-24,13607,25,3,2,39.06,Not Needed
10633,125617,2024-09-27,6212,75,23,2,29.17,Damaged
10634,257853,2025-06-03,1036,381,17,1,10.8,Damaged
10635,222784,2025-03-18,12026,557,10,1,2.87,Late Delivery
10636,257913,2025-06-05,5154,72,33,1,8.28,Damaged
10637,278734,2025-07-02,14493,557,34,1,2.75,Damaged
10638,176855,2024-12-15,16177,354,18,1,11.32,Quality Issue
10639,6550,2024-01-30,11529,482,13,2,20.26,Damaged
10640,77301,2024-06-29,2290,180,18,2,3.17,Not Needed
10641,6142,2024-01-19,3690,71,27,1,7.55,Not Needed
10642,37899,2024-03-25,20132,113,32,2,22.04,Quality Issue
10643,64348,2024-06-02,11609,247,28,1,46.22,Damaged
10644,1836,2024-01-21,19236,325,8,2,49.69,Wrong Item
10645,290531,2025-08-13,461,10,22,2,26.56,Not Needed
10646,84511,2024-07-05,21177,448,2,1,10.65,Not Needed
10647,15878,2024-02-17,8830,560,6,2,11.08,Not Needed
10648,258549,2025-06-02,10248,152,29,1,10.62,Late Delivery
10649,248389,2025-05-11,10898,281,11,2,102.77,Not Needed
10650,92734,2024-07-20,24070,277,6,1,38.3,Quality Issue
10651,39859,2024-04-07,24411,523,21,2,50.97,Not Needed
10652,132461,2024-10-06,20729,170,29,1,2.54,Wrong Item
10653,83301,2024-06-30,13953,216,26,2,40.96,Damaged
10654,67211,2024-05-31,11213,555,4,2,39.14,Quality Issue
10655,33324,2024-03-19,19609,370,32,1,18.62,Wrong Item
10656,198188,2025-02-11,8683,32,33,1,8.63,Not Needed
10657,297480,2025-08-15,5103,26,32,2,18.48,Wrong Item
10658,333672,2025-11-04,470,351,18,1,29.68,Wrong Item
10659,210152,2025-03-01,21033,179,15,2,12.09,Not Needed
10660,55186,2024-05-06,11346,466,33,1,19.92,Late Delivery
10661,159587,2024-11-25,14623,65,13,1,7.8,Not Needed
10662,302482,2025-08-27,1349,25,20,1,10.07,Not Needed
10663,242404,2025-05-10,16198,121,11,1,6.4,Late Delivery
10664,45087,2024-04-08,4225,695,24,1,331.61,Damaged
10665,278589,2025-07-14,9006,694,8,1,150.29,Late Delivery
10666,160381,2024-11-24,1324,481,32,1,60.97,Not Needed
10667,341557,2025-12-02,379,412,18,1,18.79,Quality Issue
10668,232719,2025-04-14,24945,28,29,1,4.34,Not Needed
10669,51249,2024-05-02,4780,184,19,1,6.09,Quality Issue
10670,14251,2024-02-10,1540,299,14,2,81.36,Damaged
10671,5299,2024-01-17,7239,218,7,2,5.93,Quality Issue
10672,79257,2024-07-02,24003,497,5,1,5.26,Not Needed
10673,281362,2025-07-08,24249,237,30,1,23.14,Late Delivery
10674,291362,2025-08-15,24325,401,29,1,23.54,Late Delivery
10675,129201,2024-09-23,12949,367,26,1,20.2,Late Delivery
10676,19532,2024-02-28,2812,62,4,1,7.3,Damaged
10677,3156,2024-01-14,2043,687,15,1,196.66,Not Needed
10678,28624,2024-03-05,6814,502,18,1,11.59,Quality Issue
10679,341272,2025-11-15,17096,279,11,1,16.22,Late Delivery
10680,48110,2024-04-15,18671,480,26,1,29.03,Not Needed
10681,96775,2024-08-03,2183,267,23,1,20.33,Quality Issue
10682,93385,2024-08-01,3538,696,9,1,251.52,Late Delivery
10683,151888,2024-11-15,7290,126,6,2,25.28,Damaged
10684,125931,2024-09-22,22502,314,18,2,62.51,Damaged
10685,306876,2025-09-05,16480,108,23,2,6.41,Not Needed
10686,102522,2024-08-01,14640,316,4,1,16.24,Quality Issue
10687,46612,2024-04-22,4240,424,18,1,19.87,Not Needed
10688,229391,2025-04-13,23047,278,29,1,6.55,Wrong Item
10689,343817,2025-11-27,17336,308,1,1,38.58,Damaged
10690,13365,2024-02-01,14166,163,15,1,3.32,Damaged
10691,151615,2024-11-08,10124,464,21,1,19.24,Not Needed
10692,241998,2025-04-23,13045,255,15,2,30.55,Not Needed
10693,345972,2025-11-21,15809,10,21,1,5.81,Damaged
10694,220805,2025-03-13,2076,553,28,2,33.03,Wrong Item
10695,148504,2024-11-11,10367,137,14,1,45.11,Quality Issue
10696,241271,2025-04-29,1357,428,31,1,45.33,Quality Issue
10697,158842,2024-11-27,7694,160,2,2,9.92,Damaged
10698,257894,2025-06-02,18714,281,7,1,26.44,Not Needed
10699,311910,2025-09-19,11575,527,23,1,15.56,Damaged
10700,80315,2024-07-05,11352,486,13,1,14.3,Wrong Item
10701,183553,2024-12-28,17674,236,24,1,6.42,Not Needed
10702,281006,2025-07-05,14127,333,29,2,37.84,Quality Issue
10703,16520,2024-02-16,21625,86,29,1,5.33,Damaged
10704,85955,2024-07-12,18463,390,25,1,3.22,Late Delivery
10705,228490,2025-04-04,1277,233,5,1,7.81,Quality Issue
10706,269182,2025-06-20,10939,302,34,2,13.15,Damaged
10707,264242,2025-06-05,3182,208,26,2,23.51,Damaged
10708,159433,2024-12-02,6896,475,11,1,5.26,Late Delivery
10709,262112,2025-06-10,7149,518,6,2,7.48,Not Needed
10710,331031,2025-11-05,23066,67,30,1,15.11,Wrong Item
10711,260182,2025-06-05,10389,350,21,2,34.7,Wrong Item
10712,247204,2025-05-19,9307,640,30,1,131.12,Not Needed
10713,297876,2025-08-26,6737,339,32,1,12.39,Wrong Item
10714,130755,2024-10-07,6434,163,23,1,5.64,Not Needed
10715,166374,2024-12-11,4833,194,34,1,1.67,Quality Issue
10716,239223,2025-05-01,21497,431,23,1,14.27,Wrong Item
10717,23385,2024-03-02,8561,80,4,1,16.03,Late Delivery
10718,157549,2024-11-23,15192,163,13,2,5.42,Not Needed
10719,358759,2025-12-26,741,207,32,1,11.5,Not Needed
10720,209241,2025-02-25,21958,703,26,2,343.75,Not Needed
10721,223319,2025-03-18,20209,496,7,1,23.08,Wrong Item
10722,284849,2025-07-25,4441,440,9,2,84.06,Not Needed
10723,33144,2024-03-20,21779,62,26,2,42.76,Quality Issue
10724,145743,2024-11-12,6099,461,21,2,23.76,Wrong Item
10725,74956,2024-06-13,14252,460,32,1,34.06,Not Needed
10726,320983,2025-10-18,14456,495,19,1,40.65,Late Delivery
10727,301099,2025-08-26,13474,713,28,1,224.89,Quality Issue
10728,94637,2024-07-21,12192,451,26,1,17.88,Late Delivery
10729,52003,2024-04-26,9764,690,3,1,243.12,Damaged
10730,312901,2025-09-20,2377,512,18,1,41.83,Quality Issue
10731,107385,2024-08-18,1815,167,1,2,13.36,Not Needed
10732,99004,2024-07-31,18289,117,23,1,17.59,Not Needed
10733,286313,2025-07-21,12272,220,13,1,33.79,Late Delivery
10734,18157,2024-02-17,18046,384,10,1,34.74,Wrong Item
10735,42470,2024-04-19,13825,208,33,1,4.09,Not Needed
10736,314437,2025-09-24,19120,305,5,1,27.27,Not Needed
10737,355073,2025-12-23,10249,39,15,2,8.2,Late Delivery
10738,15961,2024-02-12,7395,292,30,1,18.5,Not Needed
10739,273276,2025-07-07,7712,394,14,1,103.62,Not Needed
10740,85173,2024-07-04,22188,564,33,2,4.85,Damaged
10741,321723,2025-10-05,9970,38,32,1,1.5,Late Delivery
10742,315798,2025-09-27,18951,35,29,1,2.42,Not Needed
10743,355326,2025-12-19,20078,379,3,1,16.04,Not Needed
10744,169186,2024-12-11,12288,389,9,1,6.7,Late Delivery
10745,266199,2025-06-16,23183,321,19,1,17.56,Quality Issue
10746,154879,2024-11-28,18613,654,34,2,637.77,Quality Issue
10747,103038,2024-08-19,22599,323,23,1,3.0,Wrong Item
10748,104576,2024-08-18,16184,128,20,2,51.45,Quality Issue
10749,109444,2024-08-16,24142,627,34,1,335.02,Damaged
10750,99160,2024-08-07,10363,622,21,1,102.57,Not Needed
10751,187995,2025-01-10,15337,89,23,1,8.81,Damaged
10752,114983,2024-08-29,23875,364,9,1,10.58,Late Delivery
10753,179833,2024-12-31,4653,20,21,1,7.21,Quality Issue
10754,33501,2024-04-01,9859,92,18,1,4.37,Late Delivery
10755,176917,2024-12-17,2285,374,9,1,11.65,Wrong Item
10756,160809,2024-11-21,21869,525,11,1,12.57,Late Delivery
10757,242026,2025-04-25,4715,422,8,2,23.98,Not Needed
10758,329745,2025-10-29,24217,535,6,2,17.81,Not Needed
10759,133480,2024-10-14,8931,78,16,1,23.18,Damaged
10760,113395,2024-08-21,15358,192,13,1,6.17,Late Delivery
10761,164900,2024-12-09,18285,50,32,2,9.62,Damaged
10762,245844,2025-05-06,23859,72,33,1,10.09,Quality Issue
10763,52404,2024-04-23,21465,152,17,2,37.4,Not Needed
10764,38039,2024-04-08,21735,505,25,1,59.85,Quality Issue
10765,13314,2024-02-11,487,577,18,1,11.14,Quality Issue
10766,297739,2025-08-29,22220,123,33,2,25.76,Damaged
10767,33830,2024-03-22,20297,153,18,2,9.64,Damaged
10768,349038,2025-12-11,20583,381,5,2,16.34,Damaged
10769,59337,2024-05-18,810,195,9,2,3.9,Wrong Item
10770,154873,2024-11-24,17097,670,19,1,262.75,Damaged
10771,3759,2024-01-10,21380,112,19,1,8.99,Damaged
10772,216079,2025-03-03,22367,202,8,2,22.73,Quality Issue
10773,306247,2025-08-30,4884,436,21,1,29.0,Quality Issue
10774,255550,2025-06-01,15277,504,20,1,14.2,Damaged
10775,167308,2024-12-15,23832,33,1,1,8.2,Damaged
10776,144914,2024-10-25,2502,55,8,1,4.81,Not Needed
10777,137692,2024-10-26,20641,432,21,1,19.16,Quality Issue
10778,4655,2024-01-16,10436,104,29,1,16.35,Late Delivery
10779,325112,2025-10-23,3355,492,9,1,28.4,Late Delivery
10780,24051,2024-03-12,6542,232,18,2,56.84,Quality Issue
10781,26166,2024-03-17,10642,257,22,2,16.34,Damaged
10782,355465,2025-12-11,6822,142,17,1,6.01,Quality Issue
10783,59608,2024-05-14,2385,266,12,1,33.12,Late Delivery
10784,294779,2025-08-13,9897,222,27,1,22.04,Not Needed
10785,363749,2026-01-07,20864,448,30,1,12.95,Not Needed
10786,128920,2024-10-05,20001,573,8,2,29.92,Not Needed
10787,283330,2025-07-21,1027,188,11,1,7.59,Quality Issue
10788,101906,2024-07-29,408,91,6,1,6.37,Not Needed
10789,305880,2025-09-12,12691,102,12,1,8.38,Not Needed
10790,340749,2025-11-21,12884,60,18,1,16.0,Quality Issue
10791,341294,2025-11-28,22506,271,14,1,4.69,Quality Issue
10792,175364,2024-12-20,6622,517,13,1,2.64,Quality Issue
10793,135481,2024-10-11,22948,275,21,1,19.07,Damaged
10794,35371,2024-04-07,11071,88,33,2,10.08,Not Needed
10795,84722,2024-06-28,542,181,8,2,3.03,Wrong Item
10796,37260,2024-04-07,7025,105,26,1,11.42,Quality Issue
10797,335617,2025-11-04,6437,417,21,1,7.95,Late Delivery
10798,283891,2025-07-14,14168,61,18,1,21.68,Quality Issue
10799,189402,2025-01-19,7160,258,10,1,7.6,Damaged
10800,353313,2025-12-13,5929,495,15,1,14.57,Damaged
10801,301632,2025-08-24,17456,360,21,2,17.22,Not Needed
10802,349803,2025-12-04,10349,468,17,1,7.39,Late Delivery
10803,16563,2024-02-13,12061,123,32,1,3.43,Not Needed
10804,71325,2024-06-03,7579,427,10,1,2.4,Wrong Item
10805,157400,2024-11-22,20761,186,3,1,5.53,Late Delivery
10806,14382,2024-02-06,3732,210,3,1,5.83,Wrong Item
10807,140525,2024-10-28,14123,266,24,1,14.01,Damaged
10808,194897,2025-01-21,15320,355,6,1,28.49,Late Delivery
10809,54918,2024-05-17,20461,318,20,2,23.7,Late Delivery
10810,220252,2025-03-15,8904,78,17,1,8.88,Quality Issue
10811,242191,2025-05-05,9046,351,3,1,18.65,Not Needed
10812,288198,2025-08-07,2957,482,34,1,10.22,Late Delivery
10813,280253,2025-07-13,15915,135,18,1,7.66,Not Needed
10814,90082,2024-07-19,15797,117,6,1,51.39,Quality Issue
10815,308237,2025-09-18,15401,559,12,1,14.73,Damaged
10816,29665,2024-03-11,24138,160,9,2,10.49,Not Needed
10817,188020,2025-01-10,2298,578,23,2,42.89,Damaged
10818,94273,2024-07-26,24749,87,22,1,2.39,Damaged
10819,352003,2025-12-03,10145,214,18,2,15.34,Not Needed
10820,177407,2024-12-21,19894,667,32,1,241.72,Damaged
10821,147460,2024-10-31,14387,672,10,1,64.86,Late Delivery
10822,87817,2024-07-16,5812,574,8,2,91.16,Late Delivery
10823,44055,2024-04-19,15356,76,28,1,10.33,Not Needed
10824,307525,2025-09-04,9408,331,18,2,57.87,Not Needed
10825,172962,2024-12-28,199,105,14,2,14.58,Wrong Item
10826,141412,2024-11-04,22035,75,8,1,26.59,Damaged
10827,185351,2025-01-09,1223,162,8,1,4.07,Not Needed
10828,325608,2025-10-30,18420,218,9,1,14.89,Quality Issue
10829,201420,2025-02-14,21715,693,5,1,167.97,Late Delivery
10830,183756,2025-01-08,11651,85,26,1,4.28,Late Delivery
10831,338362,2025-11-25,13060,249,8,2,38.83,Damaged
10832,142927,2024-11-01,2610,526,15,1,50.53,Damaged
10833,278065,2025-07-17,20697,385,5,1,11.39,Late Delivery
10834,357354,2025-12-15,15526,103,6,2,6.45,Late Delivery
10835,309587,2025-09-10,17169,97,32,2,1.11,Quality Issue
10836,245628,2025-05-16,2202,714,24,1,318.38,Quality Issue
10837,31646,2024-03-30,14190,36,22,1,16.98,Not Needed
10838,104099,2024-08-15,18601,384,6,1,16.35,Quality Issue
10839,13524,2024-02-07,10218,160,5,1,18.93,Damaged
10840,81956,2024-07-08,3289,643,10,1,219.54,Quality Issue
10841,87205,2024-07-08,13660,570,25,1,35.8,Quality Issue
10842,52229,2024-05-09,19704,52,4,1,3.79,Damaged
10843,232897,2025-04-11,21575,336,18,1,5.12,Late Delivery
10844,1743,2024-01-16,20861,113,6,1,22.23,Quality Issue
10845,69093,2024-05-27,8691,80,25,1,36.81,Wrong Item
10846,217841,2025-03-08,9012,446,33,1,6.14,Wrong Item
10847,23013,2024-03-12,2573,701,14,2,667.48,Wrong Item
10848,336562,2025-11-04,15241,163,24,1,5.2,Damaged
10849,261601,2025-06-09,8878,70,26,2,8.82,Not Needed
10850,172510,2024-12-13,13772,145,6,1,18.86,Quality Issue
10851,130696,2024-10-02,23402,274,9,1,22.75,Not Needed
10852,52665,2024-04-29,13160,203,6,2,1.49,Damaged
10853,10291,2024-02-11,16087,153,29,1,35.39,Damaged
10854,192553,2025-01-19,1737,235,24,1,10.78,Not Needed
10855,129824,2024-09-25,3517,223,14,2,6.19,Not Needed
10856,64659,2024-05-24,116,249,2,1,23.43,Not Needed
10857,185934,2025-01-07,10702,38,3,2,4.02,Late Delivery
10858,192429,2025-01-20,16196,144,21,2,5.32,Not Needed
10859,127540,2024-09-29,6731,132,33,1,6.02,Quality Issue
10860,205283,2025-02-10,18233,63,13,1,11.29,Quality Issue
10861,246950,2025-05-09,15476,391,9,1,18.96,Not Needed
10862,345472,2025-12-07,18894,125,20,2,16.05,Late Delivery
10863,275692,2025-07-13,3530,289,12,1,29.3,Wrong Item
10864,348492,2025-11-28,18987,319,26,1,3.89,Not Needed
10865,279420,2025-07-10,11070,172,21,1,3.73,Late Delivery
10866,83088,2024-07-01,16321,193,32,1,5.82,Not Needed
10867,264687,2025-06-21,22860,65,21,1,7.75,Late Delivery
10868,268594,2025-06-12,16979,257,16,1,9.27,Damaged
10869,272209,2025-06-22,12843,552,7,1,46.13,Damaged
10870,361686,2025-12-24,24381,296,27,1,20.49,Not Needed
10871,261945,2025-06-18,13422,312,29,1,25.5,Late Delivery
10872,281530,2025-07-14,15074,243,9,1,35.87,Not Needed
10873,360378,2025-12-24,16300,220,9,1,12.8,Not Needed
10874,249963,2025-05-13,20135,344,30,1,38.33,Quality Issue
10875,78271,2024-06-20,21187,219,5,1,6.95,Not Needed
10876,62520,2024-05-13,21662,469,22,1,9.56,Quality Issue
10877,231158,2025-04-17,9252,592,5,1,289.46,Quality Issue
10878,234881,2025-04-26,4675,280,17,2,60.48,Quality Issue
10879,270697,2025-06-18,6958,406,9,1,24.11,Not Needed
10880,111914,2024-08-27,17502,486,7,2,40.33,Quality Issue
10881,326458,2025-10-30,19563,629,26,1,47.84,Quality Issue
10882,197648,2025-01-26,15479,104,2,1,22.91,Damaged
10883,242370,2025-04-24,6259,74,3,1,10.24,Not Needed
10884,184006,2025-01-05,23215,86,13,2,10.37,Quality Issue
10885,179014,2024-12-30,20024,583,21,1,4.97,Quality Issue
10886,70199,2024-06-14,20093,332,20,1,20.38,Late Delivery
10887,129683,2024-10-08,1504,9,22,1,23.17,Not Needed
10888,186181,2025-01-12,8235,286,19,2,35.03,Damaged
10889,234289,2025-04-15,16730,11,25,1,19.94,Quality Issue
10890,199082,2025-02-02,6787,144,19,1,1.63,Quality Issue
10891,343782,2025-12-02,21804,369,29,1,19.02,Wrong Item
10892,96202,2024-07-28,14814,205,20,2,9.29,Not Needed
10893,192089,2025-01-29,3468,97,12,1,1.32,Quality Issue
10894,304181,2025-08-29,5173,109,9,1,15.14,Not Needed
10895,284516,2025-07-18,23932,106,20,1,9.12,Wrong Item
10896,59714,2024-05-18,16862,610,5,1,104.62,Not Needed
10897,46736,2024-04-27,15763,202,28,1,21.38,Late Delivery
10898,296383,2025-08-19,10826,44,22,2,35.24,Late Delivery
10899,54297,2024-05-08,5864,507,19,1,4.73,Wrong Item
10900,109343,2024-08-21,8214,140,23,2,31.05,Not Needed
10901,162093,2024-11-27,5341,342,30,2,22.66,Not Needed
10902,360044,2025-12-17,18934,673,14,1,203.97,Late Delivery
10903,355540,2025-12-13,12386,302,14,1,5.61,Not Needed
10904,79390,2024-06-25,4987,101,29,1,10.1,Damaged
10905,257034,2025-05-26,22593,561,29,1,7.67,Not Needed
10906,311045,2025-09-09,13357,291,30,1,34.47,Damaged
10907,179214,2025-01-03,14424,505,9,1,73.69,Not Needed
10908,233627,2025-04-15,16575,433,3,1,68.22,Damaged
10909,349001,2025-11-27,4140,105,15,2,25.85,Wrong Item
10910,45438,2024-04-09,21377,447,9,1,16.67,Wrong Item
10911,36063,2024-03-20,22957,154,23,1,6.27,Damaged
10912,226238,2025-03-27,7178,47,8,2,7.96,Late Delivery
10913,256509,2025-05-24,20973,68,16,2,12.7,Late Delivery
10914,223040,2025-03-18,12978,395,5,2,40.39,Quality Issue
10915,65711,2024-05-28,11944,16,4,2,16.56,Late Delivery
10916,94879,2024-07-18,15975,17,20,1,1.34,Not Needed
10917,343494,2025-11-21,12617,408,9,1,8.79,Not Needed
10918,23996,2024-02-24,18777,84,14,2,6.93,Damaged
10919,281272,2025-07-22,1696,717,34,1,396.86,Late Delivery
10920,263355,2025-06-10,11682,347,32,2,4.38,Not Needed
10921,325161,2025-10-22,16285,149,10,2,4.75,Late Delivery
10922,295761,2025-08-21,24076,374,26,1,43.57,Quality Issue
10923,90644,2024-07-12,20362,163,9,1,2.87,Late Delivery
10924,59275,2024-05-19,14487,419,26,1,54.73,Not Needed
10925,243972,2025-05-09,6368,34,32,2,20.82,Not Needed
10926,329515,2025-10-31,18869,556,28,2,41.47,Wrong Item
10927,130934,2024-10-08,14432,357,15,1,4.01,Not Needed
10928,54186,2024-05-08,7647,65,23,2,41.61,Quality Issue
10929,325230,2025-10-18,14264,670,2,1,466.97,Not Needed
10930,172381,2024-12-22,23326,523,19,1,23.72,Late Delivery
10931,102469,2024-08-05,18170,666,2,1,328.7,Quality Issue
10932,172463,2024-12-14,19817,16,33,1,27.83,Quality Issue
10933,220212,2025-03-16,769,403,6,1,19.62,Late Delivery
10934,296192,2025-08-09,19248,641,9,1,131.78,Quality Issue
10935,313495,2025-09-28,3351,649,31,1,150.49,Quality Issue
10936,344041,2025-12-04,10545,33,9,2,31.7,Late Delivery
10937,336231,2025-11-22,24208,117,29,2,42.7,Late Delivery
10938,160414,2024-12-08,13278,167,2,2,16.36,Damaged
10939,164272,2024-12-06,7689,551,13,2,24.12,Damaged
10940,248393,2025-05-20,17201,238,23,1,15.87,Not Needed
10941,272511,2025-07-06,14382,631,23,1,251.77,Damaged
10942,313266,2025-09-17,20434,473,17,1,4.98,Wrong Item
10943,133359,2024-10-01,16708,309,28,2,52.61,Late Delivery
10944,298747,2025-08-20,11713,636,2,1,137.7,Damaged
10945,61261,2024-05-13,24364,506,23,1,6.07,Late Delivery
10946,302910,2025-08-26,11800,317,34,2,5.35,Wrong Item
10947,141037,2024-10-19,12994,159,26,2,22.78,Damaged
10948,14562,2024-02-08,7110,93,5,1,5.79,Not Needed
10949,114475,2024-09-04,21572,485,10,1,17.73,Quality Issue
10950,478,2024-01-03,20086,706,8,1,53.85,Damaged
10951,304113,2025-09-05,19758,536,2,2,21.06,Not Needed
10952,352890,2025-12-11,8711,151,23,1,11.91,Quality Issue
10953,152952,2024-11-07,9453,705,26,1,59.64,Not Needed
10954,259375,2025-05-26,12949,3,15,2,5.67,Damaged
10955,131176,2024-10-14,6960,177,28,2,12.05,Damaged
10956,138216,2024-10-13,2653,576,27,2,57.93,Late Delivery
10957,297210,2025-08-26,6553,531,2,1,38.05,Damaged
10958,71094,2024-06-03,1724,568,7,1,8.14,Damaged
10959,10798,2024-02-03,20305,581,15,2,4.3,Wrong Item
10960,305446,2025-08-29,12055,507,7,1,2.88,Damaged
10961,176920,2024-12-30,1988,52,20,1,3.71,Not Needed
10962,323537,2025-10-24,9345,172,34,1,6.32,Late Delivery
10963,12995,2024-02-08,9107,36,32,1,19.77,Quality Issue
10964,278626,2025-07-15,5325,183,4,2,7.86,Not Needed
10965,367844,2026-01-12,22692,128,18,2,18.6,Wrong Item
10966,126826,2024-09-24,2627,184,30,1,5.11,Late Delivery
10967,23638,2024-03-11,15677,321,19,2,35.84,Quality Issue
10968,191608,2025-01-26,22541,279,34,1,28.97,Quality Issue
10969,265565,2025-06-21,15149,72,2,1,1.81,Late Delivery
10970,77365,2024-06-18,4639,54,21,2,12.77,Late Delivery
10971,278816,2025-07-13,17099,379,9,1,7.32,Damaged
10972,145902,2024-10-31,3814,115,3,2,4.62,Quality Issue
10973,352614,2025-12-19,17273,457,2,1,19.22,Quality Issue
10974,357114,2025-12-11,18560,55,21,1,11.96,Quality Issue
10975,359443,2025-12-21,17135,170,20,1,1.43,Not Needed
10976,68154,2024-06-10,24531,196,15,1,22.18,Late Delivery
10977,224768,2025-03-20,14558,298,21,1,30.18,Not Needed
10978,66818,2024-05-30,14604,454,34,1,3.65,Not Needed
10979,179513,2025-01-06,11163,186,30,1,2.94,Late Delivery
10980,196076,2025-01-26,7247,185,33,1,12.86,Not Needed
10981,263134,2025-06-05,5601,181,3,1,5.79,Late Delivery
10982,4658,2024-01-16,23520,95,19,2,7.17,Not Needed
10983,118304,2024-09-11,20891,641,21,1,139.94,Not Needed
10984,244794,2025-05-12,23431,31,4,1,1.01,Late Delivery
10985,11009,2024-01-30,7227,664,3,1,198.22,Not Needed
10986,95375,2024-07-26,18927,685,15,1,103.08,Damaged
10987,296614,2025-08-21,3950,222,34,1,4.16,Late Delivery
10988,279077,2025-07-15,2374,343,25,1,12.38,Not Needed
10989,130452,2024-10-07,4109,210,6,1,47.47,Quality Issue
10990,248368,2025-05-10,19565,463,10,1,20.73,Late Delivery
10991,54416,2024-05-16,23274,434,23,1,11.43,Not Needed
10992,214048,2025-02-26,14023,372,2,2,39.71,Not Needed
10993,54278,2024-05-10,3035,128,24,1,28.6,Not Needed
10994,1920,2024-01-23,10001,657,6,1,137.14,Not Needed
10995,204327,2025-02-22,21262,578,8,1,76.39,Not Needed
10996,40233,2024-03-29,22527,49,14,2,15.82,Wrong Item
10997,269976,2025-06-20,2133,325,27,2,101.75,Not Needed
10998,325425,2025-10-19,797,177,22,2,40.12,Quality Issue
10999,74273,2024-06-20,20847,17,3,1,7.36,Damaged
11000,290277,2025-08-04,24789,154,9,1,5.89,Not Needed
11001,149523,2024-11-13,2278,38,29,1,4.44,Not Needed
11002,336968,2025-11-04,7223,167,8,2,19.77,Wrong Item
11003,331674,2025-10-30,4396,245,21,1,7.31,Quality Issue
11004,77206,2024-06-15,13208,295,34,1,30.97,Quality Issue
11005,229482,2025-04-08,15591,262,34,1,70.19,Quality Issue
11006,96058,2024-07-30,15504,526,2,2,61.32,Not Needed
11007,244709,2025-05-05,8995,51,21,2,6.52,Not Needed
11008,229635,2025-04-14,22629,632,14,1,260.15,Late Delivery
11009,250521,2025-05-13,17781,16,33,2,17.08,Damaged
11010,349086,2025-12-11,21774,642,14,1,120.85,Quality Issue
11011,211192,2025-02-27,455,13,18,1,9.88,Not Needed
11012,351712,2025-12-08,7907,139,19,1,4.19,Late Delivery
11013,34909,2024-03-29,18146,458,4,1,22.18,Late Delivery
11014,334403,2025-10-30,22091,200,19,2,15.75,Not Needed
11015,207480,2025-02-27,7293,118,26,2,10.55,Damaged
11016,261852,2025-06-10,20224,102,1,1,2.67,Late Delivery
11017,316556,2025-10-04,24960,473,10,2,15.98,Wrong Item
11018,201387,2025-02-10,19713,378,15,1,9.16,Not Needed
11019,279603,2025-07-03,18471,224,2,1,8.93,Not Needed
11020,134266,2024-10-11,8850,54,30,1,10.13,Quality Issue
11021,296049,2025-08-19,12832,508,15,1,27.47,Quality Issue
11022,93873,2024-07-26,13666,572,24,1,7.86,Damaged
11023,49714,2024-04-18,16796,51,18,1,3.19,Not Needed
11024,22319,2024-02-22,13083,718,33,1,453.73,Late Delivery
11025,82314,2024-06-29,1196,665,6,1,516.43,Late Delivery
11026,190460,2025-01-22,17263,576,23,1,16.2,Quality Issue
11027,181605,2024-12-26,9134,167,23,1,6.67,Not Needed
11028,64142,2024-05-31,5305,184,19,1,7.21,Not Needed
11029,142595,2024-10-31,4238,49,32,2,17.45,Late Delivery
11030,81591,2024-06-27,3673,433,9,1,14.72,Not Needed
11031,76705,2024-06-29,20638,241,34,1,61.59,Damaged
11032,160549,2024-11-26,14453,558,4,1,30.38,Not Needed
11033,314129,2025-09-30,13507,85,17,1,6.9,Wrong Item
11034,148945,2024-11-07,10787,118,9,2,10.93,Quality Issue
11035,282099,2025-07-08,21710,345,34,1,37.72,Quality Issue
11036,101682,2024-07-29,1571,94,30,2,8.3,Quality Issue
11037,173366,2024-12-16,11803,109,23,2,4.65,Not Needed
11038,311760,2025-09-09,16324,390,11,2,9.37,Not Needed
11039,314547,2025-10-02,785,533,30,1,13.89,Not Needed
11040,310404,2025-09-20,3703,664,11,1,337.29,Damaged
11041,300951,2025-08-29,675,223,16,2,11.8,Damaged
11042,125038,2024-09-26,21292,178,24,1,26.56,Late Delivery
11043,286509,2025-07-26,17107,661,28,1,385.59,Wrong Item
11044,120263,2024-09-10,3482,207,16,1,10.12,Damaged
11045,224087,2025-04-05,12907,694,11,1,228.27,Late Delivery
11046,325609,2025-10-16,169,262,17,1,33.43,Not Needed
11047,283657,2025-07-24,18575,82,15,1,5.84,Not Needed
11048,335898,2025-11-20,1828,551,9,1,43.38,Quality Issue
11049,145866,2024-11-12,12022,238,3,1,27.04,Quality Issue
11050,173501,2024-12-22,5311,40,28,1,25.8,Quality Issue
11051,145160,2024-10-31,5015,203,23,1,1.19,Late Delivery
11052,303460,2025-08-23,13291,608,6,1,232.36,Not Needed
11053,197846,2025-02-04,18344,593,21,1,9.74,Quality Issue
11054,68844,2024-06-03,747,274,34,1,26.39,Wrong Item
11055,286133,2025-07-17,18488,41,9,1,50.2,Not Needed
11056,309764,2025-09-16,17900,46,4,2,24.08,Not Needed
11057,267852,2025-06-25,1181,425,3,1,6.65,Damaged
11058,45478,2024-04-13,2929,170,15,1,3.87,Wrong Item
11059,143174,2024-10-20,14168,180,22,2,3.13,Not Needed
11060,67983,2024-05-27,17293,62,1,1,6.93,Quality Issue
11061,339959,2025-11-18,540,131,1,1,1.59,Not Needed
11062,24401,2024-03-08,16905,125,17,1,16.5,Damaged
11063,358324,2025-12-18,23140,145,3,2,19.14,Damaged
11064,217001,2025-03-13,7585,295,29,1,25.12,Quality Issue
11065,154526,2024-11-17,1349,667,9,1,411.77,Quality Issue
11066,291995,2025-07-30,24816,286,20,1,30.13,Late Delivery
11067,169368,2024-12-18,6192,52,15,2,4.58,Wrong Item
11068,100775,2024-08-06,23398,435,7,1,16.47,Damaged
11069,219238,2025-03-11,3223,543,12,1,14.24,Late Delivery
11070,12843,2024-02-12,22593,28,23,2,12.55,Quality Issue
11071,231203,2025-04-18,21136,412,16,1,12.88,Wrong Item
11072,255197,2025-05-31,14879,179,7,1,21.56,Late Delivery
11073,32114,2024-03-22,15828,47,14,1,7.17,Damaged
11074,314207,2025-09-20,4004,498,33,1,17.23,Quality Issue
11075,89355,2024-07-06,20362,223,8,1,18.62,Not Needed
11076,115270,2024-09-09,10217,527,11,1,45.7,Late Delivery
11077,158748,2024-11-26,8830,23,30,1,12.9,Not Needed
11078,50091,2024-04-28,5726,550,26,1,44.74,Not Needed
11079,234804,2025-04-12,11450,181,26,2,3.23,Not Needed
11080,307759,2025-09-07,19683,59,32,1,7.78,Not Needed
11081,7196,2024-01-18,18080,189,8,1,11.65,Damaged
11082,304864,2025-08-25,5783,328,12,1,8.35,Quality Issue
11083,109569,2024-09-01,21933,110,13,2,18.59,Not Needed
11084,115850,2024-09-05,8814,409,19,1,26.01,Quality Issue
11085,39316,2024-04-01,570,712,28,1,564.29,Not Needed
11086,224022,2025-03-27,15782,311,12,2,48.55,Not Needed
11087,239172,2025-05-02,7037,56,22,1,22.58,Not Needed
11088,104450,2024-08-20,15669,488,24,1,11.47,Quality Issue
11089,279578,2025-07-04,696,480,7,1,7.36,Not Needed
11090,203997,2025-02-10,19344,446,9,1,18.5,Not Needed
11091,196306,2025-01-27,15229,14,32,2,7.17,Not Needed
11092,52703,2024-04-25,3374,168,21,1,10.42,Damaged
11093,57664,2024-05-10,1255,352,7,2,46.71,Wrong Item
11094,345305,2025-11-20,1873,160,9,2,20.29,Quality Issue
11095,251851,2025-05-29,22633,257,10,2,12.62,Late Delivery
11096,224164,2025-03-22,4384,335,7,1,24.17,Quality Issue
11097,146210,2024-11-08,24433,149,13,1,3.39,Not Needed
11098,301211,2025-08-19,9723,508,26,1,30.5,Wrong Item
11099,283801,2025-07-22,17441,16,30,1,2.68,Damaged
11100,280198,2025-07-03,8683,654,1,1,297.96,Not Needed
11101,291933,2025-08-12,5162,411,18,1,1.97,Not Needed
11102,216188,2025-03-14,22572,290,33,1,18.99,Quality Issue
11103,243174,2025-04-24,5518,56,7,2,10.93,Damaged
11104,206213,2025-02-22,4251,326,21,1,23.09,Not Needed
11105,111158,2024-09-04,6659,184,4,1,3.23,Quality Issue
11106,22395,2024-02-20,15848,480,6,1,11.27,Not Needed
11107,42140,2024-04-13,11826,133,14,2,5.76,Not Needed
11108,70591,2024-06-17,13932,14,28,1,3.01,Damaged
11109,254543,2025-06-04,13877,267,18,2,66.99,Wrong Item
11110,94748,2024-08-01,8743,162,6,1,7.88,Quality Issue
11111,6363,2024-02-02,19115,171,11,2,6.64,Not Needed
11112,331079,2025-11-05,16019,643,18,1,185.46,Not Needed
11113,325902,2025-10-18,4937,5,9,2,16.57,Quality Issue
11114,188146,2025-01-13,17380,542,33,1,5.68,Not Needed
11115,346432,2025-12-04,2904,515,30,1,54.51,Not Needed
11116,279217,2025-07-05,14809,176,24,2,7.91,Wrong Item
11117,105874,2024-08-23,9326,14,24,1,9.32,Quality Issue
11118,166944,2024-12-10,7278,24,23,2,11.58,Damaged
11119,364904,2026-01-12,3859,284,30,1,29.56,Quality Issue
11120,183490,2025-01-11,17604,546,29,1,27.77,Not Needed
11121,170804,2024-12-15,3621,26,21,1,10.3,Damaged
11122,347716,2025-12-08,7419,46,29,2,7.56,Not Needed
11123,352166,2025-12-17,19263,7,2,1,12.89,Not Needed
11124,11485,2024-02-04,3322,326,9,1,5.82,Quality Issue
11125,276706,2025-06-27,18014,691,1,1,299.53,Damaged
11126,246037,2025-05-11,8834,550,29,1,11.38,Quality Issue
11127,7501,2024-02-07,10733,431,33,1,27.93,Not Needed
11128,277350,2025-07-13,19974,140,5,2,13.61,Late Delivery
11129,327544,2025-10-28,16619,705,13,1,53.15,Not Needed
11130,211378,2025-03-03,22438,148,25,1,12.61,Not Needed
11131,297590,2025-08-16,1630,378,8,2,30.08,Wrong Item
11132,210805,2025-02-27,7525,161,7,1,7.51,Late Delivery
11133,184497,2025-01-09,15758,117,24,1,32.79,Late Delivery
11134,145636,2024-10-31,4690,340,21,1,26.89,Late Delivery
11135,186902,2025-01-17,943,426,30,2,29.35,Late Delivery
11136,259231,2025-05-27,8468,508,20,1,16.16,Wrong Item
11137,270813,2025-06-20,17432,652,22,1,382.27,Not Needed
11138,292330,2025-08-12,17009,435,16,1,13.77,Quality Issue
11139,180849,2025-01-10,13886,49,21,1,19.87,Quality Issue
11140,336894,2025-11-17,21607,544,3,2,4.38,Not Needed
11141,105820,2024-08-22,5996,200,10,2,10.17,Quality Issue
11142,73572,2024-06-07,18509,179,17,1,19.56,Damaged
11143,358709,2025-12-31,18226,86,5,2,7.99,Quality Issue
11144,285439,2025-07-19,11621,199,19,2,16.0,Not Needed
11145,291879,2025-08-07,14580,54,15,1,2.6,Late Delivery
11146,114544,2024-09-10,12675,714,5,1,270.58,Damaged
11147,198167,2025-02-05,18873,44,32,1,16.21,Late Delivery
11148,125268,2024-09-27,20019,555,34,1,20.95,Quality Issue
11149,320719,2025-10-05,22055,255,30,1,55.81,Quality Issue
11150,267234,2025-06-15,12506,583,26,1,19.75,Wrong Item
11151,155901,2024-11-20,22676,184,29,1,3.71,Damaged
11152,195464,2025-01-28,2623,254,34,1,18.64,Damaged
11153,109544,2024-08-23,5059,556,16,2,25.5,Damaged
11154,298312,2025-08-29,12010,141,1,1,14.38,Not Needed
11155,289876,2025-08-03,19235,523,33,1,13.51,Not Needed
11156,238157,2025-04-27,2811,201,26,2,7.29,Late Delivery
11157,211223,2025-03-05,3197,451,25,1,12.81,Wrong Item
11158,191852,2025-01-29,22572,32,11,2,23.07,Not Needed
11159,54038,2024-05-05,11733,365,20,1,10.34,Damaged
11160,102853,2024-07-31,18263,341,9,1,13.26,Late Delivery
11161,197495,2025-02-01,8629,544,15,1,1.86,Not Needed
11162,77766,2024-06-30,6230,474,11,2,16.37,Damaged
11163,181104,2025-01-04,16268,244,15,1,6.15,Late Delivery
11164,28689,2024-03-09,23069,114,14,1,12.96,Wrong Item
11165,203107,2025-02-09,24044,27,34,1,5.49,Not Needed
11166,76422,2024-06-17,17590,12,17,2,14.01,Quality Issue
11167,262890,2025-06-17,9591,472,5,1,2.88,Wrong Item
11168,287859,2025-07-22,1293,14,5,1,14.58,Late Delivery
11169,70844,2024-06-17,14526,410,15,1,17.11,Wrong Item
11170,105381,2024-08-07,15253,149,33,1,7.17,Quality Issue
11171,271887,2025-07-04,14258,73,6,2,14.99,Quality Issue
11172,127965,2024-09-30,17078,447,32,1,28.46,Not Needed
11173,50601,2024-05-02,6537,216,21,1,7.41,Damaged
11174,5202,2024-01-13,4928,101,13,1,10.83,Wrong Item
11175,101317,2024-08-15,3055,444,20,2,11.48,Damaged
11176,201021,2025-02-15,20076,125,9,2,17.2,Late Delivery
11177,115631,2024-09-02,2568,241,21,2,63.07,Not Needed
11178,111858,2024-08-20,986,163,20,1,1.1,Damaged
11179,332718,2025-11-13,6665,571,20,2,48.45,Damaged
11180,25789,2024-03-04,9520,95,21,2,8.9,Damaged
11181,74204,2024-06-23,4685,438,14,2,25.35,Quality Issue
11182,62773,2024-05-21,13468,130,1,1,0.69,Not Needed
11183,170386,2024-12-07,20280,638,3,1,39.13,Damaged
11184,95278,2024-07-30,3074,202,23,1,4.9,Late Delivery
11185,167894,2024-12-15,7467,671,20,1,83.84,Not Needed
11186,199496,2025-02-02,15981,67,26,2,46.05,Damaged
11187,21193,2024-03-07,13344,92,33,1,6.64,Not Needed
11188,317546,2025-10-08,22714,25,29,2,25.59,Not Needed
11189,255830,2025-05-27,13531,525,4,1,10.24,Quality Issue
11190,140995,2024-11-01,21703,41,20,1,14.64,Wrong Item
11191,80861,2024-06-20,4793,369,2,1,9.28,Quality Issue
11192,151460,2024-11-08,3663,218,3,2,25.18,Quality Issue
11193,121820,2024-09-14,10426,674,10,1,78.77,Not Needed
11194,273490,2025-06-26,5484,572,22,1,26.33,Not Needed
11195,54005,2024-05-15,7399,107,29,2,4.94,Not Needed
11196,335766,2025-11-09,17285,249,26,1,20.05,Quality Issue
11197,341887,2025-11-30,12801,361,29,1,46.44,Not Needed
11198,218709,2025-03-11,13013,322,26,1,32.61,Damaged
11199,347149,2025-12-03,14327,194,33,1,0.54,Quality Issue
11200,113191,2024-08-31,24321,403,14,1,7.59,Damaged
11201,17297,2024-02-21,14893,317,9,2,12.53,Late Delivery
11202,25993,2024-03-05,24590,481,14,1,61.75,Not Needed
11203,269695,2025-06-13,11074,213,21,2,12.01,Quality Issue
11204,67880,2024-06-02,16973,447,23,1,13.01,Not Needed
11205,51137,2024-05-03,16048,141,18,2,26.5,Quality Issue
11206,65348,2024-05-31,6648,80,24,1,6.53,Quality Issue
11207,354355,2025-12-07,11151,619,26,1,11.01,Damaged
11208,315965,2025-09-25,8946,248,19,1,6.05,Not Needed
11209,37265,2024-03-30,1624,83,10,2,15.9,Wrong Item
11210,200308,2025-02-14,17813,396,16,2,67.55,Quality Issue
11211,56827,2024-05-20,8888,473,5,1,6.74,Quality Issue
11212,367991,2026-01-09,20450,153,18,2,8.07,Late Delivery
11213,168265,2024-12-08,18815,588,23,1,447.45,Not Needed
11214,230737,2025-04-01,739,534,18,1,5.88,Wrong Item
11215,161317,2024-11-26,1741,470,25,1,40.36,Not Needed
11216,317479,2025-09-24,15240,361,17,2,44.84,Not Needed
11217,216198,2025-03-17,3795,109,24,1,23.06,Not Needed
11218,133624,2024-10-03,4392,691,22,1,481.7,Not Needed
11219,232933,2025-04-19,3878,669,13,1,105.32,Quality Issue
11220,22965,2024-02-24,5058,142,31,1,7.26,Late Delivery
11221,104378,2024-08-21,14154,14,20,1,25.13,Damaged
11222,154174,2024-11-17,16434,676,32,1,362.34,Quality Issue
11223,352365,2025-12-12,6408,34,21,1,10.74,Late Delivery
11224,170011,2024-12-05,19949,584,29,1,35.83,Late Delivery
11225,152708,2024-11-06,8589,651,14,1,38.52,Quality Issue
11226,103656,2024-08-14,2495,411,15,1,2.09,Damaged
11227,40873,2024-04-13,7232,508,18,2,13.77,Quality Issue
11228,152641,2024-11-18,8333,298,21,2,27.49,Late Delivery
11229,264588,2025-06-07,11878,46,16,2,20.5,Not Needed
11230,263627,2025-06-10,22913,127,24,1,8.0,Quality Issue
11231,218976,2025-03-26,2972,209,15,2,20.19,Damaged
11232,344074,2025-11-19,22683,511,22,1,24.11,Not Needed
11233,80409,2024-07-03,22010,64,14,2,9.37,Not Needed
11234,14522,2024-02-22,21606,105,34,1,18.61,Not Needed
11235,362944,2026-01-02,4491,373,18,2,33.78,Quality Issue
11236,108649,2024-08-15,11357,23,24,1,7.98,Quality Issue
11237,296633,2025-08-18,2317,380,30,2,42.55,Quality Issue
11238,343212,2025-11-16,15379,134,27,1,5.17,Quality Issue
11239,173294,2024-12-29,20976,11,14,1,7.27,Quality Issue
11240,295359,2025-08-17,18778,626,21,1,304.88,Quality Issue
11241,338859,2025-11-10,24049,119,30,1,4.95,Wrong Item
11242,225394,2025-04-02,278,135,18,1,15.92,Not Needed
11243,53971,2024-05-15,23585,65,20,1,22.11,Wrong Item
11244,321094,2025-10-02,9302,680,20,1,453.97,Not Needed
11245,307584,2025-09-06,2406,348,19,2,47.91,Not Needed
11246,177576,2025-01-05,6755,237,33,1,82.68,Quality Issue
11247,281070,2025-07-18,19297,518,11,1,1.84,Late Delivery
11248,25799,2024-03-18,16879,669,26,1,89.49,Not Needed
11249,170707,2024-12-23,471,509,14,1,11.49,Late Delivery
11250,369060,2026-01-19,24444,512,1,2,35.69,Damaged
11251,116091,2024-09-05,17655,664,8,1,361.24,Quality Issue
11252,102963,2024-08-05,13789,712,7,1,364.92,Not Needed
11253,246187,2025-05-10,23287,209,5,1,9.8,Not Needed
11254,117858,2024-09-16,17402,330,5,1,17.83,Wrong Item
11255,81576,2024-06-26,18681,70,23,1,15.03,Damaged
11256,297550,2025-08-17,10053,24,1,1,18.96,Late Delivery
11257,138193,2024-10-20,17306,346,17,2,32.01,Not Needed
11258,266285,2025-06-16,7673,101,3,2,29.22,Not Needed
11259,81232,2024-06-29,10279,42,15,2,5.73,Not Needed
11260,99722,2024-08-02,8468,175,9,1,8.27,Not Needed
11261,165240,2024-12-14,15694,105,27,2,17.11,Not Needed
11262,32353,2024-03-25,24476,198,33,2,9.13,Not Needed
11263,244056,2025-04-26,15139,201,22,1,35.77,Quality Issue
11264,130475,2024-09-27,18602,473,24,1,18.31,Not Needed
11265,362035,2025-12-28,23967,534,9,1,4.26,Late Delivery
11266,252889,2025-05-22,9456,250,9,1,11.64,Damaged
11267,356206,2025-12-22,6375,381,31,1,12.13,Not Needed
11268,163023,2024-12-04,15385,188,8,2,11.59,Damaged
11269,359584,2025-12-16,6055,31,6,1,2.53,Not Needed
11270,48996,2024-04-29,19434,225,24,2,29.92,Quality Issue
11271,163654,2024-12-05,519,622,32,1,87.11,Late Delivery
11272,233138,2025-04-17,9469,319,8,1,5.08,Quality Issue
11273,367036,2025-12-31,9962,548,3,1,31.32,Wrong Item
11274,344947,2025-11-29,12082,233,34,2,18.41,Late Delivery
11275,49490,2024-04-27,19143,671,12,1,107.68,Late Delivery
11276,124775,2024-09-26,5488,703,27,1,228.94,Wrong Item
11277,334998,2025-11-08,4771,73,22,2,9.48,Damaged
11278,261308,2025-06-06,1363,248,19,2,18.76,Damaged
11279,8739,2024-02-05,13682,288,6,1,53.53,Not Needed
11280,168656,2024-12-15,19291,59,18,2,49.61,Quality Issue
11281,308061,2025-09-19,2821,223,23,1,17.56,Not Needed
11282,5431,2024-01-24,21406,633,21,1,204.02,Not Needed
11283,23124,2024-03-11,4745,146,29,2,9.68,Quality Issue
11284,233270,2025-04-17,7251,379,21,1,19.22,Wrong Item
11285,147514,2024-10-30,13127,546,10,2,92.4,Not Needed
11286,234365,2025-04-19,16378,319,5,1,3.48,Damaged
11287,311102,2025-09-13,13605,107,18,1,4.04,Wrong Item
11288,269053,2025-06-15,11385,131,12,1,4.68,Wrong Item
11289,17986,2024-02-29,22647,44,13,2,8.87,Late Delivery
11290,107126,2024-08-14,21175,392,34,1,17.27,Late Delivery
11291,100144,2024-08-01,6603,407,4,2,33.46,Not Needed
11292,351444,2025-12-14,2378,542,17,1,3.69,Not Needed
11293,105386,2024-08-17,8547,490,24,1,16.47,Damaged
11294,133454,2024-10-10,24242,362,32,2,42.72,Late Delivery
11295,63818,2024-06-01,13559,50,23,1,7.23,Damaged
11296,200586,2025-02-07,3573,505,14,1,14.72,Not Needed
11297,296163,2025-08-14,22098,369,13,1,24.5,Late Delivery
11298,67710,2024-05-30,15874,428,31,2,73.73,Not Needed
11299,178940,2025-01-03,2651,263,32,1,18.57,Not Needed
11300,149159,2024-11-19,10658,553,25,1,26.71,Not Needed
11301,302901,2025-09-09,3,503,17,2,54.25,Not Needed
11302,5719,2024-01-17,9877,584,22,1,18.44,Damaged
11303,4936,2024-01-19,22055,437,8,1,78.57,Damaged
11304,296594,2025-08-14,199,32,28,1,22.45,Wrong Item
11305,76170,2024-06-15,834,55,21,1,5.68,Not Needed
11306,4327,2024-01-15,1339,159,1,2,23.93,Not Needed
11307,199471,2025-02-09,15232,116,30,2,26.24,Damaged
11308,339858,2025-11-27,24684,184,23,2,17.65,Damaged
11309,28596,2024-03-17,23156,480,1,1,22.81,Not Needed
11310,348258,2025-11-26,11241,65,33,1,8.7,Not Needed
11311,18787,2024-02-20,14900,432,16,1,11.83,Not Needed
11312,52799,2024-05-12,9593,435,29,1,7.59,Late Delivery
11313,32106,2024-03-28,9407,270,28,1,14.08,Damaged
11314,271702,2025-06-22,1802,116,29,2,15.56,Not Needed
11315,261024,2025-06-02,22185,22,16,1,26.37,Damaged
11316,111294,2024-08-31,20313,207,33,2,12.62,Not Needed
11317,6421,2024-01-19,19474,213,29,1,3.51,Not Needed
11318,104427,2024-08-18,22775,572,33,1,13.73,Late Delivery
11319,262734,2025-06-18,1258,213,1,1,3.46,Not Needed
11320,166298,2024-12-13,19587,617,28,1,708.25,Not Needed
11321,237752,2025-04-16,3375,459,10,1,23.7,Not Needed
11322,197332,2025-01-27,15314,142,29,2,17.36,Not Needed
11323,257154,2025-05-31,6422,422,21,1,8.7,Not Needed
11324,16889,2024-02-08,10363,369,14,1,14.13,Wrong Item
11325,271710,2025-06-21,17966,373,33,1,41.26,Quality Issue
11326,305287,2025-08-27,21843,564,6,1,3.34,Not Needed
11327,322675,2025-10-10,3413,186,20,1,3.26,Not Needed
11328,314020,2025-09-27,2007,240,24,1,6.88,Not Needed
11329,364925,2026-01-02,7299,338,14,1,10.24,Not Needed
11330,320263,2025-10-07,13210,654,34,1,420.12,Not Needed
11331,198436,2025-01-30,3392,230,4,1,16.99,Damaged
11332,184600,2024-12-31,13765,415,21,1,17.23,Damaged
11333,253410,2025-05-19,3960,24,34,1,27.13,Not Needed
11334,338246,2025-11-25,14572,61,24,2,9.46,Not Needed
11335,344163,2025-11-19,1255,405,27,1,36.74,Wrong Item
11336,157501,2024-11-29,18035,349,13,2,21.44,Quality Issue
11337,55639,2024-05-02,9599,44,13,1,6.02,Late Delivery
11338,1986,2024-01-07,18378,305,13,1,14.76,Damaged
11339,116772,2024-09-14,14992,436,30,1,5.54,Late Delivery
11340,228861,2025-03-28,9194,694,15,1,268.25,Not Needed
11341,316221,2025-10-07,10713,507,4,1,8.04,Not Needed
11342,29076,2024-03-07,20853,146,34,1,4.13,Quality Issue
11343,99890,2024-08-06,9651,217,10,2,37.85,Quality Issue
11344,91347,2024-07-21,20383,242,15,1,62.56,Quality Issue
11345,152679,2024-11-24,20868,134,20,1,29.54,Not Needed
11346,99391,2024-08-10,17114,68,5,1,15.2,Quality Issue
11347,196257,2025-01-25,6550,621,14,1,488.91,Damaged
11348,332455,2025-11-14,24946,686,25,1,497.42,Not Needed
11349,171113,2024-12-06,1154,384,11,1,20.44,Damaged
11350,295604,2025-08-18,20431,560,6,1,9.57,Quality Issue
11351,150448,2024-11-18,24140,639,9,1,91.36,Not Needed
11352,218165,2025-03-21,4251,215,6,1,7.56,Not Needed
11353,196346,2025-01-22,18127,406,18,1,18.59,Wrong Item
11354,343532,2025-11-24,20580,670,29,1,204.73,Damaged
11355,323720,2025-10-19,10722,501,6,1,19.24,Late Delivery
11356,365114,2026-01-02,14797,351,15,1,23.16,Late Delivery
11357,301462,2025-09-04,7022,574,5,1,22.69,Wrong Item
11358,174692,2024-12-27,950,72,26,2,3.71,Not Needed
11359,112303,2024-08-30,21634,32,33,2,27.31,Late Delivery
11360,68837,2024-06-05,19893,106,7,1,3.89,Quality Issue
11361,361120,2026-01-03,21245,145,13,1,14.02,Damaged
11362,184488,2025-01-10,21516,58,17,1,6.94,Not Needed
11363,171509,2024-12-16,3770,471,15,1,21.21,Not Needed
11364,231508,2025-04-05,4659,314,20,1,11.94,Quality Issue
11365,240364,2025-04-22,13117,380,2,1,19.02,Quality Issue
11366,60399,2024-05-25,11872,189,7,2,15.1,Not Needed
11367,64289,2024-05-27,19933,72,8,1,1.72,Wrong Item
11368,93258,2024-07-15,11011,553,8,1,55.0,Not Needed
11369,185757,2025-01-06,7674,369,24,2,31.64,Quality Issue
11370,88419,2024-07-17,17560,474,6,1,4.0,Damaged
11371,73681,2024-06-16,9629,1,8,2,1.76,Quality Issue
11372,286009,2025-07-24,1846,559,34,1,15.7,Quality Issue
11373,139215,2024-10-13,10326,533,32,1,65.73,Quality Issue
11374,34581,2024-03-25,2166,395,30,1,8.8,Damaged
11375,109670,2024-08-24,24505,140,20,2,39.71,Not Needed
11376,14208,2024-02-08,1805,204,19,1,8.59,Damaged
11377,336116,2025-11-21,19188,35,2,1,6.82,Late Delivery
11378,15410,2024-02-08,6249,13,34,2,9.32,Wrong Item
11379,238661,2025-04-18,22529,351,33,2,71.21,Not Needed
11380,201308,2025-01-31,2098,479,33,1,13.03,Wrong Item
11381,75522,2024-06-14,11453,123,20,2,5.98,Not Needed
11382,169288,2024-12-07,18573,571,6,1,36.13,Not Needed
11383,267661,2025-06-09,4348,491,4,1,26.27,Late Delivery
11384,82454,2024-07-03,8948,148,28,2,19.94,Not Needed
11385,362650,2025-12-29,17006,691,14,1,329.29,Not Needed
11386,250487,2025-05-09,1285,288,27,1,35.37,Damaged
11387,115042,2024-09-08,796,106,15,2,3.98,Late Delivery
11388,93931,2024-07-22,22854,53,17,1,5.82,Wrong Item
11389,228721,2025-04-04,7340,16,3,1,3.91,Quality Issue
11390,49781,2024-05-01,16801,329,10,1,4.34,Damaged
11391,49471,2024-04-20,14515,588,14,1,317.19,Quality Issue
11392,287522,2025-07-29,9552,468,5,2,29.77,Not Needed
11393,204734,2025-02-22,3925,613,7,1,295.06,Quality Issue
11394,189520,2025-01-25,24381,666,5,1,383.49,Wrong Item
11395,137937,2024-10-22,10906,640,31,1,273.62,Damaged
11396,182432,2025-01-08,19376,533,26,1,41.05,Not Needed
11397,139926,2024-10-31,21932,69,5,1,6.55,Quality Issue
11398,294492,2025-08-13,2234,190,12,1,17.28,Not Needed
11399,258100,2025-06-10,21663,144,32,1,2.68,Not Needed
11400,262893,2025-06-15,1225,181,14,1,2.65,Damaged
11401,273464,2025-06-30,14664,174,32,1,1.81,Not Needed
11402,359499,2025-12-18,15516,353,16,1,20.73,Not Needed
11403,308662,2025-09-19,11297,85,21,2,20.8,Quality Issue
11404,338328,2025-11-21,15105,63,3,1,17.32,Not Needed
11405,249747,2025-05-15,2859,698,25,1,373.46,Wrong Item
11406,42419,2024-04-14,5943,219,21,2,10.99,Damaged
11407,259145,2025-05-31,5960,5,18,2,26.68,Damaged
11408,232866,2025-04-08,16901,207,17,2,9.51,Late Delivery
11409,46018,2024-04-10,22640,191,21,2,7.26,Late Delivery
11410,77966,2024-06-15,19589,264,16,2,44.58,Not Needed
11411,32634,2024-03-28,3846,190,11,2,44.24,Not Needed
11412,175838,2024-12-22,11386,139,9,2,9.47,Quality Issue
11413,58658,2024-05-22,14121,303,9,1,31.29,Quality Issue
11414,182719,2024-12-29,6842,269,7,1,33.44,Quality Issue
11415,307462,2025-09-09,12340,420,17,1,26.66,Damaged
11416,75346,2024-06-13,1360,470,20,1,22.01,Damaged
11417,29991,2024-03-23,19244,208,14,2,8.43,Wrong Item
11418,31996,2024-03-12,9123,26,4,2,9.16,Damaged
11419,111194,2024-08-27,9101,46,18,2,24.9,Damaged
11420,28831,2024-03-22,17842,413,33,1,5.12,Quality Issue
11421,74354,2024-06-08,432,14,24,2,6.25,Late Delivery
11422,187369,2025-01-19,15805,610,19,1,161.55,Not Needed
11423,286449,2025-07-30,19557,653,10,1,206.17,Late Delivery
11424,19994,2024-02-20,14731,236,24,1,14.46,Not Needed
11425,161847,2024-12-05,19245,231,2,2,65.58,Not Needed
11426,283049,2025-07-28,22339,286,1,2,59.25,Not Needed
11427,220361,2025-03-22,1812,211,27,1,11.07,Damaged
11428,171893,2024-12-14,21721,4,9,1,20.08,Not Needed
11429,258238,2025-06-01,17058,9,8,2,19.32,Quality Issue
11430,65499,2024-06-03,11157,46,26,2,16.88,Late Delivery
11431,278469,2025-07-08,20597,533,22,1,25.21,Damaged
11432,125598,2024-09-26,14758,208,16,1,19.34,Damaged
11433,55480,2024-05-18,14428,122,9,1,4.18,Damaged
11434,238245,2025-04-28,22929,86,27,2,29.16,Not Needed
11435,190005,2025-01-18,15022,8,30,1,6.01,Late Delivery
11436,136827,2024-10-19,21549,366,32,2,7.77,Not Needed
11437,136579,2024-10-26,14073,428,9,1,48.18,Late Delivery
11438,318499,2025-10-01,10972,272,31,1,22.25,Not Needed
11439,128988,2024-09-23,12999,549,5,1,2.19,Late Delivery
11440,218404,2025-03-25,18751,669,33,1,150.13,Wrong Item
11441,140778,2024-10-28,7265,361,5,2,45.1,Not Needed
11442,159209,2024-11-22,13165,30,2,1,4.51,Late Delivery
11443,148417,2024-11-05,11016,190,2,1,5.13,Damaged
11444,281827,2025-07-07,14977,142,5,1,2.51,Damaged
11445,155747,2024-11-29,1783,188,1,1,2.62,Quality Issue
11446,151861,2024-11-20,12482,461,19,2,24.28,Damaged
11447,87514,2024-07-20,19987,412,26,1,23.99,Not Needed
11448,225586,2025-04-04,2298,167,10,1,20.43,Damaged
11449,348295,2025-12-10,13959,481,16,1,15.27,Damaged
11450,126008,2024-10-02,14899,398,6,2,40.67,Not Needed
11451,177399,2025-01-04,18936,29,15,1,43.81,Not Needed
11452,200375,2025-02-14,13172,26,30,1,4.88,Damaged
11453,102883,2024-08-09,5924,503,18,1,125.43,Damaged
11454,35996,2024-03-30,23256,608,23,1,242.08,Quality Issue
11455,319711,2025-10-09,728,6,24,2,3.66,Not Needed
11456,366296,2026-01-04,3573,98,9,1,1.71,Not Needed
11457,176104,2024-12-16,24928,512,26,2,25.92,Not Needed
11458,327969,2025-10-19,5742,99,13,1,13.47,Quality Issue
11459,120252,2024-09-22,9627,72,15,2,7.22,Quality Issue
11460,85822,2024-07-04,6212,202,13,1,18.66,Not Needed
11461,65243,2024-06-01,13757,390,13,1,20.79,Late Delivery
11462,165412,2024-12-05,1403,257,5,2,27.36,Not Needed
11463,162273,2024-11-30,20392,259,8,1,17.55,Late Delivery
11464,316842,2025-09-29,18708,261,14,2,26.51,Late Delivery
11465,145725,2024-11-12,24688,697,5,1,238.85,Late Delivery
11466,28974,2024-03-12,4666,329,25,1,10.05,Not Needed
11467,99880,2024-08-07,19819,175,18,1,10.13,Not Needed
11468,87117,2024-07-14,24749,550,17,1,74.81,Not Needed
11469,129872,2024-09-23,10591,579,24,2,36.01,Late Delivery
11470,162522,2024-11-29,15676,3,32,2,5.5,Quality Issue
11471,172315,2024-12-15,9739,33,5,1,19.3,Wrong Item
11472,21206,2024-02-28,3383,610,9,1,113.5,Late Delivery
11473,235141,2025-04-25,7092,288,9,2,50.27,Late Delivery
11474,249782,2025-05-15,15803,244,32,1,12.06,Not Needed
11475,176785,2024-12-22,24364,705,22,1,33.93,Not Needed
11476,349843,2025-12-01,15717,181,9,2,1.76,Not Needed
11477,269395,2025-06-26,24753,100,4,1,8.44,Not Needed
11478,358242,2025-12-14,13417,466,28,2,26.41,Damaged
11479,94380,2024-07-19,17677,150,25,1,1.8,Late Delivery
11480,58761,2024-05-16,21911,12,13,1,5.92,Late Delivery
11481,96603,2024-07-30,8310,146,22,2,6.23,Quality Issue
11482,355775,2025-12-22,9954,545,5,1,4.3,Damaged
11483,319934,2025-10-01,5860,163,28,1,8.88,Late Delivery
11484,335303,2025-11-11,19087,65,25,2,9.41,Not Needed
11485,318756,2025-09-25,12092,12,30,1,13.7,Damaged
11486,183291,2024-12-29,19398,485,22,1,40.02,Quality Issue
11487,41072,2024-04-06,11090,187,25,1,28.37,Damaged
11488,177656,2025-01-03,2142,261,2,1,12.24,Not Needed
11489,320915,2025-10-03,7841,245,33,2,19.04,Not Needed
11490,234056,2025-04-13,5953,482,9,2,31.89,Damaged
11491,350133,2025-12-01,3340,357,18,2,13.09,Quality Issue
11492,19311,2024-02-24,24574,103,34,1,3.95,Not Needed
11493,41439,2024-04-17,19021,702,2,1,178.57,Not Needed
11494,147140,2024-11-15,23904,615,21,2,560.14,Quality Issue
11495,93692,2024-07-28,15515,597,11,1,84.93,Quality Issue
11496,159568,2024-11-22,8107,72,32,1,5.63,Late Delivery
11497,183346,2025-01-08,23655,119,3,2,27.95,Quality Issue
11498,344373,2025-12-06,18307,284,22,1,22.38,Not Needed
11499,199565,2025-01-30,4817,187,3,2,17.59,Damaged
11500,257447,2025-06-02,11569,586,28,1,220.72,Damaged
11501,312092,2025-09-18,22009,315,4,1,4.43,Damaged
11502,160214,2024-12-02,20251,198,34,1,17.69,Not Needed
11503,137164,2024-10-16,3697,412,10,1,16.69,Damaged
11504,231481,2025-04-10,22452,620,23,1,25.14,Damaged
11505,177145,2025-01-04,23426,301,32,1,17.18,Wrong Item
11506,293407,2025-08-08,8333,375,30,1,13.88,Not Needed
11507,230495,2025-04-06,13467,123,32,1,10.05,Late Delivery
11508,316982,2025-09-27,7370,590,27,1,68.61,Not Needed
11509,257657,2025-06-05,5984,137,16,1,34.3,Not Needed
11510,258521,2025-06-11,13095,587,17,1,45.46,Not Needed
11511,262073,2025-05-31,14510,342,29,1,15.21,Late Delivery
11512,169539,2024-12-08,10054,7,9,1,15.88,Not Needed
11513,270604,2025-06-17,2177,244,11,2,17.66,Damaged
11514,306460,2025-09-13,14590,17,25,1,6.95,Late Delivery
11515,116389,2024-08-26,7556,291,2,1,33.98,Quality Issue
11516,32752,2024-03-13,14127,206,13,2,27.85,Damaged
11517,39230,2024-04-15,21944,446,28,1,5.97,Late Delivery
11518,148322,2024-11-08,13268,70,31,1,4.21,Late Delivery
11519,52423,2024-05-05,21272,135,33,2,35.97,Quality Issue
11520,341674,2025-11-17,2858,402,7,2,30.02,Not Needed
11521,297445,2025-08-14,962,203,11,2,2.84,Quality Issue
11522,146162,2024-11-08,20962,519,14,1,34.3,Not Needed
11523,217124,2025-03-22,24499,117,18,1,17.9,Quality Issue
11524,3036,2024-01-23,8938,543,21,2,31.51,Not Needed
11525,330855,2025-11-08,10297,677,34,1,13.08,Not Needed
11526,275776,2025-06-24,6180,80,15,2,34.01,Quality Issue
11527,306746,2025-09-14,24129,62,3,1,32.97,Damaged
11528,178858,2024-12-25,15947,127,24,1,25.99,Quality Issue
11529,84612,2024-07-15,24646,9,34,1,3.18,Quality Issue
11530,297707,2025-08-19,23161,153,1,1,9.6,Quality Issue
11531,120197,2024-09-08,15570,235,9,2,32.78,Quality Issue
11532,308449,2025-09-15,22479,503,21,1,20.85,Wrong Item
11533,173032,2024-12-23,6957,74,20,2,18.64,Late Delivery
11534,48897,2024-04-17,11284,99,6,2,12.12,Not Needed
11535,36367,2024-04-07,22196,271,7,1,5.35,Quality Issue
11536,250216,2025-05-08,10990,249,9,1,28.29,Not Needed
11537,224694,2025-03-22,11459,485,30,1,66.91,Not Needed
11538,223816,2025-04-03,671,142,8,1,3.27,Wrong Item
11539,207254,2025-02-14,7648,95,32,2,9.72,Wrong Item
11540,4806,2024-01-18,20143,40,21,1,19.89,Quality Issue
11541,126622,2024-09-28,12207,70,15,2,12.34,Late Delivery
11542,328434,2025-10-17,17323,339,25,2,26.3,Late Delivery
11543,74526,2024-06-07,11236,303,12,2,35.55,Not Needed
11544,139385,2024-10-24,3554,161,33,1,30.04,Not Needed
11545,292292,2025-08-10,6818,33,17,2,16.22,Wrong Item
11546,66374,2024-05-25,5984,82,10,2,3.66,Damaged
11547,198407,2025-02-03,6263,423,13,1,23.28,Not Needed
11548,8326,2024-01-23,18337,262,15,1,33.06,Late Delivery
11549,108906,2024-08-20,15124,563,31,1,8.05,Not Needed
11550,10968,2024-01-31,13360,415,33,1,15.98,Damaged
11551,29922,2024-03-16,22634,339,10,1,8.47,Not Needed
11552,115225,2024-09-04,183,685,18,1,163.58,Not Needed
11553,47737,2024-04-28,2913,571,21,2,51.04,Late Delivery
11554,103834,2024-08-18,12016,137,33,1,5.7,Not Needed
11555,305487,2025-09-05,8444,42,34,1,4.85,Not Needed
11556,356662,2025-12-28,2234,254,21,1,78.49,Quality Issue
11557,79010,2024-06-21,24057,158,21,1,11.74,Not Needed
11558,177121,2024-12-29,2671,153,16,2,8.76,Damaged
11559,105376,2024-08-17,18847,67,33,2,37.36,Quality Issue
11560,223602,2025-03-21,23830,161,34,1,7.23,Not Needed
11561,144371,2024-11-04,7275,446,14,1,6.3,Not Needed
11562,258842,2025-05-25,13337,260,30,1,26.67,Quality Issue
11563,349650,2025-12-14,18393,538,33,1,3.13,Damaged
11564,275716,2025-06-26,3192,340,9,1,29.77,Damaged
11565,198593,2025-02-03,19822,13,12,1,8.04,Quality Issue
11566,220302,2025-03-13,13740,22,34,2,24.14,Not Needed
11567,264353,2025-06-17,1358,463,29,1,12.89,Quality Issue
11568,231210,2025-04-20,20385,289,24,1,13.46,Late Delivery
11569,357984,2025-12-23,5611,520,1,1,6.85,Quality Issue
11570,16957,2024-02-17,13721,340,19,1,22.82,Not Needed
11571,27305,2024-03-02,14436,87,9,1,0.51,Quality Issue
11572,169205,2024-12-19,5091,347,7,1,3.2,Quality Issue
11573,267746,2025-06-27,17925,334,10,1,45.95,Not Needed
11574,115572,2024-08-29,7215,475,11,2,19.3,Damaged
11575,221357,2025-03-28,7656,446,5,1,9.8,Not Needed
11576,45543,2024-04-09,13125,431,2,1,23.32,Not Needed
11577,349208,2025-12-15,5863,687,14,1,193.27,Not Needed
11578,285863,2025-07-16,16098,316,32,1,11.51,Quality Issue
11579,266851,2025-06-19,17035,308,24,1,68.91,Late Delivery
11580,313623,2025-10-02,3939,565,33,1,30.23,Damaged
11581,173471,2024-12-22,10230,672,11,1,71.81,Damaged
11582,58699,2024-05-16,20827,50,11,1,31.36,Quality Issue
11583,183293,2025-01-10,8803,700,8,1,285.37,Quality Issue
11584,185900,2025-01-11,10428,719,23,1,126.97,Quality Issue
11585,74537,2024-06-16,20040,51,25,1,3.1,Wrong Item
11586,13950,2024-02-11,7624,168,17,2,5.92,Wrong Item
11587,217315,2025-03-19,6361,148,23,1,4.66,Damaged
11588,24251,2024-02-25,7715,134,19,2,21.92,Wrong Item
11589,168640,2024-12-03,2029,223,17,2,29.34,Late Delivery
11590,54831,2024-05-02,21132,136,34,1,17.45,Not Needed
11591,358221,2025-12-19,22505,131,27,2,4.37,Damaged
11592,246392,2025-05-15,4885,45,31,1,22.58,Not Needed
11593,256944,2025-06-08,23958,268,33,1,37.58,Quality Issue
11594,18683,2024-02-20,9177,319,11,2,12.25,Not Needed
11595,113408,2024-08-25,15547,54,18,2,8.03,Late Delivery
11596,97941,2024-07-31,15854,423,24,1,54.64,Damaged
11597,155362,2024-11-29,4650,662,11,1,26.49,Not Needed
11598,917,2024-01-21,1719,3,15,1,16.21,Not Needed
11599,65390,2024-05-24,15290,454,13,1,6.18,Late Delivery
11600,37365,2024-04-07,5402,159,18,1,14.95,Not Needed
11601,275542,2025-07-05,9878,156,6,1,0.95,Not Needed
11602,169628,2024-12-10,2009,204,7,2,6.01,Late Delivery
11603,96878,2024-08-02,1003,687,28,1,183.38,Damaged
11604,275129,2025-07-02,6048,235,1,1,49.98,Quality Issue
11605,201665,2025-02-08,17625,2,9,1,20.79,Quality Issue
11606,35894,2024-04-06,3984,443,20,1,12.52,Damaged
11607,351420,2025-12-14,9520,132,11,2,18.07,Late Delivery
11608,126560,2024-10-05,5014,60,20,1,13.57,Wrong Item
11609,294461,2025-08-20,24712,191,20,1,1.28,Not Needed
11610,121437,2024-09-19,19844,148,7,2,19.35,Late Delivery
11611,319856,2025-10-09,2168,398,34,1,12.97,Not Needed
11612,221617,2025-03-13,9225,473,16,2,26.69,Quality Issue
11613,13553,2024-02-20,23753,142,31,2,7.83,Wrong Item
11614,306885,2025-09-05,13470,252,30,1,5.92,Late Delivery
11615,290369,2025-08-04,11564,588,32,1,323.46,Late Delivery
11616,153156,2024-11-20,734,113,34,2,27.87,Late Delivery
11617,68131,2024-06-06,5425,196,22,1,2.44,Wrong Item
11618,53065,2024-05-10,15012,199,5,2,8.22,Quality Issue
11619,84750,2024-07-03,22896,78,20,1,7.03,Quality Issue
11620,52043,2024-05-01,10868,271,5,1,9.86,Quality Issue
11621,18962,2024-02-13,17989,717,17,1,290.55,Quality Issue
11622,145245,2024-11-05,8439,114,13,1,15.33,Not Needed
11623,177699,2025-01-04,20230,412,4,1,15.66,Quality Issue
11624,246972,2025-05-02,24739,599,34,1,80.05,Quality Issue
11625,95132,2024-07-16,17461,535,6,1,26.89,Late Delivery
11626,235361,2025-04-20,24979,467,22,1,79.35,Wrong Item
11627,68599,2024-05-29,16398,347,10,1,2.06,Quality Issue
11628,249705,2025-05-22,760,276,11,1,7.96,Not Needed
11629,135840,2024-10-06,12569,103,31,2,21.3,Not Needed
11630,179619,2025-01-08,18399,468,14,1,16.11,Not Needed
11631,100260,2024-07-30,10360,570,34,1,81.15,Damaged
11632,104149,2024-08-09,11945,95,29,2,2.77,Not Needed
11633,149822,2024-11-16,20214,343,34,1,15.47,Damaged
11634,54734,2024-05-16,4312,2,9,2,13.82,Wrong Item
11635,48360,2024-04-23,10253,536,33,1,7.14,Late Delivery
11636,304006,2025-08-28,12496,552,12,1,18.78,Not Needed
11637,215065,2025-03-14,6524,3,34,1,15.37,Quality Issue
11638,69113,2024-06-02,388,222,23,1,14.67,Not Needed
11639,353696,2025-12-06,4440,395,27,1,13.33,Quality Issue
11640,270113,2025-06-30,6194,88,18,1,4.64,Quality Issue
11641,121983,2024-09-11,1007,38,5,1,2.94,Damaged
11642,154425,2024-11-24,9449,166,15,1,3.52,Damaged
11643,165545,2024-12-11,24697,514,32,2,23.06,Wrong Item
11644,15060,2024-02-12,6167,137,14,2,16.3,Late Delivery
11645,231130,2025-04-13,24383,226,9,1,48.86,Wrong Item
11646,354434,2025-12-12,14469,567,9,1,3.22,Not Needed
11647,604,2024-01-08,6045,162,13,2,23.63,Not Needed
11648,147410,2024-11-07,11611,655,30,1,243.81,Not Needed
11649,230893,2025-04-10,23489,517,29,1,3.83,Not Needed
11650,101310,2024-08-06,9845,310,2,2,5.42,Late Delivery
11651,118557,2024-09-02,1280,104,19,2,12.59,Quality Issue
11652,364810,2026-01-02,1094,375,6,1,24.3,Quality Issue
11653,318837,2025-10-06,5466,695,18,1,429.21,Wrong Item
11654,295370,2025-08-16,5711,315,25,1,4.41,Quality Issue
11655,66145,2024-06-04,19119,251,33,1,17.66,Wrong Item
11656,123306,2024-09-27,10878,315,22,1,3.56,Late Delivery
11657,124089,2024-09-22,15665,54,30,1,13.96,Damaged
11658,338659,2025-11-21,23436,171,9,1,4.07,Late Delivery
11659,278837,2025-07-06,1743,319,30,1,5.24,Damaged
11660,7066,2024-01-18,20414,649,26,1,103.83,Late Delivery
11661,10451,2024-02-04,19118,104,18,2,34.85,Damaged
11662,214862,2025-03-17,23216,36,17,2,7.44,Late Delivery
11663,26101,2024-03-13,11099,327,27,1,13.84,Quality Issue
11664,17561,2024-02-15,3545,253,6,1,27.87,Not Needed
11665,364622,2025-12-28,18933,68,25,1,51.1,Wrong Item
11666,172438,2024-12-21,3568,346,21,1,31.59,Wrong Item
11667,246090,2025-05-14,22416,644,15,2,1044.08,Quality Issue
11668,133441,2024-10-15,17170,364,17,2,35.25,Damaged
11669,289948,2025-08-03,19274,686,8,1,298.47,Quality Issue
11670,247704,2025-05-12,17350,377,1,2,50.91,Quality Issue
11671,212476,2025-02-23,20425,640,30,1,179.13,Not Needed
11672,254204,2025-05-27,9213,154,33,1,11.14,Quality Issue
11673,275940,2025-07-14,24328,100,13,2,34.01,Damaged
11674,141473,2024-10-20,12246,170,4,2,4.68,Damaged
11675,216289,2025-03-17,15883,143,26,2,26.99,Not Needed
11676,165899,2024-12-04,388,292,5,2,30.71,Quality Issue
11677,155272,2024-11-29,21938,397,30,2,13.67,Quality Issue
11678,121086,2024-09-19,9327,29,15,2,27.09,Quality Issue
11679,29516,2024-03-12,19002,624,33,1,26.29,Damaged
11680,261296,2025-05-29,22170,82,16,1,3.98,Late Delivery
11681,238395,2025-04-18,10317,498,21,2,50.46,Not Needed
11682,145147,2024-10-27,13263,568,18,1,26.38,Not Needed
11683,19638,2024-02-17,20457,162,22,1,6.68,Not Needed
11684,171379,2024-12-25,14854,310,29,1,10.12,Late Delivery
11685,304158,2025-09-01,17776,254,17,2,36.17,Damaged
11686,95762,2024-07-28,22698,482,26,1,9.28,Wrong Item
11687,178774,2024-12-31,7502,355,10,1,22.41,Quality Issue
11688,190011,2025-01-19,8462,367,17,1,8.66,Not Needed
11689,81450,2024-06-24,7116,218,25,1,3.31,Wrong Item
11690,263869,2025-06-06,20993,297,14,1,15.45,Damaged
11691,297845,2025-08-25,5807,318,4,2,28.13,Late Delivery
11692,120670,2024-09-07,22796,138,10,1,6.19,Quality Issue
11693,248976,2025-05-22,3151,212,24,2,8.04,Late Delivery
11694,250084,2025-05-25,838,101,5,2,17.03,Damaged
11695,170527,2024-12-07,21450,336,9,2,8.55,Late Delivery
11696,336936,2025-11-12,17897,433,14,1,15.75,Damaged
11697,177251,2024-12-20,7565,643,20,1,114.17,Damaged
11698,106124,2024-08-13,17956,174,25,2,4.1,Damaged
11699,14370,2024-02-04,3587,369,33,1,7.9,Late Delivery
11700,172239,2024-12-23,21684,538,15,1,5.07,Not Needed
11701,183209,2024-12-28,22085,463,21,1,11.31,Damaged
11702,218041,2025-03-20,4721,126,8,1,10.63,Quality Issue
11703,142430,2024-10-29,5535,9,20,1,29.49,Not Needed
11704,233850,2025-04-23,14706,12,18,2,10.19,Quality Issue
11705,5863,2024-01-16,8243,409,6,1,6.55,Late Delivery
11706,21348,2024-03-08,22753,348,15,1,27.52,Quality Issue
11707,301379,2025-08-21,16773,130,4,1,0.74,Not Needed
11708,275284,2025-07-09,7221,674,34,1,78.67,Damaged
11709,76010,2024-06-11,7057,518,21,2,15.98,Quality Issue
11710,3266,2024-01-14,19235,217,3,2,13.74,Damaged
11711,186394,2025-01-13,7151,104,11,1,3.78,Damaged
11712,352851,2025-12-12,11525,197,20,1,6.58,Not Needed
11713,79255,2024-06-18,346,314,14,1,17.19,Not Needed
11714,49641,2024-05-06,6208,608,13,1,169.27,Quality Issue
11715,327791,2025-11-03,16997,222,32,1,4.72,Damaged
11716,241960,2025-05-10,15780,352,21,2,18.55,Not Needed
11717,91161,2024-07-23,4137,6,29,1,2.63,Wrong Item
11718,214081,2025-03-13,22150,220,30,1,7.0,Quality Issue
11719,161668,2024-11-29,22268,276,28,1,33.32,Not Needed
11720,226018,2025-03-28,15268,57,15,2,1.83,Not Needed
11721,106571,2024-08-09,3827,281,32,1,29.0,Not Needed
11722,237906,2025-04-23,21878,303,31,1,60.79,Quality Issue
11723,101136,2024-08-15,11719,166,2,1,12.26,Damaged
11724,37852,2024-03-31,10096,116,25,2,17.29,Damaged
11725,359267,2025-12-29,22515,295,33,1,26.21,Late Delivery
11726,174615,2024-12-13,23109,43,22,2,19.13,Not Needed
11727,22696,2024-03-03,13358,626,33,1,499.05,Wrong Item
11728,6365,2024-01-20,20384,218,6,1,2.4,Not Needed
11729,7035,2024-01-27,18516,137,34,1,37.9,Quality Issue
11730,52552,2024-05-11,4995,641,18,1,100.57,Not Needed
11731,177676,2024-12-22,10637,125,29,1,42.07,Damaged
11732,139716,2024-10-22,12917,424,6,1,25.3,Not Needed
11733,259784,2025-06-07,23237,532,25,1,16.1,Damaged
11734,73658,2024-06-22,15852,181,15,1,1.76,Quality Issue
11735,169009,2024-12-22,18217,107,12,2,5.92,Not Needed
11736,350233,2025-12-03,9220,52,13,1,1.29,Damaged
11737,288495,2025-07-23,20738,525,6,1,17.25,Late Delivery
11738,246826,2025-05-16,21524,197,1,1,1.12,Quality Issue
11739,223175,2025-03-28,16638,453,2,2,53.89,Not Needed
11740,45019,2024-04-08,1083,90,8,1,11.39,Not Needed
11741,49708,2024-04-22,14413,141,20,1,12.85,Wrong Item
11742,144004,2024-11-03,2443,145,14,2,30.39,Not Needed
11743,261918,2025-06-11,9097,201,9,2,13.93,Quality Issue
11744,216584,2025-03-07,958,176,30,1,12.57,Late Delivery
11745,306275,2025-09-16,12110,260,34,1,15.3,Late Delivery
11746,83144,2024-07-05,21122,252,9,1,6.94,Late Delivery
11747,64406,2024-05-30,9619,284,3,1,32.25,Damaged
11748,44837,2024-04-08,3628,137,5,2,43.32,Quality Issue
11749,218187,2025-03-10,4823,285,21,1,35.21,Not Needed
11750,329306,2025-10-31,12389,528,4,1,18.22,Damaged
11751,23940,2024-02-25,10537,111,3,2,9.38,Damaged
11752,102394,2024-08-11,17554,656,14,1,179.82,Late Delivery
11753,46809,2024-04-20,21064,84,22,1,3.24,Late Delivery
11754,16246,2024-02-26,23468,443,6,1,21.01,Damaged
11755,64518,2024-05-24,14055,339,20,1,7.78,Wrong Item
11756,250197,2025-05-08,8040,127,27,1,48.92,Late Delivery
11757,274737,2025-07-11,13414,529,17,1,24.45,Damaged
11758,174961,2024-12-12,24351,469,9,1,2.8,Not Needed
11759,44852,2024-04-21,7158,700,19,1,138.21,Late Delivery
11760,119651,2024-09-16,24293,291,29,1,106.31,Not Needed
11761,167159,2024-12-18,13859,210,2,1,6.09,Not Needed
11762,284665,2025-07-26,16799,228,29,1,24.77,Damaged
11763,269820,2025-06-29,23840,668,22,1,313.11,Damaged
11764,18838,2024-02-26,23062,163,23,1,7.93,Not Needed
11765,159798,2024-11-26,11004,327,6,2,48.27,Not Needed
11766,98925,2024-08-04,1607,583,19,1,15.56,Not Needed
11767,95061,2024-07-24,3731,13,34,1,3.61,Damaged
11768,39554,2024-03-31,17591,646,9,1,237.21,Damaged
11769,356678,2025-12-27,11018,580,33,1,1.93,Wrong Item
11770,96224,2024-07-20,17422,655,23,1,156.65,Not Needed
11771,189950,2025-01-13,13771,91,10,2,20.73,Not Needed
11772,16286,2024-02-16,13854,274,18,2,78.93,Quality Issue
11773,323549,2025-10-09,23710,192,9,1,17.52,Damaged
11774,14157,2024-02-19,13822,579,23,1,24.84,Quality Issue
11775,367430,2026-01-14,16468,114,29,1,11.77,Late Delivery
11776,298334,2025-08-15,21055,202,15,1,9.82,Quality Issue
11777,120660,2024-09-14,20559,164,14,2,13.06,Quality Issue
11778,43064,2024-04-07,11728,76,18,1,11.57,Quality Issue
11779,290301,2025-07-24,8320,332,25,1,22.62,Late Delivery
11780,286941,2025-07-20,19839,115,14,1,7.84,Damaged
11781,356484,2025-12-18,18639,130,5,2,3.77,Not Needed
11782,153433,2024-11-24,18191,174,33,2,7.52,Not Needed
11783,153161,2024-11-08,8376,73,31,1,5.47,Quality Issue
11784,262082,2025-06-02,164,267,11,1,23.88,Damaged
11785,199805,2025-02-02,19130,174,20,2,4.55,Not Needed
11786,189164,2025-01-17,21980,221,34,2,7.32,Not Needed
11787,353945,2025-12-21,22074,214,2,1,3.48,Not Needed
11788,36664,2024-03-31,6365,179,5,2,14.89,Late Delivery
11789,244488,2025-05-14,6262,412,27,1,13.35,Quality Issue
11790,365670,2026-01-11,20506,50,10,2,15.08,Quality Issue
11791,31813,2024-03-17,20286,519,27,1,23.0,Damaged
11792,12850,2024-02-11,13901,171,29,2,26.78,Quality Issue
11793,343601,2025-12-01,19812,74,33,2,5.74,Not Needed
11794,53240,2024-05-10,1179,177,23,2,40.7,Damaged
11795,291259,2025-07-29,1294,176,23,1,4.59,Late Delivery
11796,257440,2025-05-26,2798,178,2,1,23.14,Damaged
11797,269786,2025-06-26,3368,336,34,2,15.72,Late Delivery
11798,326254,2025-10-29,6395,296,19,2,43.74,Damaged
11799,17370,2024-02-19,6096,259,14,1,76.84,Not Needed
11800,13847,2024-02-06,7003,497,34,1,13.67,Wrong Item
11801,295417,2025-08-06,13931,340,27,2,40.05,Damaged
11802,358392,2025-12-14,3378,115,27,2,5.31,Quality Issue
11803,120988,2024-09-10,8326,293,6,2,48.04,Not Needed
11804,339791,2025-11-19,20440,566,20,1,27.35,Late Delivery
11805,104389,2024-08-09,20008,501,3,1,15.96,Late Delivery
11806,241734,2025-04-26,5702,303,23,1,50.63,Not Needed
11807,281336,2025-07-06,15882,79,16,1,35.64,Wrong Item
11808,229089,2025-04-04,19648,310,28,2,5.81,Wrong Item
11809,45883,2024-04-27,24663,2,34,1,12.13,Wrong Item
11810,234741,2025-04-15,2501,253,30,1,35.07,Damaged
11811,235854,2025-04-22,20308,578,22,1,20.45,Late Delivery
11812,354281,2025-12-05,23899,188,13,2,16.96,Late Delivery
11813,16069,2024-02-16,10272,142,33,1,2.41,Late Delivery
11814,25751,2024-03-07,13022,39,11,1,3.72,Quality Issue
11815,287673,2025-07-22,2367,109,14,1,8.58,Damaged
11816,130787,2024-10-07,4245,258,2,1,4.83,Not Needed
11817,191031,2025-01-13,18319,527,2,1,23.31,Damaged
11818,120384,2024-09-12,20611,152,5,1,23.6,Wrong Item
11819,208422,2025-02-27,2022,322,7,1,35.88,Damaged
11820,135628,2024-10-11,9918,404,13,1,11.99,Wrong Item
11821,217831,2025-03-06,9359,19,33,1,8.89,Wrong Item
11822,226632,2025-04-08,13394,93,6,2,11.35,Quality Issue
11823,77677,2024-06-26,2034,145,1,2,19.6,Damaged
11824,337894,2025-11-25,24075,335,18,2,41.41,Not Needed
11825,257645,2025-05-23,12029,182,12,1,3.0,Wrong Item
11826,343295,2025-11-21,1137,529,23,2,62.04,Damaged
11827,81255,2024-06-25,14369,377,33,1,27.09,Not Needed
11828,52436,2024-04-24,12690,73,23,1,15.7,Not Needed
11829,263348,2025-06-01,20833,392,16,2,18.37,Quality Issue
11830,325583,2025-10-17,22942,465,22,1,2.82,Damaged
11831,68748,2024-06-10,4274,385,29,1,6.8,Damaged
11832,286019,2025-07-16,10380,452,7,1,12.72,Late Delivery
11833,227263,2025-03-24,14041,670,33,1,415.85,Quality Issue
11834,150152,2024-11-10,6222,171,10,1,22.06,Wrong Item
11835,177879,2024-12-29,9869,128,32,1,9.95,Wrong Item
11836,290357,2025-07-26,10782,1,12,2,3.66,Not Needed
11837,211280,2025-02-23,7899,94,9,2,4.09,Damaged
11838,230965,2025-04-13,11165,94,27,2,6.76,Quality Issue
11839,231832,2025-04-14,394,493,17,1,27.52,Wrong Item
11840,125279,2024-09-20,23121,13,8,1,10.81,Quality Issue
11841,180495,2024-12-27,13844,22,31,1,4.78,Wrong Item
11842,1082,2024-01-17,24449,157,29,1,3.81,Damaged
11843,157156,2024-12-02,23354,165,17,1,22.68,Damaged
11844,268081,2025-06-17,1286,227,29,1,15.58,Damaged
11845,83133,2024-07-09,1690,272,33,1,17.82,Not Needed
11846,344444,2025-11-22,5474,486,4,1,60.53,Not Needed
11847,288816,2025-08-09,2305,42,34,1,3.24,Not Needed
11848,102271,2024-08-06,15795,226,27,2,83.54,Wrong Item
11849,321319,2025-10-07,2578,139,18,2,11.91,Not Needed
11850,66419,2024-06-02,21315,235,10,2,35.46,Not Needed
11851,360448,2026-01-01,20864,46,8,2,18.09,Not Needed
11852,280481,2025-07-17,4304,66,24,1,1.45,Not Needed
11853,192714,2025-01-19,14406,435,30,1,3.67,Damaged
11854,275843,2025-06-24,16790,496,8,1,48.21,Quality Issue
11855,45474,2024-04-17,5924,97,21,1,1.07,Late Delivery
11856,163075,2024-11-24,12868,158,10,1,49.64,Damaged
11857,180040,2025-01-02,7614,146,33,2,10.04,Late Delivery
11858,95099,2024-07-31,24720,87,34,1,1.0,Late Delivery
11859,92615,2024-07-16,2732,250,13,1,7.0,Not Needed
11860,19855,2024-02-21,22291,84,33,1,11.28,Not Needed
11861,71189,2024-06-08,229,37,8,1,7.78,Not Needed
11862,351906,2025-12-15,523,1,8,1,4.2,Damaged
11863,301841,2025-08-31,21880,105,17,1,18.7,Not Needed
11864,315979,2025-10-04,15636,279,1,1,25.51,Damaged
11865,78481,2024-06-22,16226,538,27,1,7.36,Damaged
11866,149486,2024-11-15,14490,202,6,1,6.94,Late Delivery
11867,355766,2025-12-25,22040,663,8,1,111.23,Late Delivery
11868,62439,2024-05-15,4596,186,30,2,9.48,Not Needed
11869,248137,2025-05-07,23100,392,26,2,70.72,Not Needed
11870,86016,2024-07-08,22651,125,6,1,10.0,Not Needed
11871,247380,2025-05-13,11738,542,3,2,12.09,Not Needed
11872,110661,2024-08-29,24087,181,16,2,2.63,Late Delivery
11873,168294,2024-12-02,11013,272,32,2,27.96,Damaged
11874,195267,2025-01-21,20285,664,23,1,218.85,Late Delivery
11875,236746,2025-04-14,14880,96,21,2,6.93,Not Needed
11876,185736,2025-01-07,4886,340,9,1,25.21,Not Needed
11877,336665,2025-11-06,19013,150,1,2,8.82,Quality Issue
11878,222698,2025-03-30,15141,192,34,1,26.48,Wrong Item
11879,251031,2025-05-24,11688,133,18,1,9.2,Not Needed
11880,139230,2024-10-27,3752,33,24,2,13.81,Late Delivery
11881,287217,2025-07-18,8437,333,8,1,9.14,Damaged
11882,165626,2024-11-30,23631,148,30,1,7.54,Not Needed
11883,284027,2025-07-26,13570,26,31,1,15.29,Not Needed
11884,219785,2025-03-12,2304,237,9,1,88.64,Wrong Item
11885,22157,2024-03-09,3642,206,8,2,14.92,Damaged
11886,336017,2025-11-06,17737,94,6,2,8.6,Wrong Item
11887,351739,2025-12-19,2836,671,22,1,139.22,Not Needed
11888,39374,2024-04-12,7786,87,34,1,1.65,Damaged
11889,98384,2024-07-28,2872,14,13,1,2.98,Not Needed
11890,142966,2024-11-05,11664,138,26,1,6.15,Not Needed
11891,198644,2025-02-11,5931,145,11,1,6.52,Wrong Item
11892,172061,2024-12-18,5557,661,30,1,391.27,Quality Issue
11893,83432,2024-06-24,22319,42,20,1,2.68,Not Needed
11894,215058,2025-03-17,6162,196,10,1,5.18,Damaged
11895,32163,2024-03-26,1350,373,6,1,17.86,Quality Issue
11896,15614,2024-02-08,8716,488,33,2,12.8,Damaged
11897,35294,2024-04-06,9777,208,15,1,22.71,Wrong Item
11898,243389,2025-04-27,9311,282,22,1,13.88,Late Delivery
11899,260744,2025-05-30,5473,358,8,2,7.84,Not Needed
11900,311201,2025-09-19,20889,53,14,1,8.03,Not Needed
11901,310125,2025-09-11,23775,18,14,1,1.12,Quality Issue
11902,102885,2024-08-13,2241,335,33,1,10.36,Damaged
11903,365205,2026-01-08,13113,143,25,1,4.47,Late Delivery
11904,292987,2025-08-02,6690,494,8,1,4.4,Not Needed
11905,91933,2024-07-22,15787,221,9,1,4.19,Not Needed
11906,295735,2025-08-19,5926,173,8,2,41.55,Wrong Item
11907,308516,2025-09-19,19271,161,33,1,61.19,Late Delivery
11908,174917,2024-12-22,23613,178,1,2,35.74,Not Needed
11909,87729,2024-07-04,3641,231,14,2,48.36,Damaged
11910,233343,2025-04-23,23883,467,8,2,29.27,Damaged
11911,148222,2024-11-03,6970,463,7,1,19.23,Not Needed
11912,361638,2026-01-05,685,216,21,1,12.14,Not Needed
11913,322035,2025-10-03,8185,178,20,1,14.33,Not Needed
11914,313352,2025-09-14,9211,169,20,1,8.8,Not Needed
11915,210955,2025-02-25,11058,214,19,1,6.81,Late Delivery
11916,141000,2024-11-02,17986,342,33,1,23.52,Not Needed
11917,158217,2024-11-28,8688,501,24,1,55.86,Damaged
11918,175382,2024-12-26,530,220,27,2,10.59,Wrong Item
11919,168911,2024-12-06,12026,209,13,1,11.82,Not Needed
11920,150547,2024-11-15,11169,328,24,1,12.49,Quality Issue
11921,252214,2025-05-14,22747,339,29,1,7.57,Quality Issue
11922,333155,2025-11-05,5462,626,27,1,408.04,Damaged
11923,60774,2024-05-25,7849,668,11,1,199.33,Damaged
11924,49479,2024-04-20,24122,547,10,1,2.05,Late Delivery
11925,247074,2025-05-17,14012,111,2,2,13.69,Late Delivery
11926,49910,2024-04-25,24328,29,14,1,4.98,Damaged
11927,340490,2025-11-12,6792,395,3,1,14.06,Damaged
11928,368281,2026-01-08,22319,267,20,2,26.24,Late Delivery
11929,203732,2025-02-24,716,519,21,1,26.09,Not Needed
11930,126846,2024-09-27,13507,645,15,1,107.75,Wrong Item
11931,41343,2024-04-16,19436,342,24,1,13.98,Late Delivery
11932,338933,2025-11-18,1781,587,10,1,20.74,Not Needed
11933,150682,2024-11-10,16237,189,18,2,8.3,Late Delivery
11934,58541,2024-05-14,21611,142,11,2,17.15,Late Delivery
11935,278981,2025-07-01,4300,17,2,2,10.7,Not Needed
11936,150785,2024-11-12,24031,241,18,2,52.17,Not Needed
11937,101661,2024-07-31,23298,282,2,1,5.42,Wrong Item
11938,238253,2025-04-15,22042,468,23,1,18.81,Late Delivery
11939,21699,2024-02-25,18116,537,32,2,25.83,Late Delivery
11940,207324,2025-02-26,18822,124,1,1,22.23,Not Needed
11941,72678,2024-06-11,17744,117,13,1,15.26,Wrong Item
11942,77305,2024-06-28,14366,238,33,1,23.83,Wrong Item
11943,301468,2025-08-25,4824,236,33,1,12.19,Late Delivery
11944,136906,2024-10-20,3090,617,1,1,524.33,Quality Issue
11945,35798,2024-03-21,14005,334,19,1,31.59,Quality Issue
11946,96738,2024-08-02,17989,201,11,1,23.11,Late Delivery
11947,123174,2024-09-24,13662,265,11,2,27.59,Damaged
11948,208349,2025-02-26,11917,357,27,1,5.72,Not Needed
11949,268726,2025-06-19,5922,350,18,1,14.95,Not Needed
11950,330685,2025-10-27,18556,659,19,1,316.14,Late Delivery
11951,347130,2025-12-03,22898,427,5,1,1.09,Damaged
11952,3244,2024-01-25,10262,260,4,2,46.26,Quality Issue
11953,81315,2024-07-06,3664,482,28,1,11.1,Late Delivery
11954,82468,2024-06-24,20679,45,10,1,16.1,Not Needed
11955,188796,2025-01-19,2144,76,17,2,22.63,Not Needed
11956,191277,2025-01-11,7380,30,15,2,3.8,Not Needed
11957,147251,2024-11-04,14627,639,21,1,128.72,Not Needed
11958,242181,2025-05-04,11285,142,21,1,13.92,Late Delivery
11959,345044,2025-11-28,6736,462,23,1,26.68,Not Needed
11960,343780,2025-11-17,18661,225,13,1,4.25,Wrong Item
11961,84700,2024-06-28,1760,504,21,1,17.26,Not Needed
11962,151666,2024-11-22,1011,502,10,1,33.79,Late Delivery
11963,43361,2024-04-22,19553,636,27,1,196.32,Wrong Item
11964,171953,2024-12-14,7534,84,34,1,3.45,Not Needed
11965,124064,2024-09-11,7475,236,18,2,12.41,Damaged
11966,116493,2024-08-31,11101,59,5,1,19.49,Not Needed
11967,87842,2024-07-02,23930,156,14,1,5.68,Not Needed
11968,245490,2025-05-03,4309,477,22,2,33.49,Quality Issue
11969,183953,2025-01-13,13205,157,32,1,5.16,Late Delivery
11970,57261,2024-05-20,24768,370,17,1,12.31,Damaged
11971,300833,2025-08-16,21164,434,4,1,12.84,Not Needed
11972,187512,2025-01-15,24815,151,29,1,12.46,Late Delivery
11973,121390,2024-09-19,9044,194,29,1,3.39,Wrong Item
11974,185,2024-01-08,4619,357,1,2,7.5,Not Needed
11975,221010,2025-03-28,4764,179,33,1,7.49,Late Delivery
11976,348116,2025-12-01,22235,489,33,1,25.79,Not Needed
11977,352632,2025-12-15,6424,616,8,1,176.77,Not Needed
11978,260749,2025-06-04,23200,566,27,1,17.26,Damaged
11979,32584,2024-03-21,18463,477,33,2,19.28,Quality Issue
11980,346068,2025-12-10,17691,58,14,2,10.82,Damaged
11981,3510,2024-01-16,2575,186,28,2,9.5,Not Needed
11982,347694,2025-12-01,4270,136,16,1,32.69,Not Needed
11983,150230,2024-11-10,22166,399,27,1,22.75,Wrong Item
11984,304615,2025-08-25,9611,695,8,1,382.4,Wrong Item
11985,300370,2025-08-30,19578,598,18,1,322.82,Not Needed
11986,211930,2025-03-13,5453,277,19,1,14.72,Not Needed
11987,329468,2025-11-07,14313,294,4,2,66.24,Damaged
11988,320046,2025-10-10,22942,54,9,1,14.53,Not Needed
11989,260109,2025-06-05,37,167,7,2,32.93,Wrong Item
11990,227163,2025-04-05,3459,220,3,1,6.43,Quality Issue
11991,155202,2024-11-28,3804,19,34,2,11.98,Not Needed
11992,198761,2025-01-30,24263,718,2,1,257.99,Not Needed
11993,127038,2024-10-03,237,248,29,1,22.44,Wrong Item
11994,117514,2024-09-10,4277,402,24,1,11.84,Not Needed
11995,140892,2024-10-16,12650,551,14,1,8.32,Not Needed
11996,133548,2024-10-08,20855,479,30,1,14.65,Quality Issue
11997,323671,2025-10-20,2716,88,12,1,7.11,Not Needed
11998,54910,2024-05-11,21284,440,9,1,26.9,Late Delivery
11999,156731,2024-11-29,10946,190,23,1,53.55,Quality Issue
12000,263446,2025-06-11,4823,87,34,1,3.24,Wrong Item
12001,290573,2025-07-29,12545,166,23,1,3.03,Not Needed
12002,185468,2025-01-02,13943,149,2,1,1.97,Late Delivery
12003,45640,2024-04-21,22180,415,32,1,36.76,Wrong Item
12004,99360,2024-08-12,16478,7,16,2,10.39,Quality Issue
12005,161887,2024-11-30,18829,14,9,1,18.5,Not Needed
12006,309898,2025-09-16,1045,99,10,1,9.18,Not Needed
12007,24676,2024-03-10,1351,564,26,2,6.04,Quality Issue
12008,287373,2025-07-23,10300,462,33,2,58.94,Damaged
12009,309707,2025-09-06,5653,256,12,1,33.12,Late Delivery
12010,359256,2025-12-29,16786,301,21,1,20.13,Wrong Item
12011,3622,2024-01-21,23486,128,18,2,23.1,Not Needed
12012,90138,2024-07-23,21591,398,18,1,14.34,Quality Issue
12013,134414,2024-10-16,2243,133,32,2,11.16,Not Needed
12014,366958,2026-01-10,17429,407,10,1,16.98,Not Needed
12015,291205,2025-07-30,13719,35,9,1,4.97,Quality Issue
12016,142706,2024-10-31,2260,227,3,1,3.67,Quality Issue
12017,180077,2024-12-25,15385,535,29,1,9.56,Late Delivery
12018,262759,2025-06-06,4840,422,7,1,13.04,Quality Issue
12019,29381,2024-03-21,23354,569,34,1,12.91,Damaged
12020,76215,2024-06-21,15574,46,18,1,22.91,Damaged
12021,19039,2024-02-22,22460,536,33,1,9.77,Damaged
12022,147939,2024-11-07,4219,196,29,1,3.96,Late Delivery
12023,36086,2024-03-29,16614,358,29,2,21.22,Not Needed
12024,159412,2024-11-30,3551,336,32,1,17.98,Not Needed
12025,361932,2025-12-23,835,216,34,1,6.94,Wrong Item
12026,72206,2024-06-05,21053,651,28,1,38.97,Not Needed
12027,37747,2024-04-05,24554,163,28,1,2.05,Wrong Item
12028,347258,2025-12-06,8387,116,30,1,6.81,Quality Issue
12029,172153,2024-12-18,4372,252,13,1,7.11,Quality Issue
12030,82697,2024-07-01,15563,367,33,1,17.31,Quality Issue
12031,134715,2024-10-09,10252,281,10,2,61.87,Quality Issue
12032,155792,2024-11-27,15256,546,20,1,21.74,Quality Issue
12033,100905,2024-08-05,8462,307,16,1,19.95,Late Delivery
12034,325612,2025-10-17,24619,233,28,1,38.52,Damaged
12035,359399,2025-12-23,18189,290,5,2,59.21,Quality Issue
12036,340295,2025-11-14,7796,326,20,2,7.87,Quality Issue
12037,241507,2025-04-22,14840,559,18,1,18.82,Damaged
12038,160154,2024-11-26,12993,145,5,2,20.25,Wrong Item
12039,67045,2024-05-25,5782,105,9,1,26.9,Quality Issue
12040,18070,2024-02-15,19669,274,15,1,12.2,Damaged
12041,101334,2024-08-03,21770,30,27,2,5.02,Damaged
12042,311077,2025-09-23,3631,218,13,1,21.28,Quality Issue
12043,243553,2025-05-02,13135,440,22,1,26.1,Quality Issue
12044,308763,2025-09-15,4389,699,24,1,381.47,Late Delivery
12045,221609,2025-03-14,2829,179,15,2,7.26,Late Delivery
12046,36360,2024-03-27,17870,191,14,1,1.15,Damaged
12047,178330,2025-01-04,2806,133,3,1,8.76,Damaged
12048,312483,2025-09-13,18367,143,34,2,12.55,Quality Issue
12049,172055,2024-12-27,4255,378,34,1,7.06,Quality Issue
12050,45140,2024-04-14,19975,67,29,1,6.08,Late Delivery
12051,45658,2024-04-23,9175,167,9,1,17.61,Not Needed
12052,251237,2025-05-18,16450,682,30,2,378.11,Damaged
12053,132335,2024-10-16,13830,46,30,1,11.06,Not Needed
12054,76820,2024-06-23,12691,420,4,1,16.65,Wrong Item
12055,325067,2025-10-15,14373,176,22,1,23.7,Damaged
12056,297902,2025-08-29,13664,440,6,1,39.77,Not Needed
12057,182178,2025-01-02,7496,468,30,2,27.55,Wrong Item
12058,363676,2025-12-29,10135,7,4,2,15.45,Not Needed
12059,207732,2025-03-01,3797,180,14,1,5.18,Quality Issue
12060,275985,2025-06-27,20161,130,33,1,1.73,Late Delivery
12061,284983,2025-07-23,16595,196,14,1,6.46,Damaged
12062,32575,2024-03-31,21901,551,19,2,22.31,Late Delivery
12063,34924,2024-03-19,23095,656,4,1,319.13,Wrong Item
12064,47648,2024-04-23,5536,485,5,1,24.15,Not Needed
12065,60087,2024-05-12,5401,714,18,1,568.97,Quality Issue
12066,1957,2024-01-17,4861,287,30,2,36.85,Late Delivery
12067,154459,2024-11-14,24644,296,9,2,16.22,Not Needed
12068,253942,2025-05-18,17024,243,15,1,65.05,Damaged
12069,298120,2025-08-21,6582,137,34,2,31.14,Not Needed
12070,240420,2025-04-26,17935,366,8,1,2.62,Wrong Item
12071,249352,2025-05-08,16097,666,30,1,484.6,Wrong Item
12072,316025,2025-09-19,2136,144,34,1,10.35,Damaged
12073,27851,2024-03-04,16013,177,11,2,47.4,Not Needed
12074,262560,2025-06-11,6608,206,15,1,14.77,Quality Issue
12075,140137,2024-10-20,22958,664,21,2,415.8,Damaged
12076,49214,2024-04-18,23004,96,23,1,1.67,Not Needed
12077,134378,2024-10-07,13407,104,15,1,16.59,Not Needed
12078,282798,2025-07-14,14668,559,33,1,38.93,Late Delivery
12079,292244,2025-08-15,5487,499,18,1,31.51,Damaged
12080,256547,2025-06-03,1366,190,34,1,10.07,Late Delivery
12081,59642,2024-05-18,9183,146,9,1,9.45,Quality Issue
12082,3797,2024-01-14,14107,200,30,2,16.81,Wrong Item
12083,7069,2024-01-22,11102,46,30,1,25.31,Quality Issue
12084,192127,2025-01-30,12997,705,17,1,36.14,Not Needed
12085,73895,2024-06-08,6670,554,14,1,32.05,Late Delivery
12086,360274,2025-12-17,18430,369,12,1,18.42,Wrong Item
12087,1156,2024-01-16,17917,261,2,2,23.97,Quality Issue
12088,171271,2024-12-19,13656,131,29,1,3.91,Quality Issue
12089,169389,2024-12-22,17698,114,23,2,5.9,Quality Issue
12090,28215,2024-03-10,452,101,19,1,2.54,Late Delivery
12091,3825,2024-01-23,6961,548,14,1,102.81,Late Delivery
12092,75723,2024-06-23,22050,708,21,1,51.73,Not Needed
12093,149703,2024-11-11,21726,653,12,1,351.77,Wrong Item
12094,270751,2025-07-03,12035,330,3,1,11.82,Not Needed
12095,75216,2024-06-08,7394,235,19,1,20.26,Wrong Item
12096,208684,2025-03-01,17994,62,8,2,25.38,Not Needed
12097,76855,2024-06-19,170,135,30,1,16.68,Quality Issue
12098,132302,2024-10-13,23227,18,22,1,2.99,Wrong Item
12099,173086,2024-12-23,12734,148,11,2,9.49,Quality Issue
12100,93232,2024-07-16,16977,460,17,2,28.25,Quality Issue
12101,361957,2026-01-02,9253,702,21,1,140.39,Not Needed
12102,9947,2024-01-26,15373,436,20,2,34.24,Quality Issue
12103,127718,2024-09-25,2461,489,27,1,23.1,Quality Issue
12104,353866,2025-12-16,6979,193,4,1,4.7,Late Delivery
12105,21682,2024-02-29,17005,114,27,1,2.05,Late Delivery
12106,218934,2025-03-24,11435,215,6,1,22.36,Late Delivery
12107,5674,2024-01-31,6734,618,17,1,186.41,Not Needed
12108,96520,2024-08-04,378,31,30,2,3.97,Late Delivery
12109,305222,2025-09-02,11692,365,6,1,15.25,Quality Issue
12110,53968,2024-05-11,18846,205,34,2,7.23,Wrong Item
12111,178906,2024-12-22,6101,225,32,1,18.03,Late Delivery
12112,148878,2024-11-16,22216,115,6,1,5.75,Damaged
12113,37973,2024-03-28,4884,515,22,1,38.63,Not Needed
12114,35032,2024-03-28,14358,491,30,1,9.72,Not Needed
12115,15072,2024-02-22,14926,285,8,1,55.59,Late Delivery
12116,293139,2025-08-01,1357,161,33,2,21.8,Late Delivery
12117,90554,2024-07-13,2617,41,33,2,25.91,Not Needed
12118,243281,2025-05-07,16753,602,14,1,80.34,Damaged
12119,280423,2025-07-03,13529,145,9,1,6.53,Not Needed
12120,193747,2025-01-22,20608,216,8,1,3.91,Damaged
12121,284657,2025-07-22,17143,598,31,1,280.47,Quality Issue
12122,26254,2024-03-08,10708,542,20,2,7.88,Not Needed
12123,95571,2024-07-22,21628,170,33,2,3.72,Damaged
12124,129869,2024-09-24,10543,99,26,1,3.77,Late Delivery
12125,57962,2024-05-24,24721,45,21,1,22.46,Not Needed
12126,250404,2025-05-19,1607,27,29,1,12.88,Quality Issue
12127,202314,2025-02-08,7339,519,22,1,10.22,Late Delivery
12128,363098,2025-12-24,11060,92,32,1,0.83,Wrong Item
12129,16355,2024-02-20,20280,506,9,1,6.55,Not Needed
12130,294,2024-01-19,22737,388,33,1,29.72,Damaged
12131,100254,2024-07-27,2550,645,23,1,135.55,Late Delivery
12132,230802,2025-04-01,16710,433,31,2,24.12,Not Needed
12133,340441,2025-11-16,6541,633,8,1,330.99,Not Needed
12134,298885,2025-08-25,6056,605,33,1,102.03,Quality Issue
12135,202871,2025-02-09,21376,204,14,1,11.19,Quality Issue
12136,303474,2025-09-03,1624,441,20,1,23.26,Not Needed
12137,158961,2024-11-18,18612,274,32,2,63.3,Late Delivery
12138,262056,2025-06-03,6000,261,5,1,11.94,Damaged
12139,163997,2024-12-14,18121,643,24,1,230.95,Late Delivery
12140,349535,2025-11-27,2671,285,24,1,29.93,Not Needed
12141,185956,2025-01-12,1330,181,27,1,3.64,Wrong Item
12142,8842,2024-02-05,16620,149,23,2,10.31,Not Needed
12143,333343,2025-10-30,19655,25,10,2,18.3,Damaged
12144,32598,2024-03-25,21347,162,18,2,18.08,Not Needed
12145,10551,2024-01-31,5673,214,27,2,16.7,Damaged
12146,246918,2025-05-17,6368,154,27,2,20.28,Not Needed
12147,366686,2025-12-28,4774,628,11,1,927.82,Damaged
12148,122278,2024-09-18,11837,486,34,1,113.78,Late Delivery
12149,309020,2025-09-22,8799,179,20,2,7.2,Wrong Item
12150,66288,2024-05-28,21038,86,34,1,23.91,Damaged
12151,279131,2025-07-19,2430,47,32,2,18.53,Not Needed
12152,279342,2025-07-18,24821,87,23,2,2.31,Late Delivery
12153,107508,2024-08-21,4902,282,30,2,19.79,Late Delivery
12154,328931,2025-10-27,22327,184,2,1,4.19,Late Delivery
12155,296518,2025-08-14,2827,503,32,1,39.72,Quality Issue
12156,320588,2025-10-13,604,397,29,1,8.13,Quality Issue
12157,74410,2024-06-24,16387,62,18,1,23.08,Late Delivery
12158,289699,2025-08-01,14579,595,25,1,342.14,Not Needed
12159,4013,2024-01-28,18372,285,4,1,46.95,Damaged
12160,108711,2024-08-22,11391,248,2,1,18.95,Not Needed
12161,79596,2024-06-17,5510,10,4,1,9.82,Damaged
12162,246406,2025-05-09,15512,179,11,2,6.49,Not Needed
12163,207132,2025-02-25,13851,169,14,1,7.31,Quality Issue
12164,11781,2024-02-10,1839,260,18,1,13.69,Damaged
12165,158914,2024-11-16,24551,460,13,2,34.56,Not Needed
12166,267325,2025-06-28,20157,619,10,1,11.09,Damaged
12167,131179,2024-10-13,21329,166,33,2,2.38,Quality Issue
12168,318451,2025-10-10,5544,620,32,1,17.45,Quality Issue
12169,31989,2024-03-30,4656,220,33,2,32.58,Quality Issue
12170,31442,2024-03-16,16126,12,8,1,20.78,Not Needed
12171,264659,2025-06-20,9485,689,27,1,282.05,Not Needed
12172,175316,2024-12-28,7850,114,34,2,7.36,Late Delivery
12173,190825,2025-01-28,7913,153,32,2,10.18,Not Needed
12174,94961,2024-07-24,21712,439,19,1,12.5,Quality Issue
12175,363777,2026-01-06,7820,168,19,2,4.06,Damaged
12176,45961,2024-04-23,6009,464,23,1,13.23,Not Needed
12177,154569,2024-11-26,21852,329,23,1,13.18,Damaged
12178,155943,2024-11-20,22468,504,30,1,15.38,Wrong Item
12179,103603,2024-08-04,22011,87,5,1,2.99,Quality Issue
12180,63629,2024-05-20,16121,151,22,2,14.34,Late Delivery
12181,69606,2024-06-13,10447,14,20,2,6.73,Wrong Item
12182,198920,2025-02-14,18053,64,20,1,9.08,Quality Issue
12183,368336,2026-01-12,15352,41,20,2,15.18,Damaged
12184,271329,2025-06-27,6159,138,27,1,22.12,Wrong Item
12185,272425,2025-06-27,4844,411,23,1,2.89,Late Delivery
12186,82241,2024-06-22,6916,149,13,1,6.35,Wrong Item
12187,231355,2025-04-08,20328,80,18,1,7.48,Not Needed
12188,307866,2025-09-18,21218,355,33,1,30.68,Quality Issue
12189,3920,2024-01-28,11324,439,12,1,8.62,Quality Issue
12190,362841,2025-12-29,14650,194,32,2,5.08,Not Needed
12191,54645,2024-05-13,6752,676,33,1,393.95,Wrong Item
12192,356375,2025-12-24,18857,199,17,1,3.47,Quality Issue
12193,100490,2024-08-02,14985,480,12,1,11.7,Quality Issue
12194,205808,2025-02-22,200,497,21,1,5.65,Damaged
12195,50223,2024-05-04,15133,671,14,1,77.5,Not Needed
12196,277754,2025-07-07,11456,190,32,2,38.03,Quality Issue
12197,209204,2025-03-01,11661,47,19,1,35.82,Damaged
12198,21153,2024-03-06,3298,346,23,1,10.87,Damaged
12199,264360,2025-06-15,23619,144,20,1,2.5,Wrong Item
12200,144690,2024-11-08,17834,633,8,1,245.05,Late Delivery
12201,155587,2024-11-22,23439,640,29,1,102.59,Quality Issue
12202,305838,2025-09-08,21826,596,28,1,555.38,Late Delivery
12203,219954,2025-03-11,17875,695,17,1,222.98,Damaged
12204,286018,2025-08-01,8878,99,10,2,12.65,Wrong Item
12205,57714,2024-05-23,13510,238,16,2,36.68,Quality Issue
12206,235621,2025-04-25,6359,124,5,2,19.35,Wrong Item
12207,137905,2024-10-24,16161,610,23,1,95.67,Not Needed
12208,341834,2025-11-24,7899,185,34,1,5.73,Quality Issue
12209,178197,2025-01-04,5100,203,21,2,4.52,Late Delivery
12210,254228,2025-05-30,9475,145,4,2,13.82,Not Needed
12211,205721,2025-02-25,13039,225,5,2,30.23,Not Needed
12212,10511,2024-01-29,23480,506,14,1,11.58,Damaged
12213,228522,2025-04-01,15034,81,22,1,22.31,Damaged
12214,123169,2024-09-19,10223,222,34,2,12.22,Wrong Item
12215,259083,2025-05-25,2681,151,3,1,4.21,Not Needed
12216,16294,2024-02-16,2764,245,33,2,30.58,Not Needed
12217,189101,2025-01-19,21735,664,34,1,296.92,Quality Issue
12218,255751,2025-05-18,22934,437,24,1,44.84,Not Needed
12219,79033,2024-07-03,20992,360,2,2,14.64,Damaged
12220,360195,2026-01-03,9676,202,17,2,7.13,Not Needed
12221,84335,2024-06-30,2409,241,30,1,19.53,Quality Issue
12222,67651,2024-05-24,19466,445,2,1,31.75,Late Delivery
12223,321029,2025-10-17,1076,436,11,2,25.19,Not Needed
12224,214246,2025-03-13,9709,573,33,1,10.84,Late Delivery
12225,277502,2025-07-14,14128,116,21,2,11.47,Not Needed
12226,125827,2024-09-19,17776,439,33,1,57.85,Wrong Item
12227,304915,2025-08-31,21281,315,22,1,3.56,Not Needed
12228,138320,2024-10-25,19886,40,15,2,11.09,Late Delivery
12229,13883,2024-02-06,24325,593,14,1,7.86,Late Delivery
12230,165045,2024-12-15,4933,185,18,1,20.85,Not Needed
12231,93755,2024-07-30,3691,212,8,2,6.2,Late Delivery
12232,221975,2025-03-22,11578,91,33,2,13.85,Not Needed
12233,112084,2024-09-03,9656,339,22,1,25.92,Quality Issue
12234,235875,2025-04-29,8363,99,9,2,4.89,Wrong Item
12235,137467,2024-10-08,24294,207,14,2,36.79,Not Needed
12236,177826,2024-12-24,4597,460,7,1,26.55,Late Delivery
12237,170311,2024-12-06,6921,285,24,2,54.73,Damaged
12238,67714,2024-06-06,9355,56,9,2,24.78,Damaged
12239,112409,2024-08-29,1621,430,27,2,17.75,Damaged
12240,196657,2025-02-01,20917,388,31,1,84.71,Not Needed
12241,293874,2025-08-13,4200,668,12,1,269.18,Not Needed
12242,197177,2025-01-25,5921,699,9,1,348.99,Not Needed
12243,186249,2025-01-06,24558,160,21,1,28.23,Not Needed
12244,145662,2024-11-06,5456,87,24,2,5.93,Wrong Item
12245,127294,2024-09-28,24635,3,9,1,15.33,Wrong Item
12246,326342,2025-10-16,7968,602,25,1,76.7,Late Delivery
12247,242273,2025-04-30,2886,228,9,1,17.59,Quality Issue
12248,62561,2024-05-23,3420,547,1,2,3.64,Late Delivery
12249,346000,2025-11-25,20729,507,33,1,3.56,Quality Issue
12250,252940,2025-05-24,19466,375,13,1,27.5,Not Needed
12251,189353,2025-01-09,17151,307,21,1,8.78,Damaged
12252,101621,2024-08-15,4506,247,4,1,28.09,Not Needed
12253,62876,2024-05-21,19007,68,17,1,44.28,Not Needed
12254,14614,2024-02-15,12298,127,21,1,16.91,Quality Issue
12255,229304,2025-04-11,6916,366,26,1,2.75,Late Delivery
12256,31311,2024-03-25,18423,541,23,2,78.79,Not Needed
12257,100656,2024-08-08,14654,378,19,1,7.59,Quality Issue
12258,297694,2025-08-18,294,283,8,2,6.69,Quality Issue
12259,360883,2026-01-01,406,58,1,2,8.63,Damaged
12260,138034,2024-10-09,7567,200,21,2,26.69,Not Needed
12261,42252,2024-04-13,15618,223,19,1,26.92,Not Needed
12262,87159,2024-07-05,5301,625,16,1,533.33,Not Needed
12263,174690,2024-12-27,16643,326,32,1,8.63,Damaged
12264,173159,2024-12-19,6677,5,23,2,25.68,Not Needed
12265,171082,2024-12-19,1546,331,34,1,19.25,Not Needed
12266,40321,2024-04-17,12371,166,6,2,6.06,Not Needed
12267,351531,2025-12-17,8243,18,13,2,5.04,Damaged
12268,55093,2024-04-30,16485,331,23,2,88.16,Not Needed
12269,44111,2024-04-23,9599,712,17,1,273.17,Not Needed
12270,276409,2025-07-12,20230,240,9,1,12.64,Not Needed
12271,97584,2024-07-26,6882,218,16,2,10.45,Wrong Item
12272,142566,2024-11-05,23906,479,26,1,14.08,Not Needed
12273,63616,2024-05-26,21472,656,1,1,249.71,Damaged
12274,33617,2024-03-29,22233,281,21,1,41.02,Wrong Item
12275,259503,2025-05-30,7816,223,32,1,2.92,Quality Issue
12276,135418,2024-10-23,16097,630,4,1,393.71,Not Needed
12277,280688,2025-07-10,120,443,22,1,29.93,Late Delivery
12278,101480,2024-08-16,2374,145,33,1,10.85,Not Needed
12279,190897,2025-01-16,13067,343,6,2,23.22,Quality Issue
12280,324966,2025-10-10,1087,203,26,2,2.51,Late Delivery
12281,233466,2025-04-05,6705,575,29,1,9.43,Late Delivery
12282,322827,2025-10-05,18800,45,15,2,36.23,Late Delivery
12283,181844,2024-12-25,7174,298,6,1,17.23,Quality Issue
12284,269675,2025-06-28,14885,557,12,1,2.82,Quality Issue
12285,115954,2024-08-27,12833,344,24,1,24.82,Wrong Item
12286,279644,2025-07-15,18067,140,25,1,5.93,Not Needed
12287,282077,2025-07-11,24989,205,2,2,5.78,Not Needed
12288,94023,2024-07-26,23939,390,14,1,8.2,Not Needed
12289,308946,2025-09-21,23331,54,2,1,3.24,Damaged
12290,268732,2025-06-28,15562,346,1,2,21.58,Damaged
12291,65769,2024-05-22,22813,705,17,1,52.7,Damaged
12292,2636,2024-01-26,12724,580,11,1,3.13,Quality Issue
12293,116342,2024-09-01,11139,262,9,2,53.56,Wrong Item
12294,338182,2025-11-11,3445,213,21,2,10.08,Damaged
12295,279973,2025-07-07,22244,331,10,2,37.41,Not Needed
12296,52113,2024-05-07,23466,51,8,1,2.9,Late Delivery
12297,89723,2024-07-18,21455,335,4,1,21.44,Late Delivery
12298,315717,2025-09-20,7095,181,8,1,0.53,Quality Issue
12299,160696,2024-11-30,21962,212,18,1,5.21,Wrong Item
12300,259963,2025-05-30,24157,616,21,1,297.47,Not Needed
12301,66008,2024-05-25,14110,211,26,2,5.26,Not Needed
12302,218260,2025-03-24,3511,443,20,1,23.73,Not Needed
12303,281993,2025-07-23,14609,710,5,2,127.21,Quality Issue
12304,6181,2024-01-20,22868,450,20,1,6.88,Damaged
12305,341296,2025-11-16,3089,694,32,1,253.09,Wrong Item
12306,263091,2025-06-06,22720,80,15,1,15.76,Damaged
12307,3511,2024-01-27,17086,143,30,2,21.75,Not Needed
12308,202486,2025-02-21,13985,97,2,1,1.65,Wrong Item
12309,277204,2025-06-27,12469,355,32,1,16.0,Not Needed
12310,356061,2025-12-13,13788,40,30,2,7.44,Not Needed
12311,172442,2024-12-20,15260,420,7,1,36.77,Not Needed
12312,210493,2025-02-20,15831,127,8,1,27.59,Wrong Item
12313,258250,2025-06-06,24247,534,26,1,7.06,Damaged
12314,11495,2024-02-14,7477,662,34,1,18.69,Not Needed
12315,149168,2024-11-17,14797,502,34,2,61.54,Quality Issue
12316,29697,2024-03-14,10858,613,19,1,249.67,Damaged
12317,67442,2024-06-05,16543,432,20,1,7.65,Quality Issue
12318,62412,2024-05-17,13009,117,14,1,5.82,Quality Issue
12319,309125,2025-09-06,22547,28,30,1,18.59,Not Needed
12320,127303,2024-10-04,3958,558,9,1,14.18,Late Delivery
12321,321961,2025-10-13,16759,433,28,1,39.66,Late Delivery
12322,43313,2024-04-07,17909,27,6,2,20.01,Damaged
12323,268140,2025-06-13,12282,1,29,1,3.77,Late Delivery
12324,128558,2024-10-07,317,194,16,2,2.25,Damaged
12325,189550,2025-01-10,17339,327,2,1,10.17,Late Delivery
12326,209585,2025-03-06,6140,304,4,1,21.97,Not Needed
12327,57358,2024-05-03,11525,453,27,1,29.68,Late Delivery
12328,203630,2025-02-16,24910,199,29,2,33.5,Not Needed
12329,263541,2025-06-07,1056,189,8,1,17.13,Not Needed
12330,47166,2024-04-27,10797,622,32,1,54.58,Damaged
12331,2984,2024-01-13,2636,151,33,1,11.63,Damaged
12332,265405,2025-06-24,7628,542,1,1,6.39,Late Delivery
12333,83743,2024-07-07,17402,6,13,1,4.69,Not Needed
12334,100715,2024-08-05,10091,29,19,2,28.6,Wrong Item
12335,117254,2024-09-01,17785,500,6,1,17.92,Damaged
12336,236393,2025-04-16,23342,172,8,2,8.52,Quality Issue
12337,296625,2025-08-15,23311,373,21,1,17.39,Damaged
12338,166057,2024-12-13,7692,217,6,1,48.6,Not Needed
12339,84986,2024-07-15,18401,148,31,1,5.21,Not Needed
12340,339230,2025-11-26,4787,196,15,1,2.61,Damaged
12341,262100,2025-06-01,9770,137,23,2,35.17,Late Delivery
12342,232312,2025-04-13,3891,566,5,1,21.42,Damaged
12343,276285,2025-07-10,19638,172,17,2,3.65,Quality Issue
12344,168376,2024-12-15,964,62,34,1,5.17,Damaged
12345,156591,2024-11-29,14323,363,29,2,20.98,Quality Issue
12346,10673,2024-02-09,1379,81,1,1,24.26,Damaged
12347,135259,2024-10-13,4584,347,24,2,6.0,Not Needed
12348,231235,2025-04-17,5305,269,32,2,47.45,Not Needed
12349,292512,2025-08-08,488,449,13,1,23.27,Late Delivery
12350,195762,2025-01-21,2214,189,18,1,2.37,Late Delivery
12351,1577,2024-01-07,7607,153,34,1,4.35,Not Needed
12352,30598,2024-03-25,321,494,33,2,7.47,Not Needed
12353,230494,2025-04-15,23277,511,19,1,42.05,Damaged
12354,229606,2025-04-12,17244,372,15,1,16.85,Late Delivery
12355,355173,2025-12-23,23464,134,29,1,7.43,Not Needed
12356,195800,2025-02-01,9638,701,5,1,244.07,Damaged
12357,138399,2024-10-21,24026,228,20,1,51.8,Quality Issue
12358,177120,2025-01-01,3260,527,9,1,12.67,Late Delivery
12359,189215,2025-01-19,13559,46,9,1,29.82,Wrong Item
12360,38185,2024-03-25,17901,576,26,1,22.0,Quality Issue
12361,287427,2025-07-26,7594,30,3,1,1.34,Not Needed
12362,298750,2025-08-12,13799,209,15,2,20.79,Not Needed
12363,190266,2025-01-24,10007,40,30,2,10.56,Late Delivery
12364,222696,2025-03-16,13102,343,24,1,11.65,Quality Issue
12365,135265,2024-10-13,15021,389,30,2,43.4,Not Needed
12366,43986,2024-04-12,4869,98,7,1,2.31,Quality Issue
12367,178805,2025-01-07,774,102,18,2,9.0,Not Needed
12368,218798,2025-03-26,21377,444,15,1,2.24,Damaged
12369,243800,2025-04-29,11245,192,29,1,6.61,Damaged
12370,103590,2024-08-05,18658,201,6,2,17.08,Damaged
12371,115136,2024-09-02,13814,232,26,2,39.29,Not Needed
12372,208853,2025-03-02,18715,567,26,1,2.47,Quality Issue
12373,187732,2025-01-08,108,348,22,2,51.4,Damaged
12374,75363,2024-06-25,9275,71,14,1,14.03,Quality Issue
12375,91551,2024-07-23,24542,672,18,1,66.98,Wrong Item
12376,235566,2025-04-26,20980,538,6,2,13.86,Quality Issue
12377,42063,2024-04-10,1363,88,21,1,4.73,Damaged
12378,93003,2024-07-26,19074,24,33,1,10.08,Quality Issue
12379,316950,2025-09-28,7336,229,31,2,27.7,Not Needed
12380,212899,2025-03-14,23038,210,20,1,4.14,Quality Issue
12381,126553,2024-09-30,5299,219,14,2,9.55,Quality Issue
12382,193540,2025-01-30,3456,334,26,1,22.4,Late Delivery
12383,36643,2024-04-03,11776,240,4,1,4.54,Not Needed
12384,278876,2025-07-01,4359,377,11,1,63.03,Wrong Item
12385,218743,2025-03-10,22591,344,3,1,65.93,Damaged
12386,25648,2024-03-02,2703,123,14,2,10.18,Not Needed
12387,38290,2024-03-31,3731,572,16,1,7.12,Quality Issue
12388,103001,2024-08-03,24295,210,1,1,12.15,Damaged
12389,254313,2025-05-27,6993,147,22,2,65.07,Damaged
12390,145390,2024-11-02,21702,207,15,2,16.12,Quality Issue
12391,123087,2024-09-16,14707,337,17,2,48.16,Not Needed
12392,337942,2025-11-19,16532,154,12,2,9.05,Not Needed
12393,224710,2025-03-30,15906,52,27,1,7.8,Wrong Item
12394,311690,2025-09-13,18283,159,28,2,11.38,Damaged
12395,21406,2024-02-21,10924,679,8,1,186.96,Wrong Item
12396,184903,2024-12-31,12245,202,18,1,18.27,Wrong Item
12397,331394,2025-11-05,4127,601,28,1,348.16,Late Delivery
12398,70343,2024-06-09,9790,9,8,2,8.56,Quality Issue
12399,202569,2025-02-11,1348,712,9,1,381.83,Not Needed
12400,146548,2024-10-27,719,315,32,1,3.69,Not Needed
12401,206453,2025-02-26,4688,242,15,1,26.44,Late Delivery
12402,334779,2025-10-31,5342,474,31,1,6.91,Damaged
12403,65493,2024-05-25,17132,58,18,1,9.01,Not Needed
12404,190009,2025-01-09,5728,502,4,1,13.06,Damaged
12405,163392,2024-11-25,23833,87,26,1,0.96,Wrong Item
12406,47025,2024-04-12,17395,348,16,1,30.01,Damaged
12407,253202,2025-06-01,12898,9,5,2,18.07,Not Needed
12408,164192,2024-12-04,24391,384,9,1,13.53,Damaged
12409,355982,2025-12-12,15624,207,33,1,22.34,Quality Issue
12410,267526,2025-06-24,6364,221,10,2,5.31,Not Needed
12411,77594,2024-06-16,13864,522,12,2,28.06,Late Delivery
12412,178789,2025-01-03,23835,410,6,2,68.73,Quality Issue
12413,305037,2025-08-26,11829,237,27,1,27.0,Late Delivery
12414,325567,2025-10-21,13815,426,15,1,19.0,Not Needed
12415,57819,2024-05-13,6193,104,1,2,34.17,Quality Issue
12416,150606,2024-11-14,14547,162,28,2,36.86,Quality Issue
12417,94746,2024-07-16,22811,86,29,1,21.55,Quality Issue
12418,129099,2024-09-28,11871,714,21,1,470.93,Quality Issue
12419,243644,2025-05-13,6730,147,14,1,33.79,Wrong Item
12420,1761,2024-01-18,3474,157,16,1,1.93,Quality Issue
12421,256275,2025-05-23,15076,358,32,1,17.34,Not Needed
12422,344693,2025-11-20,12659,147,5,2,17.6,Not Needed
12423,113876,2024-08-28,17075,591,13,1,441.15,Not Needed
12424,79340,2024-07-03,17239,147,13,1,26.35,Not Needed
12425,65692,2024-05-22,21911,621,6,1,334.03,Wrong Item
12426,126110,2024-09-30,8783,134,19,1,25.23,Not Needed
12427,71229,2024-06-18,13794,547,14,1,2.9,Not Needed
12428,338146,2025-11-26,14916,367,11,1,10.74,Damaged
12429,16891,2024-02-12,19660,136,22,1,17.17,Not Needed
12430,181543,2025-01-05,20457,351,2,1,16.39,Quality Issue
12431,311054,2025-09-16,20265,406,30,1,23.11,Not Needed
12432,194938,2025-01-27,1521,683,28,1,83.9,Quality Issue
12433,316739,2025-09-25,22736,111,1,1,33.75,Damaged
12434,157193,2024-11-21,13693,130,31,1,1.72,Late Delivery
12435,38286,2024-04-09,8218,270,34,1,12.12,Damaged
12436,175034,2024-12-29,12987,183,2,1,2.35,Not Needed
12437,301907,2025-08-24,1583,380,29,2,29.57,Damaged
12438,365373,2026-01-11,20966,158,34,2,22.31,Not Needed
12439,293267,2025-08-02,10752,373,32,1,49.4,Wrong Item
12440,142764,2024-10-22,12255,503,14,2,48.87,Wrong Item
12441,4343,2024-01-31,14493,522,12,2,40.66,Not Needed
12442,67496,2024-05-28,22605,255,9,2,49.65,Quality Issue
12443,368371,2026-01-17,8153,224,5,1,4.64,Late Delivery
12444,243597,2025-05-13,14124,395,19,1,83.77,Not Needed
12445,195575,2025-01-19,11716,62,21,1,32.58,Quality Issue
12446,90448,2024-07-14,20692,27,1,1,3.94,Wrong Item
12447,322610,2025-10-14,20442,463,9,1,10.49,Not Needed
12448,277801,2025-06-28,16487,283,24,1,3.86,Quality Issue
12449,344644,2025-11-22,13895,714,32,1,430.98,Quality Issue
12450,60676,2024-05-23,568,350,9,2,40.09,Not Needed
12451,203885,2025-02-06,8256,185,26,1,5.36,Not Needed
12452,327373,2025-10-17,24456,394,14,1,72.87,Quality Issue
12453,291281,2025-08-08,4039,408,5,1,4.66,Not Needed
12454,109028,2024-08-13,9530,501,11,1,15.44,Quality Issue
12455,330173,2025-11-09,11131,81,22,1,13.29,Damaged
12456,248583,2025-05-22,14667,376,9,2,67.43,Late Delivery
12457,346304,2025-11-30,1680,196,29,1,8.35,Quality Issue
12458,294300,2025-08-19,5770,106,8,1,8.46,Damaged
12459,316486,2025-09-25,15706,99,20,1,22.66,Quality Issue
12460,41470,2024-04-15,10218,298,1,1,13.38,Damaged
12461,168973,2024-12-21,7590,379,18,1,6.96,Wrong Item
12462,211502,2025-02-24,5444,72,9,1,1.89,Quality Issue
12463,177572,2024-12-31,11446,133,34,2,16.27,Late Delivery
12464,320490,2025-10-15,6144,21,12,1,6.52,Not Needed
12465,364599,2026-01-12,9396,149,18,1,9.25,Late Delivery
12466,46576,2024-04-24,20662,414,9,2,31.02,Not Needed
12467,261704,2025-06-16,15485,13,3,2,18.38,Wrong Item
12468,171459,2024-12-26,525,128,12,2,15.02,Quality Issue
12469,277551,2025-07-11,980,470,32,1,12.5,Not Needed
12470,155493,2024-11-21,5001,690,10,1,311.11,Late Delivery
12471,41654,2024-04-01,5164,248,9,1,32.51,Damaged
12472,256031,2025-05-20,1504,75,6,2,17.48,Late Delivery
12473,354131,2025-12-21,763,86,25,2,6.65,Quality Issue
12474,101716,2024-07-31,16799,192,20,2,15.85,Damaged
12475,30706,2024-03-22,20504,87,19,2,1.57,Quality Issue
12476,116400,2024-09-09,13460,518,28,2,7.2,Quality Issue
12477,39101,2024-04-09,10675,281,34,1,22.29,Late Delivery
12478,355595,2025-12-21,14213,1,33,2,1.95,Not Needed
12479,249824,2025-05-22,15383,96,9,2,7.83,Not Needed
12480,250964,2025-05-10,847,215,8,2,32.94,Late Delivery
12481,352956,2025-12-18,11382,714,12,1,293.15,Damaged
12482,323274,2025-10-21,8058,46,29,1,7.89,Not Needed
12483,348294,2025-12-07,7348,697,6,1,268.87,Damaged
12484,168142,2024-12-04,18594,698,27,1,224.75,Damaged
12485,15471,2024-02-19,12060,162,24,1,7.59,Not Needed
12486,302419,2025-08-31,18706,309,33,1,52.08,Damaged
12487,31535,2024-03-28,14676,200,20,2,9.92,Damaged
12488,51786,2024-05-09,11750,7,1,1,4.83,Wrong Item
12489,359580,2026-01-02,16244,254,11,1,20.08,Not Needed
12490,366739,2026-01-14,17988,690,10,2,497.27,Damaged
12491,194511,2025-02-04,15159,620,12,1,14.58,Not Needed
12492,96262,2024-07-29,9529,409,2,1,9.47,Quality Issue
12493,289136,2025-07-29,18293,248,32,1,21.6,Late Delivery
12494,249925,2025-05-09,7682,74,28,2,8.17,Not Needed
12495,226661,2025-04-07,23157,527,33,2,26.1,Not Needed
12496,301525,2025-08-26,16997,623,14,1,308.05,Late Delivery
12497,15246,2024-02-20,6440,159,21,2,12.65,Not Needed
12498,349571,2025-12-10,15337,131,2,2,3.72,Not Needed
12499,107556,2024-08-22,1911,191,2,1,5.41,Not Needed
12500,169914,2024-12-19,11103,246,24,1,21.88,Not Needed
12501,368567,2026-01-11,10558,548,24,1,12.01,Quality Issue
12502,340559,2025-11-18,7409,77,4,2,23.38,Wrong Item
12503,175752,2025-01-02,13434,200,22,2,9.09,Damaged
12504,172000,2024-12-18,19117,211,22,2,35.44,Damaged
12505,283503,2025-07-15,2064,697,21,1,443.38,Not Needed
12506,24317,2024-03-14,5906,419,8,1,23.59,Quality Issue
12507,118692,2024-09-16,24678,518,3,2,9.59,Late Delivery
12508,262838,2025-06-04,17847,469,7,1,6.16,Not Needed
12509,359588,2025-12-27,15471,468,15,1,9.49,Damaged
12510,346094,2025-12-10,873,305,21,1,14.61,Not Needed
12511,267257,2025-06-23,7001,267,22,1,26.69,Damaged
12512,56529,2024-05-13,10553,38,13,2,4.58,Late Delivery
12513,153736,2024-11-27,24301,378,21,1,11.88,Quality Issue
12514,168440,2024-12-04,7999,473,29,2,19.98,Not Needed
12515,338597,2025-11-19,24356,28,20,2,29.27,Quality Issue
12516,194268,2025-01-30,23400,209,32,1,6.25,Wrong Item
12517,277543,2025-07-13,12703,85,34,1,35.48,Not Needed
12518,195314,2025-01-25,3085,55,20,2,10.32,Not Needed
12519,72282,2024-06-11,2702,106,22,2,17.07,Wrong Item
12520,329211,2025-10-25,17029,558,22,1,10.28,Not Needed
12521,267191,2025-06-09,12638,96,10,2,5.98,Not Needed
12522,131518,2024-09-26,15094,39,21,1,4.97,Quality Issue
12523,333224,2025-11-10,4869,34,6,1,26.33,Damaged
12524,325570,2025-10-29,7848,529,26,1,17.76,Not Needed
12525,128323,2024-09-28,11746,341,32,2,30.62,Wrong Item
12526,28101,2024-03-05,17737,246,34,1,29.13,Quality Issue
12527,302250,2025-09-01,8484,505,12,1,57.59,Damaged
12528,209488,2025-02-19,15628,363,14,2,26.64,Quality Issue
12529,225255,2025-03-20,8189,146,21,1,5.32,Damaged
12530,107325,2024-08-16,392,414,5,2,32.18,Not Needed
12531,107251,2024-08-24,21968,594,25,1,92.45,Damaged
12532,304150,2025-08-24,23399,714,24,1,357.06,Wrong Item
12533,243642,2025-05-08,9050,426,21,1,51.65,Quality Issue
12534,295414,2025-08-04,24597,467,23,1,16.26,Late Delivery
12535,305851,2025-09-06,15539,222,15,2,5.6,Quality Issue
12536,264724,2025-06-20,15322,679,3,1,192.65,Late Delivery
12537,161064,2024-11-26,4997,477,12,1,37.33,Quality Issue
12538,130735,2024-10-14,8948,552,33,1,14.13,Late Delivery
12539,288100,2025-07-22,17136,157,18,1,8.2,Wrong Item
12540,10637,2024-01-26,8143,430,8,1,11.94,Quality Issue
12541,92262,2024-07-18,19076,222,32,1,14.96,Not Needed
12542,88674,2024-07-10,629,57,21,1,0.56,Not Needed
12543,332986,2025-11-02,22934,522,24,1,73.47,Damaged
12544,303778,2025-09-01,1838,393,29,1,17.33,Damaged
12545,163147,2024-11-30,4720,180,21,1,2.46,Not Needed
12546,283651,2025-07-17,10670,192,12,1,9.72,Quality Issue
12547,161826,2024-11-27,19625,114,23,1,6.27,Quality Issue
12548,340591,2025-11-11,15248,549,21,1,2.27,Quality Issue
12549,44499,2024-04-26,3613,168,19,2,11.16,Late Delivery
12550,150738,2024-11-05,12916,60,1,1,9.9,Not Needed
12551,283908,2025-07-13,21954,263,10,1,21.67,Quality Issue
12552,334549,2025-11-02,6865,693,18,1,186.81,Not Needed
12553,2875,2024-01-18,12721,452,29,1,16.13,Not Needed
12554,212666,2025-03-14,16856,475,26,1,18.72,Quality Issue
12555,194821,2025-02-02,24516,56,29,1,17.88,Late Delivery
12556,120,2024-01-16,24939,44,24,2,40.98,Not Needed
12557,368547,2026-01-15,9544,395,8,2,31.9,Not Needed
12558,233228,2025-04-11,21408,75,14,1,4.26,Not Needed
12559,97654,2024-07-21,7124,254,20,1,14.01,Quality Issue
12560,295043,2025-08-09,23107,256,1,1,33.23,Late Delivery
12561,238426,2025-04-28,3024,459,11,2,70.08,Not Needed
12562,214438,2025-03-12,24524,155,15,2,35.15,Not Needed
12563,167703,2024-12-06,15562,650,24,1,307.84,Wrong Item
12564,103125,2024-08-08,22278,288,33,1,19.21,Late Delivery
12565,255605,2025-05-21,8675,184,10,1,12.68,Late Delivery
12566,115206,2024-09-01,9769,598,33,1,385.03,Not Needed
12567,174037,2024-12-13,9719,44,30,1,6.84,Not Needed
12568,159971,2024-11-19,22336,193,28,2,9.28,Quality Issue
12569,324083,2025-10-20,13619,340,5,2,51.97,Not Needed
12570,104525,2024-08-05,10790,352,18,1,23.64,Late Delivery
12571,40225,2024-04-11,23549,137,19,2,48.14,Damaged
12572,333417,2025-11-09,23164,158,7,2,15.24,Damaged
12573,197371,2025-01-24,24538,269,25,2,49.5,Quality Issue
12574,141410,2024-11-03,24434,140,7,1,16.75,Damaged
12575,342625,2025-12-01,14615,381,33,2,32.39,Damaged
12576,279475,2025-07-17,24137,527,6,1,63.72,Wrong Item
12577,138794,2024-10-15,4345,612,33,1,280.07,Quality Issue
12578,297673,2025-08-19,9421,14,9,1,8.94,Damaged
12579,117601,2024-09-07,14904,122,5,1,16.05,Not Needed
12580,199018,2025-01-28,24468,327,18,2,43.34,Quality Issue
12581,16838,2024-02-15,21287,384,17,1,19.9,Damaged
12582,108436,2024-08-14,1446,469,14,1,6.19,Late Delivery
12583,208442,2025-02-20,8921,105,1,1,13.76,Not Needed
12584,106217,2024-08-22,12776,46,18,1,15.08,Not Needed
12585,95351,2024-07-28,2066,203,29,2,4.02,Late Delivery
12586,53978,2024-05-04,7861,225,33,2,15.75,Not Needed
12587,362259,2025-12-20,4050,64,33,2,8.85,Not Needed
12588,97185,2024-07-25,17216,301,6,1,23.93,Quality Issue
12589,230119,2025-04-11,22335,435,26,1,10.89,Quality Issue
12590,76898,2024-06-23,17573,611,13,1,17.22,Damaged
12591,3360,2024-01-22,4345,68,15,1,10.45,Not Needed
12592,278110,2025-07-03,1217,376,1,2,95.28,Wrong Item
12593,254457,2025-06-04,19390,344,21,2,50.97,Quality Issue
12594,296471,2025-08-11,12883,197,30,1,3.16,Not Needed
12595,35694,2024-03-24,2706,172,21,2,23.37,Late Delivery
12596,186043,2025-01-11,19580,31,16,2,2.5,Not Needed
12597,82479,2024-06-30,2994,273,33,1,8.96,Damaged
12598,15902,2024-02-23,14943,567,4,1,16.15,Quality Issue
12599,89166,2024-07-24,9642,185,11,2,15.49,Quality Issue
12600,341687,2025-11-29,14639,216,6,1,15.69,Late Delivery
12601,77613,2024-06-17,21502,384,19,2,36.69,Quality Issue
12602,56832,2024-05-04,13183,534,6,1,6.27,Not Needed
12603,39102,2024-04-14,16030,111,22,1,6.19,Not Needed
12604,229732,2025-04-05,1112,166,21,1,7.64,Quality Issue
12605,319505,2025-10-09,14289,564,19,1,1.71,Not Needed
12606,358813,2025-12-22,21355,544,4,1,2.86,Not Needed
12607,140906,2024-10-26,22872,41,4,2,25.43,Not Needed
12608,357194,2025-12-24,18362,151,6,2,34.7,Late Delivery
12609,285202,2025-07-30,3205,94,11,2,5.22,Wrong Item
12610,362094,2026-01-07,7569,493,32,1,14.99,Not Needed
12611,212099,2025-03-01,19299,469,19,1,2.3,Wrong Item
12612,133085,2024-10-01,377,419,3,1,25.26,Wrong Item
12613,102969,2024-08-13,22759,51,26,2,4.93,Late Delivery
12614,110823,2024-08-19,17122,46,33,1,5.94,Quality Issue
12615,308197,2025-09-11,14543,35,13,1,3.12,Late Delivery
12616,63962,2024-05-31,9056,385,31,1,32.75,Wrong Item
12617,248653,2025-05-08,20375,533,34,1,11.28,Quality Issue
12618,332100,2025-10-25,19764,167,12,1,37.01,Not Needed
12619,190165,2025-01-16,3544,290,34,1,30.44,Late Delivery
12620,2282,2024-01-25,23042,13,22,1,11.44,Not Needed
12621,118610,2024-09-07,7658,125,6,1,6.19,Damaged
12622,344111,2025-11-25,10283,55,7,1,19.44,Not Needed
12623,4925,2024-01-24,4813,359,7,1,5.61,Quality Issue
12624,98931,2024-07-26,15540,415,15,1,19.24,Not Needed
12625,45487,2024-04-25,15809,634,15,1,159.83,Late Delivery
12626,298660,2025-08-29,14929,383,29,2,11.77,Damaged
12627,168494,2024-12-07,3080,123,23,2,31.88,Late Delivery
12628,165551,2024-12-09,7180,183,31,1,14.5,Not Needed
12629,219447,2025-03-12,5453,111,3,1,25.17,Damaged
12630,286212,2025-07-20,2667,47,7,2,10.53,Quality Issue
12631,349635,2025-12-11,9778,434,18,1,7.33,Not Needed
12632,191505,2025-01-23,7139,56,19,1,5.81,Not Needed
12633,366141,2026-01-15,2649,31,20,2,5.66,Quality Issue
12634,37595,2024-04-06,24878,541,20,1,56.48,Quality Issue
12635,115753,2024-08-31,10392,567,29,1,12.87,Damaged
12636,169167,2024-12-10,17176,685,18,1,169.14,Quality Issue
12637,21176,2024-03-01,19221,695,16,1,301.25,Not Needed
12638,154453,2024-11-26,356,247,1,1,22.21,Damaged
12639,156907,2024-11-17,13237,283,8,2,9.45,Damaged
12640,86488,2024-06-30,17412,665,21,1,315.31,Quality Issue
12641,231679,2025-04-04,9525,661,34,1,282.18,Quality Issue
12642,257851,2025-06-07,10592,341,21,2,33.39,Quality Issue
12643,359124,2025-12-20,10418,63,6,2,20.13,Damaged
12644,264410,2025-06-05,2330,641,28,1,79.71,Late Delivery
12645,40466,2024-04-09,22305,58,9,1,5.39,Quality Issue
12646,63208,2024-06-01,18606,251,33,2,74.38,Wrong Item
12647,21353,2024-02-22,12494,544,29,1,2.74,Not Needed
12648,347947,2025-11-26,21193,251,22,1,29.7,Damaged
12649,320420,2025-10-12,6474,541,11,1,75.17,Damaged
12650,278658,2025-07-03,8136,285,32,1,25.56,Quality Issue
12651,73073,2024-06-19,3191,178,34,1,5.37,Not Needed
12652,116359,2024-09-05,23393,615,3,1,369.14,Not Needed
12653,197483,2025-01-24,3431,167,5,2,14.26,Wrong Item
12654,333700,2025-11-11,5933,12,5,1,24.61,Damaged
12655,65293,2024-05-24,16726,61,20,2,18.3,Not Needed
12656,225241,2025-03-27,16396,507,19,2,10.65,Not Needed
12657,73657,2024-06-04,24264,99,5,2,7.95,Late Delivery
12658,225176,2025-03-25,13517,486,21,2,36.22,Quality Issue
12659,316068,2025-09-21,21698,126,27,2,15.3,Damaged
12660,337510,2025-11-12,4948,15,24,1,3.44,Damaged
12661,136162,2024-10-16,15292,189,14,1,7.1,Quality Issue
12662,96691,2024-07-24,19756,288,6,1,25.67,Damaged
12663,124185,2024-09-21,21144,92,23,1,2.1,Not Needed
12664,92033,2024-07-29,15580,75,9,1,29.2,Damaged
12665,361388,2025-12-18,19970,412,24,1,40.21,Quality Issue
12666,272832,2025-06-19,1745,16,32,2,12.25,Not Needed
12667,347282,2025-12-06,12627,316,19,1,16.07,Not Needed
12668,192397,2025-01-30,8225,509,27,2,39.97,Quality Issue
12669,69034,2024-05-26,373,652,20,1,273.05,Late Delivery
12670,224364,2025-04-05,22127,135,31,2,10.37,Not Needed
12671,287831,2025-07-26,2666,3,2,1,29.39,Late Delivery
12672,29727,2024-03-11,21742,321,31,2,48.02,Damaged
12673,204087,2025-02-13,17214,41,10,1,6.12,Wrong Item
12674,61731,2024-05-19,20689,17,1,1,2.07,Not Needed
12675,140656,2024-10-19,16226,209,6,2,29.93,Quality Issue
12676,152228,2024-11-08,1271,491,21,1,11.74,Quality Issue
12677,236976,2025-04-22,5602,137,1,2,23.25,Quality Issue
12678,234410,2025-04-15,6917,326,11,1,7.78,Damaged
12679,117074,2024-09-02,16358,178,8,1,32.78,Not Needed
12680,194394,2025-01-25,20151,590,10,1,78.49,Late Delivery
12681,63821,2024-05-31,13389,242,32,1,25.82,Quality Issue
12682,201723,2025-02-04,2070,343,20,1,42.16,Not Needed
12683,121451,2024-09-21,3813,537,12,1,46.09,Quality Issue
12684,184587,2025-01-07,15341,127,15,1,33.73,Quality Issue
12685,258874,2025-05-30,8129,489,12,1,37.58,Damaged
12686,297745,2025-08-21,570,540,9,1,9.57,Late Delivery
12687,81972,2024-06-21,565,615,13,1,319.26,Quality Issue
12688,30516,2024-03-10,8592,195,20,2,4.24,Not Needed
12689,189418,2025-01-22,11728,216,31,2,14.99,Quality Issue
12690,354097,2025-12-19,9303,121,4,1,2.29,Not Needed
12691,365118,2026-01-08,1422,128,29,1,14.93,Not Needed
12692,354466,2025-12-09,3286,428,8,1,16.88,Quality Issue
12693,22290,2024-02-21,18152,211,6,1,3.57,Late Delivery
12694,205793,2025-02-16,20626,110,11,1,29.35,Quality Issue
12695,169659,2024-12-05,2197,511,16,1,11.47,Not Needed
12696,260298,2025-06-10,4418,461,31,1,6.9,Not Needed
12697,285991,2025-07-26,19710,182,19,2,15.47,Not Needed
12698,300573,2025-09-01,18401,203,27,1,0.65,Wrong Item
12699,253014,2025-05-17,1500,106,25,1,1.81,Not Needed
12700,268042,2025-06-22,15220,205,26,2,9.98,Not Needed
12701,279509,2025-07-10,16595,67,34,1,6.16,Damaged
12702,277473,2025-06-28,14533,169,1,2,23.41,Not Needed
12703,24128,2024-02-24,18262,43,1,2,9.76,Not Needed
12704,152019,2024-11-08,916,201,26,1,5.77,Quality Issue
12705,260031,2025-06-11,6405,226,3,1,25.18,Wrong Item
12706,92256,2024-07-28,16669,175,6,1,10.42,Not Needed
12707,328972,2025-10-21,4564,106,20,1,10.47,Damaged
12708,19904,2024-02-25,763,354,18,2,15.19,Quality Issue
12709,271945,2025-07-02,17439,293,20,1,17.74,Late Delivery
12710,174559,2024-12-29,19415,687,16,1,227.22,Not Needed
12711,107963,2024-08-29,9358,130,33,2,1.84,Damaged
12712,345736,2025-11-27,4193,388,22,2,58.57,Not Needed
12713,243302,2025-04-29,218,639,21,1,97.58,Not Needed
12714,290539,2025-08-09,5514,305,27,1,77.24,Damaged
12715,147076,2024-10-28,2616,106,5,1,2.56,Not Needed
12716,343054,2025-12-01,1389,37,2,2,13.99,Not Needed
12717,159253,2024-11-18,16564,285,34,1,16.12,Late Delivery
12718,257429,2025-06-05,4710,396,14,2,60.09,Wrong Item
12719,244767,2025-05-14,7421,168,32,1,5.68,Damaged
12720,80377,2024-06-22,19953,50,9,2,12.54,Damaged
12721,210469,2025-03-09,23641,623,33,1,267.21,Damaged
12722,271938,2025-06-26,4045,336,15,2,14.35,Wrong Item
12723,231075,2025-04-08,5297,136,30,1,20.37,Not Needed
12724,66786,2024-05-23,23247,136,33,1,14.59,Quality Issue
12725,248553,2025-05-05,14741,602,4,1,48.57,Late Delivery
12726,287245,2025-07-18,1953,460,32,1,29.59,Not Needed
12727,9584,2024-02-07,17920,25,33,1,17.1,Not Needed
12728,73214,2024-06-10,11339,652,30,1,383.89,Not Needed
12729,182355,2025-01-12,3274,84,19,1,5.98,Quality Issue
12730,333683,2025-11-13,22672,496,30,1,15.66,Wrong Item
12731,69950,2024-06-03,14360,113,17,1,10.38,Damaged
12732,139092,2024-10-25,4861,391,7,2,16.53,Late Delivery
12733,351202,2025-12-09,20450,448,2,1,13.41,Late Delivery
12734,214999,2025-03-15,4965,142,8,1,26.88,Damaged
12735,251867,2025-05-28,24744,650,29,1,367.27,Wrong Item
12736,136167,2024-10-25,19143,178,16,2,17.01,Wrong Item
12737,276213,2025-06-25,6737,144,21,2,8.79,Not Needed
12738,129190,2024-09-27,22564,78,1,2,11.24,Late Delivery
12739,191024,2025-01-13,11900,389,22,1,13.71,Not Needed
12740,367815,2026-01-14,13601,456,26,1,9.23,Quality Issue
12741,175706,2024-12-17,11912,241,26,2,31.21,Not Needed
12742,294712,2025-08-14,14078,20,19,1,4.66,Late Delivery
12743,65342,2024-06-01,5133,9,18,2,19.14,Late Delivery
12744,221722,2025-03-16,646,132,25,1,11.5,Late Delivery
12745,191476,2025-01-23,23438,275,15,1,25.64,Damaged
12746,178445,2024-12-18,12782,681,22,1,171.79,Late Delivery
12747,258441,2025-06-11,13688,54,16,2,17.78,Damaged
12748,76437,2024-06-10,20635,644,29,1,436.6,Damaged
12749,327117,2025-10-14,13989,45,32,2,15.61,Not Needed
12750,35909,2024-03-25,19922,508,4,2,23.37,Wrong Item
12751,82629,2024-07-04,16018,344,11,1,25.56,Not Needed
12752,226620,2025-04-10,15151,522,3,1,15.76,Quality Issue
12753,340673,2025-11-15,23026,301,7,2,52.22,Quality Issue
12754,218728,2025-03-25,5388,425,17,1,15.92,Not Needed
12755,24583,2024-02-28,20955,434,18,2,17.86,Late Delivery
12756,365263,2025-12-30,5712,465,14,1,3.24,Not Needed
12757,296647,2025-08-26,15654,307,11,1,13.46,Late Delivery
12758,353688,2025-12-15,831,410,19,1,21.26,Not Needed
12759,368965,2026-01-04,10049,212,12,1,14.13,Not Needed
12760,128704,2024-09-30,16871,687,19,1,259.93,Quality Issue
12761,230224,2025-04-02,7322,606,14,1,511.82,Wrong Item
12762,287604,2025-07-19,8881,587,34,1,36.85,Not Needed
12763,328666,2025-10-24,6780,646,32,1,183.14,Quality Issue
12764,190076,2025-01-09,10030,506,34,2,31.67,Damaged
12765,284168,2025-07-24,8708,212,3,1,11.25,Damaged
12766,339704,2025-11-22,571,66,6,2,2.5,Not Needed
12767,124328,2024-09-29,9968,59,5,1,10.05,Damaged
12768,336405,2025-11-14,24420,504,30,1,27.68,Quality Issue
12769,17807,2024-02-22,6595,164,22,1,6.18,Not Needed
12770,346221,2025-12-07,246,32,26,1,25.16,Not Needed
12771,222518,2025-03-26,15332,501,17,1,15.65,Late Delivery
12772,144372,2024-10-31,21885,12,15,1,6.22,Not Needed
12773,272400,2025-07-06,12326,152,28,1,15.68,Damaged
12774,257036,2025-05-24,3790,62,6,2,43.54,Late Delivery
12775,360718,2026-01-03,13316,70,5,1,1.63,Damaged
12776,155283,2024-11-26,24045,125,3,1,26.97,Quality Issue
12777,306973,2025-09-17,11440,313,16,2,11.81,Not Needed
12778,243543,2025-04-27,16810,130,9,1,0.85,Damaged
12779,151088,2024-11-23,21882,79,33,1,7.53,Quality Issue
12780,125153,2024-09-13,18645,618,13,1,310.22,Quality Issue
12781,360254,2025-12-20,5071,230,21,2,90.05,Wrong Item
12782,235574,2025-04-18,19423,200,5,2,17.71,Not Needed
12783,169699,2024-12-10,3647,171,4,1,7.12,Late Delivery
12784,310605,2025-09-08,13853,73,9,1,12.85,Late Delivery
12785,177258,2024-12-30,22060,416,9,1,6.03,Not Needed
12786,215223,2025-03-19,14382,420,34,1,27.24,Not Needed
12787,77075,2024-06-24,16400,209,30,1,3.09,Wrong Item
12788,109554,2024-08-13,15301,239,12,1,19.57,Wrong Item
12789,87982,2024-07-22,15180,359,17,1,14.21,Quality Issue
12790,297293,2025-08-16,15349,605,25,2,191.75,Late Delivery
12791,226769,2025-03-31,22144,617,17,1,506.11,Wrong Item
12792,297696,2025-08-14,19888,125,11,1,15.49,Not Needed
12793,127143,2024-09-17,23506,2,9,2,29.62,Quality Issue
12794,113548,2024-08-26,1007,661,2,1,368.26,Wrong Item
12795,252060,2025-05-21,825,140,25,1,8.31,Wrong Item
12796,359551,2025-12-24,1363,87,26,1,2.71,Quality Issue
12797,3075,2024-01-14,4597,346,29,1,10.46,Not Needed
12798,185640,2025-01-09,6930,380,12,1,13.49,Damaged
12799,180792,2025-01-04,21369,297,9,1,19.54,Quality Issue
12800,236507,2025-04-24,4529,677,11,1,18.52,Damaged
12801,42298,2024-04-16,809,339,31,2,13.98,Not Needed
12802,110258,2024-08-17,14990,42,2,1,1.14,Not Needed
12803,145145,2024-11-07,11685,460,11,1,18.34,Wrong Item
12804,242562,2025-04-27,11240,152,10,1,4.35,Damaged
12805,338850,2025-11-22,17769,111,1,1,5.08,Damaged
12806,317198,2025-10-05,13872,490,22,1,23.92,Not Needed
12807,146931,2024-11-12,4468,181,27,2,2.58,Quality Issue
12808,204952,2025-02-12,24690,482,15,1,8.61,Damaged
12809,278524,2025-07-13,2814,565,18,1,22.69,Not Needed
12810,102401,2024-08-11,2463,191,16,1,8.22,Wrong Item
12811,109880,2024-08-27,2251,573,34,2,46.52,Quality Issue
12812,293132,2025-08-14,9842,99,34,1,8.28,Late Delivery
12813,143626,2024-11-07,21372,239,33,1,33.91,Not Needed
12814,74603,2024-06-22,12424,22,5,1,7.81,Not Needed
12815,243790,2025-04-26,5600,341,8,1,8.56,Quality Issue
12816,257491,2025-06-05,18139,23,30,2,14.65,Not Needed
12817,347637,2025-11-23,13858,465,21,2,4.75,Not Needed
12818,169888,2024-12-09,15598,8,17,1,2.91,Quality Issue
12819,35376,2024-04-01,12673,414,15,1,7.08,Damaged
12820,201638,2025-02-11,3624,464,12,2,25.12,Not Needed
12821,226768,2025-04-10,23232,57,8,1,5.48,Quality Issue
12822,368017,2025-12-30,5350,558,3,2,26.64,Wrong Item
12823,185762,2025-01-15,5441,147,33,1,5.62,Quality Issue
12824,235331,2025-04-21,20129,303,13,1,71.63,Not Needed
12825,70915,2024-06-07,2692,578,11,1,40.1,Not Needed
12826,182238,2024-12-26,10797,239,6,2,55.99,Not Needed
12827,159577,2024-12-06,4521,57,33,1,1.51,Not Needed
12828,316802,2025-09-23,24158,145,9,1,12.51,Quality Issue
12829,29580,2024-03-09,4182,381,32,1,8.72,Wrong Item
12830,302637,2025-09-01,1525,697,30,1,340.98,Late Delivery
12831,83912,2024-07-11,21294,709,26,1,125.15,Quality Issue
12832,161333,2024-11-23,24811,158,11,2,23.18,Quality Issue
12833,111089,2024-08-20,7662,614,30,1,67.81,Late Delivery
12834,260755,2025-06-09,9403,152,18,1,8.79,Damaged
12835,280501,2025-07-08,14807,50,18,1,24.57,Not Needed
12836,187842,2025-01-09,20483,104,15,2,13.1,Quality Issue
12837,159054,2024-11-22,14729,625,6,1,465.18,Wrong Item
12838,189566,2025-01-16,15055,146,6,1,8.77,Not Needed
12839,314625,2025-09-16,7085,718,1,1,260.39,Quality Issue
12840,84646,2024-06-26,15468,408,13,1,6.03,Damaged
12841,202304,2025-02-08,7268,161,33,2,17.9,Damaged
12842,233546,2025-04-24,13409,353,10,1,17.73,Quality Issue
12843,165021,2024-12-08,14390,120,19,1,22.33,Late Delivery
12844,121126,2024-09-16,2936,553,20,1,7.64,Quality Issue
12845,34902,2024-04-02,937,158,26,1,8.34,Not Needed
12846,313297,2025-09-29,19877,664,34,1,289.15,Wrong Item
12847,223735,2025-03-19,15070,342,17,1,7.06,Damaged
12848,63661,2024-05-17,10774,556,9,1,21.59,Not Needed
12849,246395,2025-05-19,23796,450,1,1,25.17,Not Needed
12850,255805,2025-05-23,23827,558,14,1,15.06,Not Needed
12851,91570,2024-07-16,21573,227,14,1,4.72,Not Needed
12852,18738,2024-02-22,12805,303,23,1,12.14,Damaged
12853,11096,2024-02-13,14203,677,17,1,31.28,Not Needed
12854,335814,2025-11-19,17084,93,3,2,14.66,Not Needed
12855,365192,2026-01-05,15763,543,8,1,24.57,Quality Issue
12856,127189,2024-09-28,15965,134,32,2,26.73,Quality Issue
12857,299026,2025-08-29,24472,138,21,1,9.75,Late Delivery
12858,277552,2025-07-11,24746,57,5,2,0.84,Wrong Item
12859,280568,2025-07-17,22558,138,14,2,21.51,Quality Issue
12860,179209,2024-12-31,9405,442,33,1,20.62,Wrong Item
12861,154298,2024-11-23,7481,634,13,1,166.92,Late Delivery
12862,306521,2025-09-11,1397,588,14,1,307.7,Not Needed
12863,182596,2024-12-31,14447,355,8,2,50.32,Not Needed
12864,75858,2024-06-27,12496,32,25,1,29.72,Quality Issue
12865,130254,2024-09-26,252,240,24,1,4.64,Quality Issue
12866,65452,2024-05-27,16460,39,5,1,1.05,Late Delivery
12867,360746,2025-12-17,6237,420,8,1,67.15,Not Needed
12868,236483,2025-04-11,9286,91,14,1,12.63,Wrong Item
12869,283232,2025-07-10,13658,509,6,2,45.89,Damaged
12870,225075,2025-03-25,4203,444,9,2,11.41,Not Needed
12871,72952,2024-06-19,22762,102,4,1,12.89,Not Needed
12872,205253,2025-02-13,8907,191,6,2,6.56,Damaged
12873,261890,2025-06-02,925,252,26,1,4.69,Wrong Item
12874,348476,2025-12-07,21989,402,17,1,28.52,Not Needed
12875,47919,2024-04-18,22533,507,31,1,4.69,Quality Issue
12876,134627,2024-10-10,4010,675,22,1,323.1,Quality Issue
12877,37734,2024-04-01,15702,99,24,1,9.63,Damaged
12878,270806,2025-06-26,20091,192,8,1,8.64,Not Needed
12879,244885,2025-05-04,20597,265,28,1,22.62,Not Needed
12880,249413,2025-05-25,20435,116,24,1,11.2,Not Needed
12881,321227,2025-10-12,22748,202,17,2,11.9,Wrong Item
12882,310588,2025-09-23,16130,45,19,1,4.81,Not Needed
12883,105355,2024-08-22,15889,385,26,2,10.25,Not Needed
12884,276820,2025-07-10,5505,258,18,1,6.04,Damaged
12885,233817,2025-04-15,11857,471,17,1,19.61,Not Needed
12886,105307,2024-08-17,24154,127,26,1,29.12,Not Needed
12887,298011,2025-08-21,10588,316,20,1,13.69,Late Delivery
12888,246719,2025-05-12,9827,511,9,1,27.26,Not Needed
12889,23030,2024-02-27,16434,100,19,2,10.45,Wrong Item
12890,344140,2025-11-28,927,542,15,1,2.6,Late Delivery
12891,117389,2024-09-15,15718,148,17,1,12.04,Damaged
12892,257193,2025-06-07,240,668,8,1,303.75,Not Needed
12893,41162,2024-04-13,12278,201,4,2,16.75,Not Needed
12894,69515,2024-06-15,5957,61,7,1,8.88,Damaged
12895,70307,2024-06-10,14236,352,1,1,14.22,Late Delivery
12896,67129,2024-05-31,13564,456,3,1,6.73,Damaged
12897,106729,2024-08-18,16912,316,8,1,41.36,Not Needed
12898,362569,2025-12-27,22463,52,20,2,2.99,Late Delivery
12899,268541,2025-06-27,10375,358,17,2,6.04,Late Delivery
12900,2176,2024-01-07,5609,449,29,2,106.49,Quality Issue
12901,165331,2024-12-07,17735,477,7,1,32.8,Quality Issue
12902,332911,2025-11-10,5946,82,18,1,4.09,Quality Issue
12903,13250,2024-02-16,21585,125,9,1,8.03,Not Needed
12904,157355,2024-11-26,6504,73,21,2,5.44,Late Delivery
12905,193081,2025-01-20,16706,74,34,1,13.49,Quality Issue
12906,54630,2024-05-15,20293,542,7,1,4.82,Damaged
12907,218225,2025-03-18,10257,167,10,2,19.33,Not Needed
12908,20967,2024-03-06,22073,4,32,1,16.91,Not Needed
12909,167747,2024-12-16,1445,161,32,2,23.1,Not Needed
12910,359055,2025-12-14,10955,302,5,1,14.44,Late Delivery
12911,112875,2024-08-27,6715,177,15,1,9.32,Quality Issue
12912,111535,2024-08-26,23011,620,26,1,24.71,Late Delivery
12913,234758,2025-04-25,20790,650,23,1,199.68,Not Needed
12914,272794,2025-07-07,13803,216,28,1,12.51,Quality Issue
12915,178520,2024-12-18,17612,40,30,1,24.44,Not Needed
12916,207865,2025-02-16,87,542,19,1,5.04,Damaged
12917,294496,2025-08-09,3588,62,27,2,18.57,Quality Issue
12918,41341,2024-04-08,16692,278,18,2,6.62,Quality Issue
12919,171384,2024-12-08,17443,435,5,1,4.38,Quality Issue
12920,279065,2025-07-19,1552,569,3,2,27.19,Not Needed
12921,165860,2024-12-10,4998,399,21,2,14.26,Quality Issue
12922,171170,2024-12-22,11057,591,15,1,412.56,Wrong Item
12923,306002,2025-08-30,14932,233,20,1,28.45,Late Delivery
12924,353555,2025-12-11,20655,376,23,2,35.07,Damaged
12925,218962,2025-03-14,4319,216,5,1,7.23,Late Delivery
12926,75031,2024-06-18,5114,570,10,1,21.53,Damaged
12927,35897,2024-04-03,6540,212,7,1,4.42,Quality Issue
12928,352298,2025-12-03,20532,75,29,1,6.45,Quality Issue
12929,20190,2024-02-28,6023,296,29,1,7.35,Not Needed
12930,234417,2025-04-25,12515,330,33,1,27.96,Quality Issue
12931,140505,2024-10-24,19755,567,24,1,4.9,Quality Issue
12932,256211,2025-05-19,392,511,32,2,36.46,Damaged
12933,110688,2024-08-24,1174,39,19,1,8.12,Wrong Item
12934,54055,2024-05-09,6198,84,18,2,13.39,Not Needed
12935,221147,2025-03-15,13138,159,17,2,9.92,Late Delivery
12936,127887,2024-10-03,1372,160,30,1,12.08,Not Needed
12937,139050,2024-10-26,17513,25,2,2,16.68,Not Needed
12938,200992,2025-02-10,7095,93,29,1,14.48,Quality Issue
12939,262116,2025-06-05,23912,318,11,1,9.13,Quality Issue
12940,198444,2025-01-27,9647,158,19,2,16.12,Damaged
12941,111966,2024-08-27,12783,171,24,1,2.88,Not Needed
12942,282773,2025-07-16,6134,36,6,2,6.54,Damaged
12943,364261,2026-01-02,24978,480,11,1,10.09,Not Needed
12944,208587,2025-02-23,18542,453,20,1,100.23,Not Needed
12945,226538,2025-04-07,22186,418,30,2,56.66,Wrong Item
12946,348082,2025-12-08,5843,102,24,2,3.71,Quality Issue
12947,212554,2025-02-26,7388,222,32,1,3.01,Late Delivery
12948,26395,2024-03-11,4827,370,2,1,28.95,Not Needed
12949,25537,2024-03-05,15844,449,14,1,47.8,Not Needed
12950,333227,2025-11-02,1825,456,15,1,5.94,Not Needed
12951,118159,2024-09-16,12009,96,16,2,9.48,Not Needed
12952,280377,2025-07-21,6793,405,14,1,23.57,Wrong Item
12953,73592,2024-06-06,6562,328,1,2,18.47,Damaged
12954,252312,2025-05-30,8863,350,31,1,19.86,Not Needed
12955,279000,2025-07-09,5091,68,33,1,8.81,Not Needed
12956,198056,2025-01-30,22890,640,12,1,233.96,Damaged
12957,192423,2025-01-23,2795,262,21,1,19.47,Not Needed
12958,101892,2024-08-09,24318,311,33,2,73.87,Not Needed
12959,210266,2025-03-09,16430,713,32,1,358.13,Quality Issue
12960,176203,2024-12-22,7743,309,33,2,26.47,Quality Issue
12961,173583,2024-12-24,24794,142,32,1,11.23,Not Needed
12962,2354,2024-01-07,5627,45,3,1,13.61,Wrong Item
12963,333797,2025-11-09,14346,176,19,2,15.74,Damaged
12964,244399,2025-04-27,17394,440,24,1,17.23,Wrong Item
12965,285242,2025-07-30,21484,32,27,1,46.64,Not Needed
12966,127307,2024-09-24,5767,96,30,1,4.9,Late Delivery
12967,295188,2025-08-12,8881,131,32,1,3.78,Not Needed
12968,311109,2025-09-14,498,144,12,2,6.27,Not Needed
12969,189441,2025-01-19,10785,189,13,2,3.56,Late Delivery
12970,190384,2025-01-15,1672,365,15,1,6.77,Wrong Item
12971,215893,2025-03-10,16753,2,14,1,6.08,Wrong Item
12972,192487,2025-01-24,433,656,6,1,279.08,Not Needed
12973,245455,2025-05-06,21745,33,24,2,27.71,Wrong Item
12974,332851,2025-10-31,10211,179,29,2,17.86,Quality Issue
12975,172226,2024-12-15,18158,109,14,2,14.44,Damaged
12976,359184,2025-12-25,21430,489,23,1,16.06,Late Delivery
12977,195445,2025-02-06,10632,249,21,1,50.16,Wrong Item
12978,168582,2024-12-11,10338,179,20,2,21.67,Late Delivery
12979,330909,2025-10-25,13226,458,23,1,90.32,Quality Issue
12980,320223,2025-10-07,19056,23,26,2,14.43,Damaged
12981,348857,2025-12-14,21812,573,24,1,11.95,Late Delivery
12982,61814,2024-05-16,23263,13,28,1,1.73,Not Needed
12983,35355,2024-04-07,13479,611,17,1,9.49,Damaged
12984,304730,2025-08-26,8878,28,24,1,23.37,Not Needed
12985,82357,2024-07-02,11547,542,20,1,4.95,Wrong Item
12986,316926,2025-09-22,17808,137,19,1,39.83,Wrong Item
12987,150435,2024-11-19,12930,656,17,1,229.88,Not Needed
12988,191167,2025-01-28,11536,181,30,1,5.32,Damaged
12989,272452,2025-06-30,2378,434,32,1,16.39,Late Delivery
12990,347852,2025-11-26,5293,303,18,1,21.99,Quality Issue
12991,225984,2025-03-27,20308,69,1,1,6.52,Not Needed
12992,159126,2024-11-30,9154,37,10,1,4.78,Quality Issue
12993,246309,2025-05-14,19238,164,29,1,4.36,Quality Issue
12994,65994,2024-06-07,13972,150,32,1,6.81,Not Needed
12995,210520,2025-02-22,19037,225,10,1,22.91,Quality Issue
12996,22363,2024-03-10,17827,175,9,2,4.25,Not Needed
12997,218708,2025-03-10,7486,29,30,1,5.79,Not Needed
12998,56883,2024-05-09,23759,206,30,1,16.41,Not Needed
12999,140831,2024-10-23,24877,119,18,2,22.68,Wrong Item
13000,92399,2024-07-30,6121,193,5,2,9.71,Wrong Item
13001,317866,2025-10-10,16265,98,5,1,6.14,Not Needed
13002,282317,2025-07-07,24971,184,24,1,3.84,Damaged
13003,364771,2025-12-25,4464,190,10,1,10.92,Not Needed
13004,324185,2025-10-20,10479,257,9,2,15.82,Quality Issue
13005,341756,2025-11-28,11510,345,15,1,21.8,Not Needed
13006,178984,2024-12-19,13888,647,23,1,59.65,Damaged
13007,29989,2024-03-15,13623,89,22,1,9.43,Not Needed
13008,17124,2024-02-14,20788,465,20,1,3.44,Damaged
13009,263054,2025-06-16,2191,322,8,2,65.19,Quality Issue
13010,269277,2025-06-18,15072,487,33,1,4.87,Late Delivery
13011,227662,2025-04-03,13547,211,30,1,5.84,Damaged
13012,209169,2025-02-21,10585,125,32,1,18.27,Quality Issue
13013,267775,2025-06-19,15461,330,17,1,16.51,Not Needed
13014,113786,2024-09-02,9023,322,21,1,19.67,Quality Issue
13015,311191,2025-09-09,20959,118,6,1,2.67,Quality Issue
13016,344479,2025-12-06,18790,251,6,1,16.24,Not Needed
13017,49412,2024-04-30,5827,655,15,1,184.55,Late Delivery
13018,275646,2025-07-12,14584,106,33,2,8.31,Late Delivery
13019,19976,2024-02-21,11932,464,15,1,44.17,Quality Issue
13020,202031,2025-02-02,10361,47,33,1,8.6,Wrong Item
13021,121107,2024-09-22,21402,256,30,1,48.23,Damaged
13022,106496,2024-08-08,17806,398,10,1,47.17,Quality Issue
13023,264085,2025-06-12,15726,371,32,1,25.17,Quality Issue
13024,363885,2025-12-25,6836,83,4,2,3.03,Not Needed
13025,2640,2024-01-18,11794,507,7,1,5.74,Not Needed
13026,57489,2024-05-21,8664,262,19,1,53.06,Late Delivery
13027,207217,2025-03-03,24961,718,15,1,192.01,Not Needed
13028,6601,2024-02-03,22477,109,30,1,14.46,Wrong Item
13029,341597,2025-11-16,4584,12,3,2,24.94,Damaged
13030,125450,2024-09-17,8337,261,12,1,9.69,Not Needed
13031,232771,2025-04-17,19661,172,34,1,6.15,Not Needed
13032,154467,2024-11-22,23339,119,1,1,12.1,Wrong Item
13033,67342,2024-05-28,1607,338,21,1,11.91,Not Needed
13034,93109,2024-07-30,21374,635,25,1,353.65,Not Needed
13035,161463,2024-11-24,15198,103,17,2,11.78,Not Needed
13036,234476,2025-04-20,1325,544,25,1,5.1,Not Needed
13037,364818,2025-12-26,20527,102,19,1,2.9,Not Needed
13038,205440,2025-02-21,23727,429,13,1,5.42,Wrong Item
13039,279151,2025-07-15,912,199,31,2,8.35,Not Needed
13040,44731,2024-04-19,22600,683,9,1,83.03,Damaged
13041,151840,2024-11-21,2799,489,8,2,36.25,Quality Issue
13042,154038,2024-11-18,21585,217,14,2,10.11,Damaged
13043,159655,2024-11-20,1226,18,31,2,4.7,Quality Issue
13044,260888,2025-05-30,2064,528,16,1,15.06,Damaged
13045,82918,2024-06-23,20038,59,24,1,25.38,Damaged
13046,301029,2025-08-18,20510,37,16,2,15.17,Damaged
13047,14426,2024-02-04,9431,402,18,1,22.94,Late Delivery
13048,227383,2025-04-07,12312,183,11,2,9.29,Not Needed
13049,232711,2025-04-18,10610,161,12,2,30.84,Late Delivery
13050,75583,2024-06-22,16041,187,34,1,8.88,Late Delivery
13051,174838,2024-12-23,14147,695,30,1,479.88,Not Needed
13052,59086,2024-05-15,19989,37,30,2,13.13,Quality Issue
13053,326358,2025-10-14,14446,93,33,1,4.5,Late Delivery
13054,162624,2024-12-01,17731,79,6,2,9.63,Not Needed
13055,211744,2025-03-08,17271,103,14,2,10.89,Not Needed
13056,54074,2024-05-12,16324,126,31,1,19.81,Damaged
13057,291377,2025-08-09,3463,371,20,1,8.58,Late Delivery
13058,106523,2024-08-22,18702,548,21,1,27.19,Late Delivery
13059,137367,2024-10-20,18986,680,18,1,239.5,Late Delivery
13060,53878,2024-05-12,23495,233,24,1,7.59,Not Needed
13061,315672,2025-10-03,2272,559,33,1,21.63,Not Needed
13062,189395,2025-01-17,3219,320,28,2,48.94,Wrong Item
13063,106397,2024-08-09,8456,82,29,2,4.04,Late Delivery
13064,348800,2025-12-02,21201,564,22,1,1.82,Not Needed
13065,35943,2024-03-31,8278,99,4,1,2.91,Quality Issue
13066,201969,2025-02-17,19157,148,18,1,8.09,Late Delivery
13067,261298,2025-06-12,14679,432,18,1,5.91,Not Needed
13068,34646,2024-03-28,8143,420,11,1,20.68,Quality Issue
13069,40039,2024-04-08,15956,483,32,1,8.06,Damaged
13070,169818,2024-12-15,5039,318,1,2,9.14,Not Needed
13071,189910,2025-01-20,10322,526,12,2,37.48,Not Needed
13072,364147,2026-01-01,18565,297,21,2,45.49,Quality Issue
13073,276593,2025-06-30,20683,720,12,1,64.4,Wrong Item
13074,226611,2025-04-11,21695,28,19,2,12.37,Quality Issue
13075,330059,2025-10-22,21175,464,1,2,37.99,Damaged
13076,10952,2024-02-05,9436,223,3,1,5.46,Damaged
13077,131984,2024-10-02,8739,355,15,1,13.18,Not Needed
13078,282355,2025-07-11,7063,386,26,1,58.16,Quality Issue
13079,160581,2024-12-07,16723,161,16,1,55.39,Late Delivery
13080,42433,2024-04-14,9877,386,26,1,12.56,Late Delivery
13081,180763,2025-01-05,17218,559,18,1,56.04,Wrong Item
13082,153525,2024-11-09,10476,212,3,2,16.93,Not Needed
13083,10142,2024-02-07,24734,197,5,1,11.04,Late Delivery
13084,263995,2025-06-05,18469,313,11,1,4.93,Not Needed
13085,291222,2025-08-01,19596,74,24,2,9.07,Not Needed
13086,285035,2025-07-25,17663,282,4,1,29.99,Damaged
13087,55364,2024-05-01,8829,55,26,2,18.39,Wrong Item
13088,227521,2025-04-05,7339,351,28,1,13.04,Damaged
13089,143041,2024-11-03,12927,272,7,1,19.31,Not Needed
13090,120160,2024-09-21,3520,595,11,1,182.04,Late Delivery
13091,109562,2024-08-22,14570,269,26,1,67.67,Wrong Item
13092,123871,2024-09-26,23083,348,18,1,24.65,Late Delivery
13093,36714,2024-04-07,6494,78,30,2,16.11,Quality Issue
13094,314257,2025-09-30,20643,166,5,2,6.38,Damaged
13095,295105,2025-08-08,19230,494,15,1,5.34,Wrong Item
13096,98509,2024-08-02,14783,107,28,2,2.89,Wrong Item
13097,125708,2024-09-21,11891,17,16,1,1.32,Damaged
13098,284478,2025-07-28,14501,324,9,1,55.31,Damaged
13099,154011,2024-11-11,18819,31,8,2,1.31,Quality Issue
13100,200511,2025-02-03,18701,406,18,1,12.7,Damaged
13101,194419,2025-02-04,12999,233,8,1,14.28,Not Needed
13102,31005,2024-03-27,6531,113,22,1,12.81,Damaged
13103,112725,2024-08-27,13676,634,21,1,137.64,Damaged
13104,269629,2025-06-24,8313,648,18,1,165.9,Wrong Item
13105,359967,2026-01-03,17505,666,19,1,159.29,Not Needed
13106,28806,2024-03-19,24162,532,5,2,59.33,Quality Issue
13107,196569,2025-02-08,19309,135,3,2,31.43,Quality Issue
13108,120992,2024-09-22,9422,497,23,1,12.25,Not Needed
13109,90304,2024-07-07,1867,157,10,1,5.34,Wrong Item
13110,74022,2024-06-18,13016,43,31,2,21.73,Not Needed
13111,340681,2025-11-26,6901,533,11,1,17.86,Quality Issue
13112,216590,2025-03-17,19968,485,22,1,18.57,Damaged
13113,171818,2024-12-16,16009,284,26,1,41.44,Not Needed
13114,180321,2025-01-08,5724,108,33,2,5.78,Late Delivery
13115,40579,2024-04-13,18670,289,27,1,19.5,Not Needed
13116,41090,2024-04-12,9177,47,11,1,6.04,Quality Issue
13117,362537,2026-01-07,1170,133,3,2,5.19,Not Needed
13118,46993,2024-04-17,4344,137,23,2,30.14,Not Needed
13119,227864,2025-03-31,9759,415,23,1,21.94,Not Needed
13120,4514,2024-01-27,1449,118,26,2,3.2,Late Delivery
13121,363925,2026-01-05,5715,219,1,2,9.73,Quality Issue
13122,301204,2025-08-27,14015,269,3,1,48.41,Late Delivery
13123,77816,2024-06-14,12219,167,13,1,17.86,Not Needed
13124,86845,2024-07-07,24271,118,29,2,4.71,Not Needed
13125,255589,2025-06-06,16950,24,14,2,26.75,Damaged
13126,301641,2025-08-24,14555,551,3,1,24.04,Wrong Item
13127,16686,2024-02-27,23530,247,18,1,14.09,Not Needed
13128,45857,2024-04-20,102,132,12,1,24.52,Quality Issue
13129,210061,2025-02-20,2832,592,21,1,338.8,Not Needed
13130,234735,2025-04-16,20617,256,1,1,19.31,Not Needed
13131,55251,2024-05-09,7723,451,8,1,18.04,Late Delivery
13132,359139,2025-12-29,22867,475,7,1,19.25,Quality Issue
13133,286422,2025-07-19,2582,188,7,2,6.68,Damaged
13134,215190,2025-03-12,17273,131,3,1,2.68,Late Delivery
13135,214610,2025-03-14,4822,385,8,1,7.33,Not Needed
13136,310218,2025-09-10,9643,162,15,1,6.56,Not Needed
13137,300712,2025-08-24,23699,599,11,1,98.45,Late Delivery
13138,165360,2024-12-03,20939,21,8,1,11.72,Quality Issue
13139,48459,2024-04-25,22914,478,5,1,16.63,Damaged
13140,178471,2024-12-18,15594,237,24,2,49.16,Quality Issue
13141,232082,2025-04-18,5954,348,13,2,55.35,Not Needed
13142,216612,2025-03-12,11978,654,13,1,402.55,Damaged
13143,59169,2024-05-24,22500,529,17,1,24.67,Not Needed
13144,265712,2025-06-24,6513,61,33,2,28.24,Quality Issue
13145,330090,2025-10-29,20675,226,18,2,59.77,Not Needed
13146,193534,2025-01-24,20244,110,9,2,23.94,Not Needed
13147,195340,2025-01-19,23502,450,18,1,4.79,Quality Issue
13148,27958,2024-03-05,18983,126,26,2,19.05,Not Needed
13149,239781,2025-05-07,23975,206,20,1,25.64,Late Delivery
13150,275309,2025-07-09,609,403,8,2,25.74,Not Needed
13151,219934,2025-03-29,24560,153,12,1,18.07,Not Needed
13152,348463,2025-11-29,6779,438,33,1,12.11,Late Delivery
13153,336204,2025-11-14,16469,58,22,1,9.74,Not Needed
13154,167761,2024-12-14,23498,299,33,1,43.03,Quality Issue
13155,144723,2024-10-24,12995,165,7,1,42.03,Not Needed
13156,107015,2024-08-16,580,376,33,1,29.51,Quality Issue
13157,302798,2025-08-22,8750,596,13,1,399.27,Damaged
13158,216190,2025-03-15,22126,93,31,2,9.63,Damaged
13159,328730,2025-10-29,13334,618,15,1,134.95,Quality Issue
13160,28449,2024-03-15,693,717,11,1,332.4,Late Delivery
13161,162868,2024-11-30,19725,177,7,2,28.9,Not Needed
13162,100619,2024-08-02,3926,94,9,2,8.81,Not Needed
13163,219082,2025-03-18,12400,238,15,1,14.57,Damaged
13164,194560,2025-02-01,19354,175,1,2,3.02,Damaged
13165,328448,2025-11-02,10853,53,22,1,3.64,Wrong Item
13166,162382,2024-11-22,13032,17,33,1,4.06,Wrong Item
13167,305576,2025-08-30,3403,55,10,1,10.96,Not Needed
13168,4918,2024-01-29,10851,361,24,1,19.42,Quality Issue
13169,361056,2025-12-24,14217,624,28,1,37.62,Not Needed
13170,225638,2025-04-06,9056,402,28,1,15.98,Damaged
13171,348443,2025-12-11,19304,644,33,1,303.79,Not Needed
13172,230199,2025-04-13,5633,202,4,1,2.61,Damaged
13173,300393,2025-08-21,15430,243,22,1,62.14,Not Needed
13174,76004,2024-06-14,14625,612,27,1,337.9,Not Needed
13175,264819,2025-06-07,24627,31,34,1,7.54,Not Needed
13176,46110,2024-04-25,22090,493,33,1,28.31,Not Needed
13177,1684,2024-01-10,8366,336,10,1,8.58,Quality Issue
13178,315455,2025-09-27,21717,157,16,2,20.14,Late Delivery
13179,179525,2024-12-26,19955,689,5,1,218.71,Not Needed
13180,57800,2024-05-13,4090,545,29,1,2.77,Not Needed
13181,165724,2024-11-30,10650,193,21,1,13.14,Not Needed
13182,189392,2025-01-22,23004,19,34,2,10.5,Not Needed
13183,86862,2024-07-18,3882,543,34,1,7.17,Wrong Item
13184,146572,2024-11-07,20956,233,6,2,34.86,Damaged
13185,97800,2024-07-25,5051,87,29,1,0.57,Damaged
13186,19451,2024-02-23,21071,120,16,2,41.31,Quality Issue
13187,342,2024-01-11,10315,208,19,1,3.84,Not Needed
13188,324338,2025-10-12,22735,336,24,1,10.45,Wrong Item
13189,134389,2024-10-06,210,575,18,2,32.95,Not Needed
13190,143248,2024-10-30,16641,134,5,1,10.71,Wrong Item
13191,90538,2024-07-12,15936,166,28,2,3.79,Quality Issue
13192,278518,2025-07-16,19163,498,28,1,19.35,Damaged
13193,307481,2025-09-15,18758,133,15,1,3.57,Quality Issue
13194,7289,2024-01-29,3513,525,14,1,12.3,Wrong Item
13195,186090,2025-01-11,24236,134,10,1,4.43,Quality Issue
13196,155953,2024-11-27,2295,137,26,1,33.55,Late Delivery
13197,158867,2024-11-28,813,191,34,2,1.85,Quality Issue
13198,152021,2024-11-21,3393,287,12,1,20.78,Quality Issue
13199,27671,2024-03-19,5601,210,34,1,9.47,Not Needed
13200,87902,2024-07-19,601,174,14,1,2.9,Quality Issue
13201,192117,2025-01-15,24358,360,26,1,5.87,Quality Issue
13202,293531,2025-08-09,19425,715,18,1,10.76,Quality Issue
13203,213958,2025-03-06,17129,18,18,1,7.27,Wrong Item
13204,241130,2025-05-05,22709,154,15,1,6.29,Quality Issue
13205,145943,2024-11-03,15098,200,25,1,7.93,Not Needed
13206,290823,2025-07-28,23077,144,21,1,4.87,Late Delivery
13207,286971,2025-07-18,6527,440,33,2,37.24,Not Needed
13208,106181,2024-08-26,12153,444,4,2,10.56,Damaged
13209,138265,2024-10-12,16541,352,18,2,35.48,Damaged
13210,31775,2024-03-20,6500,615,25,1,500.23,Late Delivery
13211,188059,2025-01-03,2539,231,14,1,54.78,Late Delivery
13212,289547,2025-07-26,4041,16,21,2,14.06,Not Needed
13213,257614,2025-06-07,19353,67,32,1,29.45,Damaged
13214,359857,2025-12-31,6348,153,8,2,19.59,Quality Issue
13215,332964,2025-11-15,391,84,15,1,20.76,Not Needed
13216,12980,2024-02-10,7839,197,29,1,2.94,Damaged
13217,272155,2025-06-27,13758,488,22,2,17.0,Quality Issue
13218,214754,2025-03-03,19963,291,2,2,98.99,Damaged
13219,227374,2025-03-30,7141,40,9,1,6.15,Not Needed
13220,140008,2024-10-16,13593,348,33,2,42.89,Not Needed
13221,227095,2025-04-07,16355,359,18,1,3.59,Damaged
13222,164934,2024-12-06,4427,539,16,1,10.58,Wrong Item
13223,39990,2024-04-03,18961,193,29,2,20.04,Quality Issue
13224,79375,2024-07-03,23952,397,26,1,6.55,Damaged
13225,18575,2024-02-24,23336,86,20,1,3.04,Damaged
13226,128952,2024-10-08,3637,247,19,1,19.43,Not Needed
13227,328755,2025-10-22,17711,138,24,1,19.55,Damaged
13228,214429,2025-03-06,22568,82,9,2,3.81,Quality Issue
13229,172046,2024-12-12,20300,137,18,1,7.3,Not Needed
13230,235624,2025-04-27,24129,527,5,1,57.73,Quality Issue
13231,285580,2025-07-21,7189,498,29,1,54.36,Quality Issue
13232,218943,2025-03-19,2600,511,21,1,25.4,Not Needed
13233,186041,2025-01-04,8253,540,8,1,9.37,Damaged
13234,97673,2024-08-04,13288,592,2,1,345.22,Wrong Item
13235,358528,2025-12-23,22544,578,24,2,49.34,Not Needed
13236,251355,2025-05-17,833,478,23,1,14.92,Not Needed
13237,160636,2024-11-27,10127,368,7,2,5.89,Late Delivery
13238,326268,2025-10-19,10981,392,16,1,10.14,Damaged
13239,100541,2024-08-08,607,7,32,1,10.05,Not Needed
13240,177561,2024-12-31,22489,330,33,1,43.58,Not Needed
13241,9171,2024-01-24,9497,50,24,1,6.86,Not Needed
13242,290135,2025-08-03,22092,228,29,2,57.41,Not Needed
13243,50204,2024-05-01,70,539,11,1,5.83,Damaged
13244,236395,2025-04-22,16064,140,17,2,55.15,Not Needed
13245,54881,2024-05-08,23122,110,9,2,21.07,Damaged
13246,163095,2024-12-12,3011,676,15,1,337.5,Late Delivery
13247,216745,2025-03-19,17655,537,28,2,47.62,Damaged
13248,213172,2025-03-15,13085,699,10,1,406.81,Late Delivery
13249,171722,2024-12-14,3250,137,32,1,13.59,Quality Issue
13250,35922,2024-03-22,18581,157,21,1,8.23,Not Needed
13251,279596,2025-07-16,2713,31,10,2,8.23,Damaged
13252,2377,2024-01-22,14037,148,18,1,29.01,Not Needed
13253,283942,2025-07-26,9395,653,20,2,684.61,Damaged
13254,205073,2025-02-18,15994,38,18,1,1.01,Damaged
13255,123881,2024-09-27,463,121,24,2,9.22,Late Delivery
13256,238324,2025-04-16,17975,243,9,1,32.28,Wrong Item
13257,155511,2024-11-27,9111,327,5,1,15.21,Damaged
13258,229467,2025-04-05,16057,219,9,2,18.14,Late Delivery
13259,313349,2025-09-29,20382,7,4,2,29.27,Damaged
13260,277817,2025-07-16,16977,691,26,1,432.67,Not Needed
13261,145694,2024-11-02,5315,320,2,2,48.66,Late Delivery
13262,89945,2024-07-20,21309,21,24,2,7.02,Damaged
13263,87283,2024-07-08,4543,598,6,2,945.13,Damaged
13264,304538,2025-08-29,11350,69,20,1,2.85,Not Needed
13265,27927,2024-03-11,1900,76,25,1,2.88,Wrong Item
13266,296550,2025-08-17,1057,331,30,1,33.87,Damaged
13267,176942,2024-12-25,1850,622,10,1,115.91,Wrong Item
13268,253091,2025-05-17,10254,157,26,1,2.74,Wrong Item
13269,50499,2024-05-05,7579,251,9,1,16.6,Not Needed
13270,194166,2025-02-02,12549,652,11,1,328.01,Quality Issue
13271,305613,2025-09-14,20983,247,19,1,20.1,Wrong Item
13272,174797,2024-12-21,9800,236,34,1,6.77,Not Needed
13273,251057,2025-05-28,14158,18,33,1,3.59,Damaged
13274,88705,2024-07-17,12617,470,34,2,49.79,Not Needed
13275,189818,2025-01-26,22722,111,16,2,24.46,Wrong Item
13276,225978,2025-03-26,5323,88,9,2,35.34,Not Needed
13277,282896,2025-07-22,22515,141,20,1,30.47,Wrong Item
13278,326678,2025-10-30,2287,497,34,2,6.59,Not Needed
13279,21076,2024-02-22,12191,474,7,2,13.61,Damaged
13280,134350,2024-10-08,15840,99,9,2,7.69,Quality Issue
13281,120045,2024-09-03,19767,14,25,1,1.86,Quality Issue
13282,289193,2025-07-25,18794,387,21,1,12.97,Not Needed
13283,364263,2026-01-07,14761,14,32,1,7.42,Wrong Item
13284,364655,2025-12-31,22388,460,6,1,12.19,Late Delivery
13285,368915,2026-01-15,2350,323,25,1,2.45,Not Needed
13286,152705,2024-11-08,9784,158,11,2,13.69,Not Needed
13287,79945,2024-07-06,15705,122,26,2,4.24,Damaged
13288,1591,2024-01-12,24235,500,15,1,25.21,Quality Issue
13289,177447,2024-12-20,2510,132,29,1,4.06,Quality Issue
13290,170437,2024-12-06,21959,274,24,1,15.11,Quality Issue
13291,317670,2025-09-25,20168,407,12,2,36.34,Not Needed
13292,83374,2024-07-12,18192,424,9,2,94.12,Damaged
13293,287100,2025-08-04,18592,426,33,2,39.72,Quality Issue
13294,55620,2024-05-01,10688,190,24,1,8.03,Quality Issue
13295,260915,2025-06-10,855,566,14,1,22.55,Late Delivery
13296,274634,2025-07-09,5924,223,24,2,14.94,Quality Issue
13297,255807,2025-06-03,23413,213,9,2,7.42,Not Needed
13298,151471,2024-11-15,3513,424,4,2,34.03,Damaged
13299,69868,2024-06-06,8032,533,7,1,11.64,Wrong Item
13300,208034,2025-03-03,11975,13,15,1,9.03,Late Delivery
13301,179987,2025-01-05,22703,491,31,2,30.67,Quality Issue
13302,127455,2024-10-03,8643,139,2,1,12.73,Late Delivery
13303,122896,2024-09-24,10009,336,8,1,11.09,Not Needed
13304,140715,2024-10-16,24522,276,29,1,22.28,Quality Issue
13305,54758,2024-05-06,3337,147,9,1,21.77,Damaged
13306,162256,2024-12-11,23484,27,3,1,5.37,Late Delivery
13307,100593,2024-08-14,11359,340,5,2,34.06,Wrong Item
13308,108687,2024-08-23,13204,186,11,1,4.76,Late Delivery
13309,9337,2024-02-05,6764,286,29,2,31.83,Not Needed
13310,345084,2025-11-19,11139,696,27,1,229.68,Quality Issue
13311,299201,2025-08-14,23751,341,3,1,14.45,Not Needed
13312,207096,2025-02-28,20845,217,3,1,47.34,Not Needed
13313,55604,2024-05-18,11555,468,7,1,18.33,Not Needed
13314,180032,2025-01-04,10650,278,14,1,7.24,Damaged
13315,193092,2025-01-22,20303,147,8,2,9.31,Not Needed
13316,52575,2024-05-03,5386,393,9,1,30.87,Not Needed
13317,327553,2025-10-15,11629,700,17,1,238.02,Not Needed
13318,149236,2024-11-15,21403,94,28,1,4.75,Quality Issue
13319,60097,2024-05-13,16832,163,20,1,2.21,Not Needed
13320,2557,2024-01-12,9168,254,23,1,74.87,Late Delivery
13321,60605,2024-05-12,21101,539,20,1,10.1,Damaged
13322,108378,2024-08-30,14937,449,34,1,15.7,Quality Issue
13323,327872,2025-10-25,7110,564,33,1,3.22,Late Delivery
13324,255057,2025-06-02,23157,43,27,2,17.34,Damaged
13325,306647,2025-08-30,13704,437,28,1,48.18,Quality Issue
13326,232022,2025-04-21,20964,622,15,1,211.9,Late Delivery
13327,291207,2025-08-10,3480,445,8,1,20.61,Wrong Item
13328,345753,2025-11-26,6607,217,33,1,39.12,Wrong Item
13329,271722,2025-06-25,2741,683,1,1,71.11,Not Needed
13330,51878,2024-05-10,13066,480,31,1,6.18,Quality Issue
13331,243932,2025-05-04,2163,266,31,1,36.17,Late Delivery
13332,339670,2025-11-24,13893,409,6,1,12.01,Quality Issue
13333,338982,2025-11-25,1636,317,13,1,12.74,Quality Issue
13334,17003,2024-02-11,8586,333,29,2,36.87,Late Delivery
13335,50145,2024-05-06,2368,382,5,1,5.31,Late Delivery
13336,126413,2024-09-20,16474,48,33,1,0.84,Not Needed
13337,138858,2024-10-29,14663,363,16,1,7.12,Damaged
13338,1339,2024-01-22,3659,142,7,1,18.42,Not Needed
13339,167831,2024-12-09,4057,370,13,1,8.93,Late Delivery
13340,360983,2025-12-22,5155,566,20,1,15.63,Not Needed
13341,1075,2024-01-06,8636,52,18,1,1.16,Damaged
13342,6078,2024-01-16,10419,159,34,2,7.19,Quality Issue
13343,302960,2025-09-06,11285,598,29,1,260.07,Wrong Item
13344,19883,2024-03-05,15785,142,8,1,12.62,Quality Issue
13345,311216,2025-09-23,7667,612,34,1,202.01,Quality Issue
13346,200087,2025-02-05,20955,306,29,2,110.15,Not Needed
13347,238717,2025-04-20,3583,148,3,1,2.83,Wrong Item
13348,288036,2025-08-07,966,131,2,1,6.52,Quality Issue
13349,194168,2025-02-01,15142,137,23,2,40.94,Quality Issue
13350,97473,2024-07-26,7921,503,2,1,25.03,Damaged
13351,284536,2025-07-16,16572,509,3,1,36.17,Quality Issue
13352,31233,2024-03-11,7197,119,21,1,15.04,Not Needed
13353,276279,2025-07-07,10975,57,20,2,0.8,Not Needed
13354,287261,2025-07-18,22857,7,24,2,10.62,Not Needed
13355,76384,2024-06-14,5325,240,27,1,5.91,Quality Issue
13356,104929,2024-08-10,11499,419,17,1,21.91,Quality Issue
13357,159148,2024-12-06,10690,539,1,1,6.85,Damaged
13358,338369,2025-11-09,18448,410,1,1,21.99,Quality Issue
13359,241977,2025-04-27,14531,215,20,2,5.78,Late Delivery
13360,279136,2025-07-02,756,154,8,1,20.59,Not Needed
13361,325489,2025-10-25,11060,99,17,2,6.54,Not Needed
13362,211371,2025-03-05,15306,191,4,2,5.86,Not Needed
13363,230192,2025-04-10,6040,404,32,1,45.32,Quality Issue
13364,181037,2025-01-06,15307,18,1,1,2.83,Quality Issue
13365,25944,2024-03-11,6399,141,2,1,4.36,Not Needed
13366,298870,2025-08-30,22749,293,3,1,41.38,Not Needed
13367,227042,2025-03-31,16124,216,14,1,9.08,Not Needed
13368,305069,2025-08-28,2658,316,1,1,9.63,Quality Issue
13369,334646,2025-11-01,23735,289,21,1,18.3,Late Delivery
13370,91743,2024-07-27,16338,466,17,1,22.28,Not Needed
13371,280924,2025-07-18,648,300,3,1,15.69,Quality Issue
13372,89074,2024-07-12,5533,577,29,1,14.77,Quality Issue
13373,12830,2024-02-15,14321,623,6,1,534.79,Late Delivery
13374,298689,2025-08-30,10266,582,8,2,5.35,Not Needed
13375,67064,2024-05-29,2566,369,23,1,8.08,Late Delivery
13376,235100,2025-04-18,17346,107,8,1,1.76,Not Needed
13377,317470,2025-10-08,8143,114,11,2,9.71,Late Delivery
13378,104522,2024-08-03,6548,123,31,1,11.08,Wrong Item
13379,352182,2025-12-08,349,540,13,1,12.31,Late Delivery
13380,330395,2025-10-21,12784,392,3,1,32.47,Not Needed
13381,325838,2025-10-14,13257,162,14,1,54.98,Wrong Item
13382,53522,2024-05-13,1125,680,11,1,329.34,Quality Issue
13383,94697,2024-07-20,22295,273,25,2,12.23,Quality Issue
13384,278380,2025-07-16,952,92,16,1,1.93,Not Needed
13385,230960,2025-04-01,12772,242,30,2,63.46,Late Delivery
13386,193625,2025-01-29,5720,543,20,1,25.33,Not Needed
13387,302950,2025-09-09,5908,92,32,2,1.51,Quality Issue
13388,61752,2024-05-28,19549,177,28,1,34.41,Not Needed
13389,231800,2025-04-20,3340,181,7,1,4.84,Damaged
13390,71428,2024-05-31,14401,262,33,2,82.68,Late Delivery
13391,10566,2024-01-26,15210,203,25,1,1.95,Late Delivery
13392,305796,2025-08-28,15193,352,21,2,15.84,Wrong Item
13393,238778,2025-04-21,13802,346,27,1,6.84,Not Needed
13394,178955,2024-12-21,5149,18,29,2,3.81,Not Needed
13395,267870,2025-06-14,18650,603,9,1,316.52,Quality Issue
13396,9467,2024-02-01,10658,651,22,1,35.18,Wrong Item
13397,325898,2025-10-18,16870,668,26,1,240.18,Not Needed
13398,101092,2024-08-07,24604,309,17,2,47.35,Damaged
13399,334099,2025-11-07,10006,226,12,1,31.28,Late Delivery
13400,110186,2024-08-21,22121,446,5,1,9.74,Quality Issue
13401,264122,2025-06-17,24539,416,1,1,4.89,Quality Issue
13402,239661,2025-04-28,24145,344,33,2,53.71,Quality Issue
13403,147441,2024-11-08,20817,374,17,2,21.12,Wrong Item
13404,357164,2025-12-28,8851,67,28,1,24.78,Damaged
13405,171473,2024-12-15,8203,351,9,2,79.57,Damaged
13406,133778,2024-10-17,16934,4,31,2,15.07,Wrong Item
13407,288681,2025-07-30,21203,697,21,1,458.38,Quality Issue
13408,112726,2024-09-04,1358,714,18,1,318.93,Late Delivery
13409,63103,2024-05-16,14418,719,3,1,97.32,Late Delivery
13410,213792,2025-02-28,2922,113,29,2,61.19,Late Delivery
13411,114032,2024-08-29,18141,146,32,1,21.7,Not Needed
13412,130484,2024-10-02,21243,8,29,1,7.24,Damaged
13413,100483,2024-08-10,2480,620,29,1,16.19,Late Delivery
13414,59267,2024-05-16,9557,80,6,2,36.68,Not Needed
13415,122196,2024-09-09,10997,674,1,1,121.85,Not Needed
13416,9096,2024-02-05,11665,513,10,2,39.42,Wrong Item
13417,345650,2025-12-03,9970,163,23,1,1.91,Not Needed
13418,15544,2024-02-10,650,67,26,1,19.12,Quality Issue
13419,102566,2024-08-02,8843,150,5,2,4.76,Not Needed
13420,236215,2025-04-22,20323,608,14,2,456.54,Late Delivery
13421,98501,2024-08-11,12997,675,18,1,216.26,Late Delivery
13422,142528,2024-11-04,8695,524,17,2,66.54,Damaged
13423,364135,2026-01-08,13766,640,23,1,210.42,Late Delivery
13424,245155,2025-05-13,5297,528,17,1,22.12,Damaged
13425,98045,2024-08-08,4220,35,31,1,2.99,Quality Issue
13426,250658,2025-05-22,11607,472,28,1,2.12,Late Delivery
13427,110220,2024-09-03,8706,664,33,1,270.97,Not Needed
13428,204973,2025-02-07,7708,119,33,1,27.11,Not Needed
13429,310154,2025-09-11,8565,532,33,1,14.24,Damaged
13430,244473,2025-05-01,9895,680,21,1,322.2,Not Needed
13431,49920,2024-05-01,22227,179,4,2,10.51,Damaged
13432,183492,2024-12-27,23937,525,24,1,51.86,Quality Issue
13433,158825,2024-11-20,12000,611,8,1,20.56,Not Needed
13434,275838,2025-06-28,16177,715,18,1,16.92,Quality Issue
13435,274480,2025-07-06,5936,202,6,2,13.16,Late Delivery
13436,245555,2025-05-12,22128,25,19,2,26.82,Not Needed
13437,112082,2024-08-18,7856,4,29,1,18.58,Not Needed
13438,101693,2024-08-06,1924,552,19,1,18.55,Not Needed
13439,61683,2024-05-25,9202,218,17,1,4.37,Not Needed
13440,228548,2025-04-10,18371,626,23,1,537.51,Damaged
13441,172528,2024-12-20,7305,390,29,2,12.41,Late Delivery
13442,62485,2024-05-13,23363,213,17,1,10.66,Damaged
13443,44991,2024-04-19,6390,261,15,1,11.8,Wrong Item
13444,161953,2024-12-06,15692,441,27,1,23.15,Quality Issue
13445,176421,2024-12-25,19256,547,16,1,1.68,Quality Issue
13446,29909,2024-03-19,2566,116,31,2,25.86,Not Needed
13447,151936,2024-11-05,23507,550,15,1,81.35,Damaged
13448,116187,2024-09-07,16638,256,8,2,63.57,Late Delivery
13449,106575,2024-08-23,316,28,18,1,19.7,Not Needed
13450,130681,2024-10-03,17258,156,14,1,0.83,Damaged
13451,324062,2025-10-11,22731,638,26,1,20.93,Not Needed
13452,128748,2024-09-24,12924,144,19,2,9.87,Quality Issue
13453,330099,2025-10-27,17349,118,8,1,1.81,Quality Issue
13454,77188,2024-06-22,9356,486,29,1,31.04,Late Delivery
13455,179478,2024-12-31,18159,367,20,1,7.72,Not Needed
13456,52268,2024-05-09,3519,156,22,2,3.08,Quality Issue
13457,270842,2025-06-25,12931,492,24,1,34.07,Quality Issue
13458,188822,2025-01-09,5549,111,16,2,18.95,Quality Issue
13459,181198,2024-12-30,22555,249,23,1,34.54,Late Delivery
13460,29767,2024-03-12,17420,335,31,1,43.81,Not Needed
13461,32408,2024-03-25,7338,353,34,1,21.82,Not Needed
13462,253429,2025-06-01,10249,21,23,1,2.3,Late Delivery
13463,132871,2024-10-03,18344,573,21,1,13.56,Damaged
13464,310554,2025-09-22,6006,42,15,1,6.74,Late Delivery
13465,229877,2025-03-30,12115,535,27,2,30.13,Not Needed
13466,294620,2025-08-11,6110,205,21,2,7.22,Not Needed
13467,238658,2025-04-15,22612,96,34,1,1.83,Quality Issue
13468,245645,2025-05-14,455,591,20,1,326.16,Late Delivery
13469,239808,2025-04-28,8574,680,29,1,450.83,Not Needed
13470,358167,2026-01-01,11866,195,13,2,5.65,Not Needed
13471,331013,2025-11-05,597,664,33,1,300.57,Not Needed
13472,31793,2024-03-29,8057,114,29,2,19.37,Quality Issue
13473,150438,2024-11-12,24168,13,2,1,6.95,Not Needed
13474,126001,2024-09-25,7735,222,30,1,4.57,Late Delivery
13475,141290,2024-10-21,7458,492,12,2,15.86,Quality Issue
13476,172385,2024-12-20,14357,149,16,1,1.96,Wrong Item
13477,181427,2024-12-26,23668,592,20,1,405.54,Late Delivery
13478,284809,2025-07-17,11715,483,32,2,5.52,Quality Issue
13479,10525,2024-01-30,1125,360,18,1,16.71,Wrong Item
13480,219286,2025-03-22,14757,435,20,1,25.52,Not Needed
13481,54954,2024-05-15,4466,11,3,1,4.65,Late Delivery
13482,64112,2024-05-17,3135,211,19,1,16.39,Quality Issue
13483,19542,2024-02-18,20808,306,21,1,85.24,Quality Issue
13484,282401,2025-07-15,8370,649,14,1,136.81,Not Needed
13485,363984,2026-01-10,18277,384,32,1,13.72,Quality Issue
13486,98622,2024-07-31,12149,440,18,1,24.25,Quality Issue
13487,83337,2024-07-08,12375,178,15,1,8.12,Damaged
13488,33698,2024-03-19,9490,384,19,1,13.84,Not Needed
13489,89483,2024-07-08,1622,233,4,1,15.67,Not Needed
13490,328792,2025-10-22,3796,53,31,2,10.45,Quality Issue
13491,289751,2025-07-30,19351,435,33,1,3.59,Wrong Item
13492,164707,2024-12-10,24081,75,4,2,21.77,Quality Issue
13493,97502,2024-08-08,21732,151,17,2,9.87,Not Needed
13494,275511,2025-07-07,22637,592,31,1,351.88,Wrong Item
13495,194371,2025-01-19,7432,443,23,1,13.96,Not Needed
13496,67372,2024-05-31,23823,112,8,2,10.91,Damaged
13497,185991,2025-01-15,17858,647,6,1,129.05,Not Needed
13498,252133,2025-05-21,4765,43,26,1,2.64,Late Delivery
13499,219691,2025-03-25,1156,344,29,1,26.98,Late Delivery
13500,250732,2025-05-23,21282,504,8,1,71.44,Quality Issue
13501,28937,2024-03-07,17526,532,15,1,39.71,Not Needed
13502,173207,2024-12-25,20514,196,1,1,12.5,Wrong Item
13503,126114,2024-09-23,16013,53,33,2,10.89,Damaged
13504,178028,2024-12-20,11049,91,9,2,7.28,Late Delivery
13505,232934,2025-04-21,22641,320,28,1,44.12,Late Delivery
13506,240099,2025-04-30,8469,267,33,2,35.21,Quality Issue
13507,220446,2025-03-13,2868,64,18,2,25.46,Quality Issue
13508,132931,2024-10-18,19957,682,13,2,401.51,Damaged
13509,97290,2024-07-30,1169,595,18,1,397.8,Quality Issue
13510,359950,2025-12-31,19285,123,32,2,10.87,Not Needed
13511,63528,2024-05-22,10883,93,5,2,9.67,Quality Issue
13512,252288,2025-05-24,18286,130,33,1,2.13,Damaged
13513,147444,2024-11-10,12369,164,21,1,19.45,Not Needed
13514,147036,2024-11-07,16763,564,32,1,3.26,Not Needed
13515,33355,2024-03-24,24736,142,3,1,8.42,Not Needed
13516,338778,2025-11-15,116,146,18,1,16.72,Damaged
13517,306287,2025-09-12,24201,572,6,1,21.1,Quality Issue
13518,242573,2025-05-09,8026,143,17,1,23.23,Not Needed
13519,97655,2024-07-27,4804,94,30,1,2.16,Quality Issue
13520,203730,2025-02-19,9474,479,14,2,43.68,Not Needed
13521,227601,2025-03-28,9773,595,9,1,172.47,Not Needed
13522,288963,2025-07-28,10472,557,29,1,2.07,Late Delivery
13523,239666,2025-04-23,23354,246,27,1,15.01,Late Delivery
13524,87141,2024-07-16,7884,54,19,2,11.5,Not Needed
13525,1769,2024-01-21,8996,678,4,1,265.14,Not Needed
13526,56778,2024-05-07,5235,702,20,1,342.9,Late Delivery
13527,175896,2024-12-17,19711,171,11,2,20.44,Wrong Item
13528,304786,2025-09-10,2203,181,1,1,2.47,Not Needed
13529,243294,2025-05-08,5597,476,33,1,23.43,Damaged
13530,194887,2025-02-02,6842,161,19,1,32.88,Damaged
13531,301925,2025-08-23,12522,326,13,2,31.61,Not Needed
13532,281772,2025-07-25,11424,27,34,1,12.54,Not Needed
13533,234067,2025-04-09,4753,561,1,1,13.36,Not Needed
13534,89313,2024-07-18,14126,365,9,2,18.07,Not Needed
13535,87807,2024-07-20,23365,477,32,1,12.17,Late Delivery
13536,119037,2024-09-07,14431,52,28,2,7.32,Not Needed
13537,241551,2025-05-01,17223,152,1,1,38.54,Not Needed
13538,288822,2025-07-29,8996,487,17,1,3.17,Damaged
13539,307097,2025-09-07,137,54,15,1,8.26,Quality Issue
13540,51603,2024-05-02,2231,60,2,1,5.9,Late Delivery
13541,300358,2025-08-24,16711,159,32,1,17.56,Late Delivery
13542,271663,2025-06-21,3047,676,15,1,333.35,Not Needed
13543,151967,2024-11-10,4700,174,18,1,2.46,Quality Issue
13544,237029,2025-04-15,7700,532,25,2,51.36,Late Delivery
13545,174557,2024-12-24,17222,200,8,2,20.32,Damaged
13546,204583,2025-02-07,24775,36,3,1,12.89,Not Needed
13547,332123,2025-11-12,1860,60,14,2,19.98,Quality Issue
13548,358444,2025-12-30,10709,329,10,2,16.82,Wrong Item
13549,312849,2025-09-13,7279,198,3,1,3.72,Late Delivery
13550,349229,2025-12-07,11265,445,13,1,15.83,Quality Issue
13551,125095,2024-09-22,22106,274,19,1,20.75,Not Needed
13552,347205,2025-11-27,6336,590,28,1,75.68,Late Delivery
13553,124870,2024-09-26,22709,38,15,1,3.91,Quality Issue
13554,17376,2024-02-23,1133,177,28,1,9.27,Damaged
13555,5117,2024-01-30,10416,429,22,1,7.32,Quality Issue
13556,131001,2024-09-25,11546,566,34,1,46.32,Not Needed
13557,60504,2024-05-25,2997,530,26,2,28.73,Quality Issue
13558,153226,2024-11-20,140,581,3,1,2.37,Late Delivery
13559,357117,2025-12-20,723,213,25,1,4.3,Not Needed
13560,216952,2025-03-11,4998,163,17,1,1.6,Late Delivery
13561,109200,2024-08-31,10585,84,5,1,3.16,Damaged
13562,39878,2024-04-07,4493,442,23,1,3.5,Late Delivery
13563,274667,2025-06-26,24589,6,23,1,2.64,Damaged
13564,298204,2025-08-19,4776,143,10,1,11.56,Late Delivery
13565,6427,2024-01-27,16820,291,8,1,34.11,Not Needed
13566,276615,2025-07-11,17870,67,15,1,19.57,Damaged
13567,265939,2025-06-07,23870,98,32,2,4.56,Not Needed
13568,143465,2024-10-30,20988,466,27,1,58.01,Quality Issue
13569,221729,2025-03-22,8040,29,28,1,25.2,Not Needed
13570,200414,2025-02-03,9697,28,31,1,21.22,Quality Issue
13571,110213,2024-08-26,12139,153,14,2,20.44,Damaged
13572,134009,2024-10-03,16701,644,2,1,255.08,Quality Issue
13573,180677,2024-12-25,5929,205,25,1,6.99,Quality Issue
13574,233072,2025-04-16,21076,192,30,1,19.42,Not Needed
13575,332451,2025-11-14,2304,318,14,1,7.48,Quality Issue
13576,41267,2024-04-18,15661,123,15,1,4.69,Quality Issue
13577,180872,2025-01-08,18628,487,33,1,5.27,Damaged
13578,182605,2025-01-07,22651,192,11,1,30.9,Not Needed
13579,346949,2025-12-03,2380,447,12,1,10.27,Not Needed
13580,365265,2025-12-26,2492,552,14,1,17.69,Not Needed
13581,195545,2025-01-23,6787,236,4,1,11.39,Damaged
13582,34627,2024-03-24,3605,631,30,1,257.07,Not Needed
13583,248023,2025-05-05,9680,132,17,2,12.97,Late Delivery
13584,352295,2025-12-12,6653,287,20,2,50.72,Quality Issue
13585,58635,2024-05-18,19109,203,27,2,8.11,Late Delivery
13586,132788,2024-10-01,4361,214,8,1,31.61,Late Delivery
13587,266562,2025-06-11,4791,372,3,1,12.97,Quality Issue
13588,186504,2025-01-09,10442,68,15,1,26.29,Not Needed
13589,338685,2025-11-20,2489,117,15,1,8.72,Quality Issue
13590,60186,2024-05-28,17287,369,18,1,7.9,Wrong Item
13591,361252,2025-12-26,16058,468,30,1,14.79,Not Needed
13592,6200,2024-01-24,18605,453,2,2,56.91,Damaged
13593,271270,2025-07-02,239,262,30,1,24.92,Late Delivery
13594,308155,2025-09-10,23484,436,4,1,16.42,Wrong Item
13595,228822,2025-04-14,24273,517,31,1,2.53,Quality Issue
13596,321213,2025-10-11,15966,234,21,1,7.55,Not Needed
13597,131322,2024-10-03,1642,661,8,1,377.99,Not Needed
13598,144561,2024-11-10,10971,493,2,2,48.78,Not Needed
13599,9078,2024-01-24,4026,567,21,1,9.24,Damaged
13600,275562,2025-07-07,17252,80,17,1,10.17,Quality Issue
13601,175098,2024-12-24,12339,673,3,1,142.06,Late Delivery
13602,36921,2024-04-10,6634,335,8,1,18.12,Damaged
13603,120937,2024-09-18,10303,227,33,2,12.82,Not Needed
13604,61466,2024-05-11,22698,347,19,1,4.63,Not Needed
13605,329193,2025-10-25,4973,241,31,1,63.09,Quality Issue
13606,30361,2024-03-11,20425,213,14,1,23.58,Damaged
13607,227904,2025-04-07,1704,518,34,1,3.0,Damaged
13608,260455,2025-05-29,9180,171,24,1,11.48,Late Delivery
13609,133168,2024-10-11,8053,626,17,1,450.93,Damaged
13610,165062,2024-12-15,19023,346,25,1,8.82,Quality Issue
13611,2479,2024-01-10,10215,387,6,1,26.06,Not Needed
13612,278891,2025-07-01,3516,544,24,1,1.76,Damaged
13613,306308,2025-09-05,7464,101,8,2,12.23,Quality Issue
13614,132647,2024-10-05,5079,24,18,1,12.09,Damaged
13615,184909,2024-12-31,8860,216,10,2,10.64,Quality Issue
13616,79055,2024-06-29,20174,198,8,1,26.2,Not Needed
13617,178586,2024-12-22,4525,73,30,1,28.15,Late Delivery
13618,316681,2025-10-01,15055,385,27,2,10.21,Not Needed
13619,104412,2024-08-12,17386,77,31,1,33.25,Quality Issue
13620,21259,2024-03-07,5397,258,21,1,11.49,Wrong Item
13621,341965,2025-11-25,17269,40,29,1,15.49,Not Needed
13622,285254,2025-07-28,23003,132,22,2,10.45,Quality Issue
13623,240165,2025-05-03,11552,532,17,1,37.92,Not Needed
13624,318965,2025-10-06,2514,42,30,2,5.61,Quality Issue
13625,154627,2024-11-10,14116,104,17,2,11.73,Not Needed
13626,305064,2025-08-26,2531,31,29,1,1.6,Damaged
13627,153421,2024-11-12,14835,470,7,1,23.79,Quality Issue
13628,62887,2024-05-25,6911,322,7,1,41.51,Quality Issue
13629,178132,2024-12-27,7533,148,18,1,3.89,Late Delivery
13630,338724,2025-11-20,18957,556,16,1,32.24,Quality Issue
13631,244571,2025-05-06,12282,533,21,1,21.11,Damaged
13632,334719,2025-11-13,21673,712,30,1,737.48,Not Needed
13633,246053,2025-05-02,17329,654,27,1,421.34,Wrong Item
13634,183403,2025-01-06,10841,144,24,1,1.77,Quality Issue
13635,47556,2024-04-24,18514,527,20,1,20.07,Late Delivery
13636,259573,2025-06-12,15969,197,6,1,2.05,Not Needed
13637,197084,2025-02-05,3848,44,2,2,41.45,Quality Issue
13638,262035,2025-06-09,344,579,30,1,74.66,Not Needed
13639,349344,2025-12-01,1754,152,8,1,4.09,Late Delivery
13640,181223,2025-01-07,752,685,1,1,200.65,Not Needed
13641,284426,2025-07-12,2285,265,4,1,25.92,Quality Issue
13642,194976,2025-01-19,18935,319,26,1,2.88,Quality Issue
13643,105483,2024-08-06,14297,57,6,2,1.98,Wrong Item
13644,349562,2025-12-03,18830,632,14,1,227.56,Late Delivery
13645,205395,2025-02-14,2061,150,34,2,7.35,Late Delivery
13646,293956,2025-08-01,1632,390,23,1,5.61,Not Needed
13647,307389,2025-09-02,1919,460,22,1,46.55,Damaged
13648,169454,2024-12-07,23768,620,14,1,24.75,Not Needed
13649,221524,2025-03-31,2353,631,8,1,413.16,Not Needed
13650,109646,2024-08-29,10155,190,11,1,6.34,Quality Issue
13651,267828,2025-06-27,13892,569,10,1,13.64,Quality Issue
13652,286241,2025-07-20,5508,44,32,1,15.14,Quality Issue
13653,19776,2024-02-20,23284,455,7,1,5.92,Not Needed
13654,240126,2025-04-25,13857,302,15,2,14.9,Quality Issue
13655,13890,2024-02-10,3672,515,27,1,19.31,Quality Issue
13656,134290,2024-10-06,3226,463,19,1,14.63,Damaged
13657,159134,2024-11-19,22857,613,2,1,448.85,Late Delivery
13658,101654,2024-07-29,2786,263,24,1,19.04,Late Delivery
13659,5679,2024-01-18,22624,382,7,2,11.17,Quality Issue
13660,247425,2025-05-18,18939,244,31,1,49.45,Wrong Item
13661,8706,2024-02-03,8953,3,32,1,9.44,Not Needed
13662,254900,2025-05-25,9772,312,2,2,23.68,Not Needed
13663,229121,2025-04-05,20590,27,5,2,13.92,Not Needed
13664,64586,2024-05-27,8551,376,33,2,45.86,Not Needed
13665,348673,2025-12-13,4719,324,30,2,48.78,Late Delivery
13666,174885,2024-12-18,18002,388,21,1,51.42,Damaged
13667,127789,2024-09-25,4809,397,22,2,17.91,Damaged
13668,323497,2025-10-08,13286,154,25,1,16.93,Damaged
13669,114246,2024-09-06,22910,545,27,1,8.38,Not Needed
13670,42471,2024-04-16,5040,185,25,2,20.89,Damaged
13671,213966,2025-03-15,7810,532,19,1,27.5,Not Needed
13672,108791,2024-08-27,6276,175,7,1,1.87,Quality Issue
13673,356290,2025-12-23,14676,10,8,1,11.12,Damaged
13674,265351,2025-06-21,6816,668,33,1,169.74,Quality Issue
13675,184526,2024-12-28,9650,130,34,1,1.26,Late Delivery
13676,154639,2024-11-19,5913,478,3,1,20.55,Damaged
13677,197354,2025-01-27,1172,511,32,1,20.98,Not Needed
13678,9220,2024-02-10,16549,106,34,2,8.67,Wrong Item
13679,316479,2025-09-24,14907,611,3,1,11.1,Damaged
13680,222600,2025-03-15,12767,232,16,1,49.14,Not Needed
13681,135799,2024-10-07,528,129,2,2,3.74,Damaged
13682,219801,2025-03-19,12058,142,22,1,4.04,Not Needed
13683,271287,2025-06-22,16714,99,30,1,15.57,Quality Issue
13684,86034,2024-07-07,22718,83,19,1,9.7,Quality Issue
13685,336702,2025-11-22,2672,259,28,1,23.55,Damaged
13686,165505,2024-11-30,5019,224,12,1,4.7,Damaged
13687,365590,2026-01-06,14748,240,6,1,5.33,Not Needed
13688,232563,2025-04-15,9509,535,29,1,6.1,Quality Issue
13689,277996,2025-07-16,8971,79,29,1,3.61,Late Delivery
13690,191013,2025-01-09,16580,149,27,1,2.27,Damaged
13691,320009,2025-09-30,2806,602,13,1,78.82,Damaged
13692,303131,2025-08-25,4414,151,20,2,26.27,Wrong Item
13693,231154,2025-04-09,6554,5,14,2,11.78,Damaged
13694,37138,2024-04-03,15163,83,18,1,8.16,Quality Issue
13695,71591,2024-06-08,20636,429,3,1,5.93,Not Needed
13696,52798,2024-04-26,2958,557,8,1,4.25,Quality Issue
13697,220897,2025-03-28,5303,208,23,1,22.34,Not Needed
13698,36677,2024-03-22,13011,453,19,2,120.44,Quality Issue
13699,303950,2025-09-07,21570,110,25,1,13.02,Not Needed
13700,80415,2024-07-03,10112,137,5,2,27.45,Wrong Item
13701,150627,2024-11-17,9498,132,4,1,3.38,Damaged
13702,40361,2024-04-10,18617,524,15,1,24.27,Not Needed
13703,302728,2025-09-08,12582,59,11,2,54.67,Damaged
13704,324221,2025-10-15,12193,291,5,1,18.85,Damaged
13705,291416,2025-08-13,14732,5,33,2,13.76,Quality Issue
13706,368564,2026-01-16,17842,524,23,1,16.51,Wrong Item
13707,18819,2024-02-13,3244,105,18,1,22.13,Damaged
13708,150134,2024-11-18,4702,605,24,2,288.52,Not Needed
13709,135123,2024-10-20,12961,446,29,1,39.34,Not Needed
13710,137434,2024-10-14,6268,34,25,2,10.84,Wrong Item
13711,149387,2024-11-07,2753,406,33,1,16.12,Late Delivery
13712,119134,2024-09-18,3120,321,30,1,92.34,Late Delivery
13713,53226,2024-05-13,23340,223,29,1,26.43,Late Delivery
13714,55570,2024-05-05,19767,578,28,1,13.49,Damaged
13715,68129,2024-06-03,15272,564,24,1,1.68,Not Needed
13716,212048,2025-03-11,15032,70,33,1,4.59,Late Delivery
13717,66820,2024-06-06,22922,541,2,1,25.39,Not Needed
13718,309352,2025-09-19,6217,81,6,2,18.43,Not Needed
13719,269632,2025-06-19,2242,3,29,2,7.69,Late Delivery
13720,150326,2024-11-03,74,118,27,2,5.08,Quality Issue
13721,99053,2024-07-28,23552,95,24,2,13.93,Wrong Item
13722,153889,2024-11-08,769,647,31,1,79.13,Damaged
13723,249803,2025-05-17,8207,593,17,1,16.32,Late Delivery
13724,101042,2024-08-14,18971,142,5,1,17.02,Quality Issue
13725,130902,2024-10-07,15128,6,18,2,5.85,Quality Issue
13726,280146,2025-07-09,6783,234,28,1,6.87,Not Needed
13727,196251,2025-01-26,14604,115,4,1,2.31,Not Needed
13728,313325,2025-09-24,4080,378,29,1,19.28,Late Delivery
13729,122146,2024-09-16,3854,111,7,2,24.35,Not Needed
13730,36190,2024-03-27,6804,532,14,1,23.1,Wrong Item
13731,14475,2024-02-18,18582,252,14,1,7.22,Late Delivery
13732,277979,2025-07-12,14117,86,5,1,10.75,Damaged
13733,250429,2025-05-16,11302,17,14,1,4.25,Late Delivery
13734,29081,2024-03-11,17661,122,4,2,10.7,Late Delivery
13735,287446,2025-08-01,14248,330,25,1,9.29,Quality Issue
13736,82319,2024-07-06,19167,507,14,1,3.8,Not Needed
13737,73832,2024-06-21,19478,185,2,1,4.85,Not Needed
13738,320309,2025-10-07,23613,422,33,1,13.16,Not Needed
13739,257648,2025-05-22,7906,304,30,1,12.34,Quality Issue
13740,366828,2025-12-31,1044,20,12,2,41.19,Wrong Item
13741,239447,2025-04-17,19559,35,31,1,15.71,Damaged
13742,276449,2025-07-08,5474,524,34,1,86.22,Quality Issue
13743,291485,2025-07-27,15576,171,3,2,18.67,Quality Issue
13744,41312,2024-04-02,13913,579,15,1,14.26,Late Delivery
13745,96610,2024-07-20,13517,390,33,1,12.1,Damaged
13746,229127,2025-04-16,9350,391,30,2,17.93,Quality Issue
13747,307309,2025-09-12,6500,392,26,1,27.9,Not Needed
13748,259274,2025-06-10,22885,89,24,2,9.22,Not Needed
13749,42317,2024-04-16,14169,166,28,1,5.57,Not Needed
13750,356913,2025-12-17,24446,695,14,1,224.61,Not Needed
13751,87133,2024-07-15,15619,686,12,1,540.67,Late Delivery
13752,351255,2025-12-08,18625,136,23,1,6.32,Damaged
13753,49488,2024-04-28,5721,569,13,1,13.09,Late Delivery
13754,321561,2025-10-17,20906,220,15,2,14.94,Late Delivery
13755,354477,2025-12-22,505,192,25,1,5.39,Not Needed
13756,330591,2025-10-30,362,222,2,1,28.55,Not Needed
13757,183515,2024-12-27,1879,79,17,2,15.27,Not Needed
13758,21196,2024-02-23,7677,428,25,2,54.5,Damaged
13759,187324,2025-01-14,9907,361,25,2,58.96,Damaged
13760,240212,2025-04-19,677,713,16,1,377.58,Quality Issue
13761,39349,2024-04-12,15874,271,34,1,5.75,Quality Issue
13762,277723,2025-07-10,7427,582,25,1,3.34,Quality Issue
13763,30780,2024-03-14,23467,289,25,1,8.11,Late Delivery
13764,367516,2026-01-12,12581,26,28,2,4.63,Not Needed
13765,37449,2024-03-26,19768,526,27,1,22.67,Late Delivery
13766,277941,2025-07-14,6221,484,31,1,20.0,Damaged
13767,364236,2025-12-29,23823,378,20,2,21.73,Quality Issue
13768,71367,2024-06-13,18152,120,30,1,15.49,Damaged
13769,296389,2025-08-26,24135,280,3,2,58.28,Wrong Item
13770,364394,2026-01-05,7310,144,1,2,13.71,Late Delivery
13771,72130,2024-06-10,6969,435,21,1,16.78,Not Needed
13772,258331,2025-06-01,18054,169,10,2,19.54,Late Delivery
13773,114696,2024-08-23,20275,296,14,1,17.0,Not Needed
13774,301928,2025-08-30,18157,353,24,1,23.97,Quality Issue
13775,301528,2025-08-20,14079,409,20,1,6.28,Not Needed
13776,77444,2024-06-18,2857,89,5,1,4.03,Not Needed
13777,288099,2025-08-01,2926,15,34,2,15.25,Quality Issue
13778,319087,2025-10-12,12464,462,28,2,54.17,Damaged
13779,354994,2025-12-13,1368,234,24,1,10.24,Not Needed
13780,338912,2025-11-15,4659,124,18,1,9.32,Not Needed
13781,75098,2024-06-10,8201,654,9,1,341.61,Damaged
13782,97664,2024-07-29,9926,286,21,1,64.09,Quality Issue
13783,188953,2025-01-18,11141,273,21,1,23.7,Not Needed
13784,117594,2024-09-16,20584,161,29,2,27.83,Damaged
13785,268551,2025-06-19,7403,153,8,2,15.71,Not Needed
13786,6824,2024-01-30,7491,20,27,1,19.44,Not Needed
13787,70404,2024-06-05,20790,304,8,1,6.85,Not Needed
13788,96119,2024-07-19,24722,570,2,1,19.46,Damaged
13789,52958,2024-04-28,21837,306,34,1,13.07,Not Needed
13790,309348,2025-09-23,6698,7,5,1,4.87,Quality Issue
13791,313116,2025-09-16,21163,171,18,1,4.73,Late Delivery
13792,328305,2025-10-31,9779,233,18,1,19.5,Late Delivery
13793,204865,2025-02-24,24807,652,4,1,409.71,Damaged
13794,16737,2024-02-10,9683,255,33,1,26.67,Wrong Item
13795,160982,2024-12-01,18464,144,17,2,4.46,Not Needed
13796,127396,2024-09-24,11666,170,14,1,2.62,Not Needed
13797,324872,2025-10-16,3701,205,23,1,2.26,Not Needed
13798,16370,2024-02-17,8948,213,33,1,4.85,Wrong Item
13799,145887,2024-11-10,12850,408,7,1,9.02,Late Delivery
13800,178405,2024-12-26,19335,146,18,1,7.14,Late Delivery
13801,10225,2024-02-04,10877,65,4,1,12.94,Not Needed
13802,61681,2024-05-18,1968,557,16,1,5.75,Late Delivery
13803,354386,2025-12-17,8207,9,6,2,13.14,Late Delivery
13804,158857,2024-11-23,20836,121,15,1,6.63,Not Needed
13805,20496,2024-02-28,5747,142,32,2,8.17,Damaged
13806,24464,2024-03-09,14007,440,27,1,69.97,Not Needed
13807,303029,2025-08-22,5435,394,29,2,39.19,Damaged
13808,262921,2025-06-04,12402,618,32,1,268.37,Quality Issue
13809,106209,2024-08-20,22854,619,21,1,18.48,Quality Issue
13810,54834,2024-04-29,15172,129,32,2,5.31,Not Needed
13811,315658,2025-09-29,4580,308,22,1,28.7,Quality Issue
13812,257987,2025-05-23,14494,618,33,1,181.61,Not Needed
13813,206230,2025-02-19,11761,427,32,2,4.85,Not Needed
13814,15761,2024-02-22,13940,144,25,1,13.6,Late Delivery
13815,79470,2024-06-30,10020,657,16,1,220.16,Quality Issue
13816,69539,2024-06-13,5005,457,16,2,26.86,Damaged
13817,222712,2025-03-25,18561,162,23,1,4.23,Quality Issue
13818,69651,2024-06-07,843,403,21,2,38.34,Not Needed
13819,87352,2024-07-08,9147,416,17,2,16.59,Damaged
13820,207044,2025-02-19,20703,358,25,2,15.24,Late Delivery
13821,305635,2025-09-02,15250,130,33,1,0.62,Wrong Item
13822,223572,2025-03-27,3187,135,22,1,15.24,Not Needed
13823,255684,2025-05-19,1717,641,11,1,118.27,Damaged
13824,15607,2024-02-16,4442,383,23,2,11.33,Not Needed
13825,55566,2024-05-13,22037,218,29,1,14.83,Quality Issue
13826,313540,2025-09-13,5016,158,34,1,9.26,Quality Issue
13827,313025,2025-10-01,7168,34,14,1,7.29,Not Needed
13828,115650,2024-08-29,2612,384,15,1,12.73,Not Needed
13829,185446,2025-01-14,23674,439,24,1,48.25,Not Needed
13830,328855,2025-11-02,22047,39,22,2,5.27,Damaged
13831,304418,2025-09-01,7717,120,5,2,22.13,Wrong Item
13832,268220,2025-06-18,21033,539,12,1,5.83,Not Needed
13833,114201,2024-09-07,21526,259,11,1,38.89,Late Delivery
13834,117209,2024-08-29,7124,178,6,1,5.13,Quality Issue
13835,116636,2024-09-14,13281,370,34,1,16.35,Not Needed
13836,189127,2025-01-16,21691,7,10,1,19.14,Damaged
13837,73419,2024-06-13,19835,89,18,1,5.39,Late Delivery
13838,282945,2025-07-18,22632,408,21,2,15.72,Quality Issue
13839,352280,2025-12-21,6350,335,9,1,11.58,Not Needed
13840,15482,2024-02-15,10372,376,18,1,47.74,Late Delivery
13841,50391,2024-04-23,19537,446,33,1,17.22,Quality Issue
13842,11079,2024-01-27,22342,118,20,2,3.56,Late Delivery
13843,117163,2024-09-16,20700,122,12,1,20.28,Late Delivery
13844,337693,2025-11-09,2811,41,34,1,16.07,Wrong Item
13845,87881,2024-07-17,4211,96,15,2,3.72,Not Needed
13846,367440,2026-01-15,16364,156,27,2,4.35,Damaged
13847,330477,2025-11-08,11844,203,12,1,0.66,Late Delivery
13848,100833,2024-08-07,12669,88,14,2,14.3,Not Needed
13849,14353,2024-02-10,7786,223,13,2,18.61,Late Delivery
13850,68251,2024-05-30,1741,466,33,1,24.92,Wrong Item
13851,44473,2024-04-07,737,184,30,1,3.54,Not Needed
13852,226559,2025-03-27,1516,5,5,2,29.28,Quality Issue
13853,324046,2025-10-15,300,19,8,1,4.81,Not Needed
13854,238671,2025-04-22,22339,356,18,1,29.76,Late Delivery
13855,311228,2025-09-11,4341,192,17,1,24.42,Damaged
13856,360133,2025-12-28,18422,273,32,1,19.09,Damaged
13857,336376,2025-11-09,19193,290,15,1,15.8,Wrong Item
13858,29629,2024-03-26,3545,403,24,2,30.89,Quality Issue
13859,217363,2025-03-09,15764,245,25,1,7.24,Quality Issue
13860,268681,2025-06-17,15990,137,16,2,43.18,Wrong Item
13861,249744,2025-05-22,2605,149,5,1,1.24,Quality Issue
13862,78413,2024-06-28,13771,570,27,1,17.15,Damaged
13863,42242,2024-04-17,5950,111,34,1,4.26,Damaged
13864,312964,2025-09-24,17307,195,2,1,3.4,Late Delivery
13865,223192,2025-03-19,21504,40,9,1,4.48,Wrong Item
13866,300805,2025-08-29,10685,622,28,1,84.22,Not Needed
13867,161756,2024-11-26,24179,510,3,2,40.59,Not Needed
13868,267591,2025-06-18,7908,351,24,1,29.79,Damaged
13869,228200,2025-04-08,8533,174,11,1,8.49,Wrong Item
13870,352106,2025-12-19,1983,489,19,1,41.2,Not Needed
13871,204042,2025-02-06,13432,687,28,1,278.79,Not Needed
13872,139218,2024-10-17,14884,268,21,1,17.67,Late Delivery
13873,195297,2025-02-01,6399,153,26,1,2.89,Not Needed
13874,145787,2024-10-29,22558,241,12,1,23.6,Quality Issue
13875,37649,2024-03-31,20138,23,29,2,15.72,Damaged
13876,190043,2025-01-18,18053,109,3,2,7.97,Wrong Item
13877,107686,2024-08-15,3794,705,14,1,49.73,Damaged
13878,334830,2025-11-13,15986,125,33,1,36.59,Quality Issue
13879,246636,2025-05-09,16479,253,8,1,16.24,Quality Issue
13880,35579,2024-03-29,1991,471,11,1,21.81,Wrong Item
13881,361901,2026-01-06,955,508,33,2,31.69,Quality Issue
13882,217446,2025-03-16,1976,660,2,1,214.98,Not Needed
13883,216707,2025-03-05,21900,39,5,2,9.51,Late Delivery
13884,104402,2024-08-07,21118,54,9,2,12.56,Late Delivery
13885,50026,2024-05-01,20206,47,16,1,27.96,Wrong Item
13886,292931,2025-08-18,19975,473,21,1,6.28,Not Needed
13887,285047,2025-07-30,21244,545,17,1,3.87,Quality Issue
13888,19118,2024-02-14,1001,146,7,2,9.38,Damaged
13889,21179,2024-02-25,21565,143,30,2,29.23,Not Needed
13890,167397,2024-12-15,9011,396,21,1,11.89,Wrong Item
13891,269020,2025-06-14,19818,484,33,1,20.14,Wrong Item
13892,135878,2024-10-11,6045,460,16,1,24.38,Wrong Item
13893,295448,2025-08-12,7057,324,22,1,56.98,Quality Issue
13894,203677,2025-02-13,6998,488,3,2,10.06,Not Needed
13895,34278,2024-03-27,7803,497,10,1,6.34,Not Needed
13896,25792,2024-03-01,24456,23,33,2,21.72,Damaged
13897,360383,2026-01-04,408,166,6,2,5.87,Not Needed
13898,39489,2024-04-11,22164,393,4,1,11.16,Late Delivery
13899,66235,2024-05-25,7476,690,29,1,334.12,Late Delivery
13900,176552,2024-12-16,21199,195,14,1,3.38,Damaged
13901,207457,2025-02-20,5684,148,22,2,10.4,Quality Issue
13902,55765,2024-05-06,21481,19,3,1,6.99,Quality Issue
13903,95990,2024-08-05,23382,170,27,1,3.71,Late Delivery
13904,337243,2025-11-18,6276,218,23,1,8.06,Not Needed
13905,341468,2025-11-17,10975,175,15,1,1.39,Late Delivery
13906,358183,2026-01-01,13273,54,9,1,2.96,Damaged
13907,179769,2025-01-02,15663,235,34,1,15.65,Not Needed
13908,358539,2025-12-23,16208,138,23,2,31.12,Not Needed
13909,94113,2024-07-28,12479,651,14,1,22.08,Damaged
13910,193398,2025-01-31,19273,710,13,1,46.4,Not Needed
13911,144233,2024-10-25,24925,176,11,1,4.18,Late Delivery
13912,334398,2025-11-12,8691,487,18,1,17.92,Late Delivery
13913,89940,2024-07-06,11938,7,32,1,2.74,Not Needed
13914,277738,2025-07-16,17658,174,21,1,19.08,Wrong Item
13915,7886,2024-01-21,6419,93,7,2,14.61,Wrong Item
13916,135472,2024-10-17,13837,419,11,1,36.09,Not Needed
13917,187713,2025-01-18,14338,114,16,1,4.97,Quality Issue
13918,302078,2025-08-20,10382,702,29,1,207.67,Not Needed
13919,272470,2025-06-22,23596,113,3,2,24.19,Not Needed
13920,5504,2024-02-02,24737,20,32,1,10.33,Not Needed
13921,85245,2024-07-16,22703,152,20,1,4.63,Damaged
13922,158574,2024-11-25,15816,216,12,2,10.48,Late Delivery
13923,176359,2024-12-15,10208,393,25,1,21.67,Late Delivery
13924,3308,2024-01-13,11921,500,15,1,28.16,Damaged
13925,14585,2024-02-22,6234,206,6,1,4.31,Damaged
13926,85907,2024-07-03,9804,241,9,1,22.7,Wrong Item
13927,341470,2025-11-19,3202,174,16,1,11.19,Damaged
13928,47528,2024-04-14,12506,661,14,1,366.53,Not Needed
13929,180820,2024-12-26,5072,176,16,1,14.39,Late Delivery
13930,7354,2024-01-19,92,716,23,1,307.88,Damaged
13931,177666,2025-01-04,5323,153,5,1,20.88,Quality Issue
13932,347420,2025-12-05,13923,25,30,1,13.95,Quality Issue
13933,71252,2024-06-17,17254,476,19,1,23.36,Not Needed
13934,178379,2024-12-31,23884,701,20,1,251.53,Not Needed
13935,296828,2025-08-24,17343,672,14,1,91.87,Damaged
13936,303450,2025-09-10,7291,405,18,1,16.17,Late Delivery
13937,339809,2025-11-25,20368,104,11,2,40.62,Late Delivery
13938,302891,2025-08-26,5734,380,32,1,18.51,Not Needed
13939,169707,2024-12-21,18515,121,29,2,12.2,Damaged
13940,168038,2024-12-09,17865,3,20,1,13.76,Not Needed
13941,73585,2024-06-05,1284,163,29,1,4.83,Quality Issue
13942,300203,2025-08-24,2778,224,23,1,4.22,Not Needed
13943,26870,2024-03-13,23750,52,2,1,6.04,Damaged
13944,225364,2025-03-22,14102,138,1,2,14.28,Damaged
13945,13962,2024-02-14,15432,253,22,1,36.86,Quality Issue
13946,161129,2024-11-22,23431,66,22,2,4.07,Quality Issue
13947,54520,2024-05-08,119,19,12,1,16.03,Quality Issue
13948,115440,2024-09-03,9034,13,3,2,13.74,Late Delivery
13949,295598,2025-08-16,19995,264,18,1,15.34,Late Delivery
13950,46880,2024-04-26,1283,223,19,1,9.92,Not Needed
13951,76171,2024-06-13,24885,121,24,2,10.92,Late Delivery
13952,166040,2024-12-15,12507,107,31,1,4.62,Not Needed
13953,50191,2024-05-05,2226,212,7,1,14.52,Wrong Item
13954,154798,2024-11-16,3486,517,30,1,1.96,Not Needed
13955,284988,2025-07-27,4048,254,32,1,17.8,Damaged
13956,46695,2024-04-28,24547,73,18,2,5.43,Not Needed
13957,147699,2024-11-11,17283,417,9,1,18.13,Quality Issue
13958,35791,2024-03-25,22636,94,12,1,5.42,Damaged
13959,288024,2025-08-03,11275,494,20,1,2.88,Quality Issue
13960,222436,2025-03-22,4014,249,2,1,111.17,Quality Issue
13961,86468,2024-07-13,105,8,6,1,10.53,Damaged
13962,368891,2026-01-20,1415,531,13,1,9.89,Damaged
13963,274909,2025-07-12,2819,552,34,1,43.52,Quality Issue
13964,17669,2024-02-29,21682,54,14,2,3.11,Damaged
13965,276391,2025-07-09,18710,270,17,2,35.39,Damaged
13966,131930,2024-09-28,16756,64,27,1,54.1,Late Delivery
13967,300757,2025-08-31,562,138,29,1,50.28,Wrong Item
13968,303233,2025-08-29,5782,115,10,1,3.98,Quality Issue
13969,338103,2025-11-21,8378,118,9,1,0.92,Not Needed
13970,58239,2024-05-15,19853,699,8,1,431.62,Not Needed
13971,282376,2025-07-08,23974,130,24,2,2.65,Not Needed
13972,215871,2025-03-06,10813,9,25,2,19.59,Late Delivery
13973,4030,2024-01-17,7174,36,14,1,6.21,Damaged
13974,242695,2025-04-26,7784,538,19,2,14.86,Quality Issue
13975,227672,2025-03-30,21401,588,11,1,324.61,Late Delivery
13976,328032,2025-10-24,23348,457,29,2,42.33,Damaged
13977,197028,2025-02-06,17903,572,9,1,13.53,Damaged
13978,316506,2025-10-06,21468,346,32,2,17.11,Wrong Item
13979,91332,2024-07-16,19039,212,12,1,2.18,Quality Issue
13980,262044,2025-06-08,10254,85,5,1,16.99,Quality Issue
13981,294092,2025-08-07,1728,119,18,1,28.22,Wrong Item
13982,279465,2025-07-08,16538,232,30,1,17.21,Quality Issue
13983,148576,2024-11-18,5868,495,14,1,29.12,Quality Issue
13984,329410,2025-10-27,16293,365,17,1,5.64,Quality Issue
13985,198741,2025-02-05,23282,262,25,1,25.03,Quality Issue
13986,294672,2025-08-05,4888,352,11,1,15.41,Damaged
13987,26248,2024-03-15,7967,193,15,2,15.16,Late Delivery
13988,71589,2024-06-19,15529,209,5,2,8.2,Not Needed
13989,136934,2024-10-19,22354,194,20,1,5.8,Quality Issue
13990,319943,2025-10-02,11097,529,5,1,54.78,Late Delivery
13991,121152,2024-09-06,16987,506,29,1,19.97,Not Needed
13992,335423,2025-11-15,6412,542,14,2,7.68,Damaged
13993,142056,2024-10-17,12207,366,2,1,2.29,Wrong Item
13994,273908,2025-06-30,15919,145,19,1,33.3,Late Delivery
13995,316235,2025-09-28,9301,128,16,2,28.53,Damaged
13996,246402,2025-05-09,18809,104,31,1,38.88,Not Needed
13997,4269,2024-01-22,429,463,17,1,9.92,Not Needed
13998,14421,2024-02-03,6822,696,8,1,226.92,Not Needed
13999,169476,2024-12-17,17896,235,18,1,18.39,Quality Issue
14000,33318,2024-03-25,15576,89,18,1,5.05,Quality Issue
14001,67864,2024-05-24,12991,315,23,2,9.38,Quality Issue
14002,275297,2025-06-30,14679,297,32,2,29.12,Quality Issue
14003,207513,2025-02-22,1217,481,1,2,48.29,Not Needed
14004,20612,2024-02-28,5926,454,21,1,30.53,Not Needed
14005,250573,2025-05-15,19623,15,6,2,24.88,Damaged
14006,32538,2024-03-27,1137,195,20,1,9.29,Not Needed
14007,93116,2024-07-17,453,331,18,1,31.11,Late Delivery
14008,175033,2024-12-16,19837,519,25,1,11.02,Not Needed
14009,183694,2025-01-06,10693,348,18,1,22.73,Quality Issue
14010,32779,2024-04-01,10687,501,8,1,19.05,Quality Issue
14011,217661,2025-03-12,15334,347,19,1,2.47,Quality Issue
14012,367245,2026-01-01,13886,294,21,2,40.55,Quality Issue
14013,139702,2024-10-24,3567,270,10,2,33.39,Wrong Item
14014,288373,2025-07-28,11526,237,4,1,19.0,Quality Issue
14015,23055,2024-03-11,21389,302,27,2,11.02,Damaged
14016,252895,2025-05-27,18518,175,28,2,7.79,Quality Issue
14017,276991,2025-06-29,6434,60,18,2,11.76,Late Delivery
14018,21776,2024-02-27,2876,198,31,1,4.17,Not Needed
14019,111237,2024-08-28,14893,20,2,2,26.89,Late Delivery
14020,106999,2024-08-14,12095,475,33,2,28.2,Not Needed
14021,77334,2024-06-16,24029,30,21,1,3.7,Quality Issue
14022,3776,2024-01-18,9656,127,23,2,22.75,Damaged
14023,250821,2025-05-27,18018,338,14,1,11.5,Not Needed
14024,180017,2024-12-25,1505,8,2,1,1.0,Quality Issue
14025,146143,2024-11-06,5648,523,6,2,58.0,Not Needed
14026,83212,2024-07-02,16581,136,9,2,18.68,Damaged
14027,172293,2024-12-21,14697,28,15,1,13.63,Wrong Item
14028,249529,2025-05-23,23304,215,18,2,13.31,Not Needed
14029,317765,2025-10-03,15298,697,21,1,410.8,Damaged
14030,261545,2025-06-17,21762,185,18,2,26.82,Quality Issue
14031,164721,2024-12-10,9706,388,34,1,23.85,Damaged
14032,143608,2024-10-31,16689,33,18,1,8.29,Not Needed
14033,335461,2025-11-19,23141,363,29,1,5.45,Quality Issue
14034,239025,2025-04-20,6953,606,5,1,265.3,Wrong Item
14035,353144,2025-12-22,11190,106,9,2,9.0,Damaged
14036,76726,2024-06-17,4795,369,20,1,22.5,Late Delivery
14037,289579,2025-08-06,11674,690,3,1,376.58,Late Delivery
14038,363042,2025-12-23,3287,430,14,1,7.19,Quality Issue
14039,282862,2025-07-13,14880,159,17,1,5.79,Late Delivery
14040,71288,2024-06-08,5426,133,15,2,6.75,Late Delivery
14041,29848,2024-03-15,20787,2,8,1,3.79,Late Delivery
14042,298356,2025-08-16,15078,467,5,2,31.34,Not Needed
14043,228250,2025-04-13,13631,207,3,1,6.01,Wrong Item
14044,335634,2025-11-18,18929,53,28,1,6.15,Not Needed
14045,169697,2024-12-11,2436,51,17,1,8.37,Quality Issue
14046,341260,2025-11-26,21585,515,28,1,11.45,Wrong Item
14047,354324,2025-12-07,21848,131,14,1,7.49,Damaged
14048,64414,2024-05-22,15492,116,22,1,11.71,Quality Issue
14049,335771,2025-11-13,841,3,34,1,8.56,Damaged
14050,156983,2024-11-25,14797,152,2,1,2.95,Quality Issue
14051,326113,2025-10-23,9402,299,26,1,25.86,Damaged
14052,108540,2024-08-22,17285,594,32,1,88.11,Late Delivery
14053,179717,2024-12-23,20174,173,2,1,32.94,Late Delivery
14054,173138,2024-12-11,13828,32,23,1,19.65,Not Needed
14055,110713,2024-09-01,2704,102,1,2,4.07,Late Delivery
14056,201786,2025-02-11,22425,544,28,1,1.51,Not Needed
14057,295795,2025-08-20,24217,125,8,1,10.5,Damaged
14058,4728,2024-01-27,7906,356,8,2,54.02,Damaged
14059,131007,2024-09-26,13863,500,5,1,21.56,Wrong Item
14060,99856,2024-08-05,17006,515,26,1,22.16,Wrong Item
14061,107962,2024-08-19,23848,409,15,1,6.32,Late Delivery
14062,273597,2025-06-28,3853,27,15,2,7.26,Damaged
14063,82890,2024-06-23,4037,262,33,2,48.53,Quality Issue
14064,162459,2024-11-30,23909,679,4,1,173.5,Not Needed
14065,131483,2024-10-07,7489,287,2,1,13.62,Not Needed
14066,325414,2025-10-21,22332,478,20,1,36.8,Not Needed
14067,24546,2024-03-03,14992,354,6,1,7.91,Not Needed
14068,255625,2025-05-22,14230,360,29,1,15.59,Not Needed
14069,94404,2024-07-30,23040,420,13,2,78.13,Not Needed
14070,258772,2025-05-30,11012,100,8,2,8.63,Late Delivery
14071,190887,2025-01-18,22547,29,34,2,43.46,Damaged
14072,158038,2024-11-23,11686,524,9,1,30.1,Wrong Item
14073,255592,2025-05-26,10569,13,9,1,19.09,Damaged
14074,79805,2024-07-04,18141,86,19,1,16.79,Late Delivery
14075,265495,2025-06-05,15018,215,32,1,24.51,Quality Issue
14076,13470,2024-02-17,7101,499,28,1,11.08,Damaged
14077,12507,2024-02-11,17919,345,29,1,101.94,Not Needed
14078,187989,2025-01-09,5981,54,20,2,11.29,Quality Issue
14079,56251,2024-05-03,23734,422,23,1,10.69,Not Needed
14080,345945,2025-11-28,18764,129,24,2,3.17,Wrong Item
14081,85037,2024-07-10,681,429,27,1,3.19,Not Needed
14082,207920,2025-02-24,18381,279,24,1,126.78,Not Needed
14083,181751,2024-12-27,23849,100,15,1,23.78,Quality Issue
14084,364890,2026-01-06,4496,89,26,2,8.31,Quality Issue
14085,244038,2025-05-04,3602,153,9,1,10.32,Not Needed
14086,265881,2025-06-14,16531,95,11,2,9.5,Late Delivery
14087,261487,2025-06-12,1780,548,30,1,25.14,Quality Issue
14088,196948,2025-01-22,10421,126,28,2,7.74,Wrong Item
14089,102709,2024-08-04,13384,649,20,1,153.49,Quality Issue
14090,342939,2025-11-24,23024,132,32,1,12.26,Not Needed
14091,279092,2025-07-19,20509,361,26,2,98.42,Quality Issue
14092,227339,2025-04-09,8323,121,7,2,15.23,Not Needed
14093,81523,2024-06-20,5128,674,27,1,137.41,Late Delivery
14094,61506,2024-05-20,4181,703,8,1,269.74,Not Needed
14095,328947,2025-10-28,11338,543,16,2,30.34,Wrong Item
14096,255903,2025-05-23,12045,80,14,2,28.92,Quality Issue
14097,116259,2024-09-13,5378,143,18,1,20.73,Late Delivery
14098,337530,2025-11-10,2494,77,31,2,41.08,Damaged
14099,248035,2025-05-14,22761,138,6,2,9.76,Not Needed
14100,314411,2025-09-15,21208,159,11,1,33.1,Not Needed
14101,60606,2024-05-24,7474,184,23,2,10.71,Not Needed
14102,330574,2025-11-05,24225,318,7,1,10.51,Damaged
14103,183539,2025-01-09,2617,116,1,1,13.14,Late Delivery
14104,354002,2025-12-16,19707,187,6,1,6.47,Not Needed
14105,62219,2024-05-18,17575,213,18,2,14.85,Not Needed
14106,42568,2024-04-03,8381,291,32,1,22.87,Late Delivery
14107,361328,2026-01-03,15711,708,29,1,58.52,Not Needed
14108,100732,2024-08-08,16235,161,16,1,10.22,Quality Issue
14109,233606,2025-04-23,5427,236,29,1,7.18,Not Needed
14110,228459,2025-04-06,11418,29,24,1,27.34,Late Delivery
14111,54696,2024-05-15,13254,138,33,2,18.86,Not Needed
14112,341042,2025-11-24,14344,521,12,1,5.13,Not Needed
14113,301959,2025-09-04,4412,413,33,1,4.2,Not Needed
14114,164859,2024-12-12,15925,423,15,2,44.1,Wrong Item
14115,91401,2024-07-20,7932,258,5,1,3.81,Wrong Item
14116,258183,2025-06-07,21502,673,26,1,226.33,Late Delivery
14117,362385,2026-01-05,13382,245,5,1,4.34,Quality Issue
14118,172827,2024-12-27,4707,543,21,1,7.87,Late Delivery
14119,205292,2025-02-09,456,222,18,1,6.12,Late Delivery
14120,131793,2024-10-06,3831,46,21,1,14.44,Not Needed
14121,12853,2024-02-13,13902,272,5,2,51.13,Quality Issue
14122,354102,2025-12-23,16402,301,14,2,55.46,Wrong Item
14123,53292,2024-05-12,21509,335,27,1,16.72,Damaged
14124,187450,2025-01-16,8530,410,5,1,19.65,Late Delivery
14125,146364,2024-11-01,3941,36,26,2,10.47,Not Needed
14126,249859,2025-05-16,13662,344,18,2,130.26,Damaged
14127,57607,2024-05-22,11637,151,18,2,8.8,Damaged
14128,239296,2025-04-25,16895,442,13,1,6.76,Not Needed
14129,133442,2024-10-12,97,465,13,1,3.05,Late Delivery
14130,232578,2025-04-04,14760,5,19,2,10.47,Late Delivery
14131,328389,2025-10-31,7138,186,21,2,3.84,Late Delivery
14132,78521,2024-06-15,10281,102,3,2,9.24,Late Delivery
14133,326606,2025-10-18,8490,93,19,1,3.23,Quality Issue
14134,310628,2025-09-20,6242,193,9,2,7.24,Not Needed
14135,234813,2025-04-21,3656,174,9,1,1.88,Damaged
14136,12687,2024-02-12,2179,405,30,2,82.03,Late Delivery
14137,161800,2024-12-05,9493,102,3,1,6.56,Late Delivery
14138,133609,2024-10-11,3746,23,26,1,5.83,Wrong Item
14139,219560,2025-03-28,21671,345,18,1,54.31,Wrong Item
14140,35517,2024-03-29,14808,232,24,1,16.77,Quality Issue
14141,301944,2025-08-21,2780,254,12,1,14.82,Quality Issue
14142,301993,2025-09-02,23886,73,33,2,11.13,Not Needed
14143,178490,2024-12-26,22128,100,30,2,21.99,Not Needed
14144,205267,2025-02-26,12504,306,7,1,28.74,Quality Issue
14145,285322,2025-08-02,16430,175,24,2,10.95,Not Needed
14146,200181,2025-02-05,21523,467,10,1,15.3,Quality Issue
14147,256382,2025-05-30,8748,185,16,1,3.92,Late Delivery
14148,258797,2025-05-30,6751,8,32,1,2.37,Not Needed
14149,345556,2025-12-02,22904,194,21,2,1.94,Not Needed
14150,301447,2025-08-22,6070,35,9,1,3.33,Damaged
14151,191626,2025-01-24,18375,194,20,2,2.58,Late Delivery
14152,247090,2025-05-10,11452,161,2,2,17.25,Quality Issue
14153,213437,2025-03-11,14127,127,12,1,5.74,Quality Issue
14154,20461,2024-02-17,10581,468,7,1,9.84,Not Needed
14155,21561,2024-02-20,15394,403,17,1,25.87,Damaged
14156,275877,2025-07-11,24112,596,34,1,410.53,Quality Issue
14157,230675,2025-04-16,24247,386,11,1,25.06,Damaged
14158,111073,2024-09-04,23339,492,15,1,11.82,Late Delivery
14159,126567,2024-09-16,18740,494,16,1,2.21,Not Needed
14160,114590,2024-09-03,11104,26,20,1,4.31,Quality Issue
14161,210676,2025-03-07,16366,436,10,1,15.64,Not Needed
14162,17894,2024-02-23,7909,274,11,1,25.94,Not Needed
14163,326891,2025-10-27,6007,239,29,1,22.36,Damaged
14164,78745,2024-06-28,7297,293,11,2,34.42,Not Needed
14165,313621,2025-09-20,17022,72,5,2,3.05,Quality Issue
14166,6261,2024-02-04,5968,622,4,1,112.21,Late Delivery
14167,188631,2025-01-15,8348,75,28,2,21.04,Not Needed
14168,18387,2024-02-27,22538,225,5,1,16.18,Late Delivery
14169,39323,2024-03-31,20607,305,33,1,30.99,Not Needed
14170,41173,2024-04-08,22647,633,28,1,340.78,Damaged
14171,27668,2024-03-11,1783,295,14,2,132.85,Quality Issue
14172,301762,2025-09-06,20972,640,23,1,187.73,Quality Issue
14173,5248,2024-02-01,24411,145,19,1,19.85,Not Needed
14174,237504,2025-04-28,2495,553,32,1,11.72,Not Needed
14175,335106,2025-11-05,1583,30,9,1,1.03,Not Needed
14176,28170,2024-03-20,9312,197,24,2,3.34,Damaged
14177,223024,2025-03-18,16367,445,32,1,16.51,Damaged
14178,244045,2025-05-10,3652,39,9,1,3.22,Not Needed
14179,265504,2025-06-21,5779,114,18,1,15.45,Quality Issue
14180,311557,2025-09-14,20178,436,5,1,10.71,Damaged
14181,121010,2024-09-23,2029,501,24,1,15.51,Late Delivery
14182,54658,2024-05-09,12732,465,18,2,8.55,Wrong Item
14183,28904,2024-03-14,23351,24,29,1,25.18,Quality Issue
14184,169494,2024-12-22,2618,565,16,2,43.87,Damaged
14185,94305,2024-08-01,10357,458,33,1,16.28,Wrong Item
14186,152994,2024-11-08,992,652,6,1,219.91,Quality Issue
14187,136001,2024-10-19,3167,710,14,1,93.82,Quality Issue
14188,130485,2024-10-04,4773,308,18,1,18.15,Not Needed
14189,340989,2025-11-29,24143,1,26,2,2.13,Wrong Item
14190,263768,2025-06-04,21894,44,4,1,23.4,Damaged
14191,190253,2025-01-10,22036,437,8,1,19.88,Quality Issue
14192,332124,2025-10-29,10367,630,4,1,244.18,Not Needed
14193,84347,2024-07-08,11727,437,22,2,37.31,Quality Issue
14194,136877,2024-10-23,22379,556,2,1,21.65,Quality Issue
14195,172299,2024-12-16,2203,696,10,1,216.36,Late Delivery
14196,132687,2024-10-12,12149,232,26,1,30.12,Not Needed
14197,232063,2025-04-04,10672,239,27,2,37.59,Quality Issue
14198,119258,2024-09-10,20052,92,7,1,3.77,Not Needed
14199,238035,2025-05-02,16221,427,5,2,8.48,Not Needed
14200,156163,2024-11-26,23683,117,30,1,29.96,Quality Issue
14201,359314,2025-12-22,8431,238,4,1,12.33,Quality Issue
14202,305683,2025-09-06,8109,531,18,1,18.32,Late Delivery
14203,200527,2025-02-06,17697,16,8,1,7.97,Not Needed
14204,189303,2025-01-25,22195,414,20,2,46.3,Late Delivery
14205,4025,2024-01-26,24816,142,18,1,22.32,Quality Issue
14206,87427,2024-07-02,5904,371,6,1,10.03,Late Delivery
14207,266941,2025-06-21,2499,95,21,1,4.37,Not Needed
14208,56992,2024-05-12,21355,60,4,2,12.96,Quality Issue
14209,233715,2025-04-10,10883,93,6,1,4.57,Not Needed
14210,277722,2025-07-17,18210,165,21,2,26.7,Not Needed
14211,293839,2025-08-11,1603,628,22,1,381.61,Not Needed
14212,355677,2025-12-26,4727,139,6,1,5.67,Not Needed
14213,176939,2025-01-04,24734,609,7,1,274.51,Not Needed
14214,349799,2025-12-03,21160,524,34,2,76.92,Late Delivery
14215,252039,2025-05-27,21433,591,13,1,256.51,Not Needed
14216,26647,2024-03-16,12805,622,17,1,68.24,Wrong Item
14217,338102,2025-11-16,16956,70,29,1,6.41,Wrong Item
14218,135578,2024-10-12,12727,301,5,1,13.3,Quality Issue
14219,17548,2024-02-25,23705,309,32,2,33.53,Damaged
14220,35266,2024-03-25,6351,115,28,2,4.18,Quality Issue
14221,126443,2024-10-02,17048,148,21,1,2.66,Late Delivery
14222,184849,2025-01-16,15818,380,10,1,40.98,Not Needed
14223,43593,2024-04-17,23314,109,1,1,13.9,Not Needed
14224,327986,2025-10-23,15684,320,32,1,22.71,Not Needed
14225,186369,2025-01-15,10384,506,20,1,10.02,Quality Issue
14226,23531,2024-02-25,8482,554,9,1,8.0,Not Needed
14227,200861,2025-02-16,24749,290,32,1,9.91,Quality Issue
14228,123016,2024-09-09,22483,179,30,1,5.5,Damaged
14229,342461,2025-11-24,6317,251,13,1,13.76,Damaged
14230,326716,2025-10-26,5763,407,29,2,20.69,Quality Issue
14231,144922,2024-11-01,14267,122,18,1,2.84,Damaged
14232,140726,2024-10-19,2438,100,10,1,6.92,Late Delivery
14233,112612,2024-08-26,4537,649,11,1,176.47,Not Needed
14234,102582,2024-08-10,22408,126,33,2,10.37,Quality Issue
14235,11462,2024-02-14,6956,308,18,2,72.67,Late Delivery
14236,352033,2025-12-06,10492,12,34,1,42.76,Late Delivery
14237,275707,2025-07-06,13461,109,20,1,12.17,Not Needed
14238,204548,2025-02-10,13583,332,27,1,18.9,Quality Issue
14239,72940,2024-06-04,16204,69,33,1,2.5,Not Needed
14240,363642,2026-01-05,1784,586,19,1,211.69,Quality Issue
14241,337800,2025-11-13,3092,165,32,1,26.32,Not Needed
14242,187010,2025-01-01,1980,422,22,1,8.26,Wrong Item
14243,181299,2025-01-08,5549,176,22,2,6.35,Quality Issue
14244,31948,2024-03-26,24405,548,26,1,25.87,Damaged
14245,223453,2025-03-31,14294,413,29,1,8.51,Late Delivery
14246,336270,2025-11-22,13003,111,15,1,7.91,Quality Issue
14247,128094,2024-10-03,3322,304,33,1,8.89,Not Needed
14248,181069,2025-01-09,5755,6,32,1,3.59,Wrong Item
14249,70806,2024-06-11,14270,315,20,2,5.41,Not Needed
14250,230426,2025-03-30,20174,153,21,1,21.99,Late Delivery
14251,228154,2025-04-08,21305,284,20,1,60.3,Wrong Item
14252,251967,2025-05-17,20223,155,6,1,4.63,Late Delivery
14253,101030,2024-08-03,17253,150,33,2,8.41,Not Needed
14254,360695,2026-01-01,21562,200,13,1,6.23,Not Needed
14255,248040,2025-05-10,7530,390,29,1,21.58,Not Needed
14256,72999,2024-06-14,17272,359,1,1,15.75,Quality Issue
14257,275170,2025-07-04,5478,183,4,2,8.14,Late Delivery
14258,42707,2024-04-16,9284,240,33,1,3.46,Quality Issue
14259,12892,2024-02-09,20486,279,18,1,39.93,Wrong Item
14260,283205,2025-07-09,22076,79,20,1,5.96,Not Needed
14261,82904,2024-07-10,16679,171,8,1,23.3,Damaged
14262,45546,2024-04-25,14777,250,15,1,4.41,Not Needed
14263,54968,2024-05-17,10752,557,14,1,4.59,Wrong Item
14264,250449,2025-05-13,13653,523,12,1,13.96,Not Needed
14265,186887,2025-01-12,2564,181,5,1,0.77,Quality Issue
14266,114180,2024-09-08,11282,269,13,2,55.77,Not Needed
14267,310061,2025-09-05,21333,617,34,1,281.78,Quality Issue
14268,63403,2024-05-21,7587,330,33,1,12.11,Not Needed
14269,15272,2024-02-21,6300,69,24,1,4.68,Wrong Item
14270,67113,2024-05-29,10335,465,33,2,4.93,Quality Issue
14271,175818,2024-12-29,16312,509,3,1,17.24,Not Needed
14272,189044,2025-01-21,16458,676,24,1,352.92,Late Delivery
14273,245118,2025-05-03,22934,2,15,1,38.79,Damaged
14274,202355,2025-02-17,14841,13,14,1,13.21,Quality Issue
14275,122047,2024-09-17,11234,80,14,1,4.3,Damaged
14276,192927,2025-01-25,7328,319,25,1,3.14,Wrong Item
14277,344370,2025-12-01,3029,183,24,2,12.55,Quality Issue
14278,337062,2025-11-06,1035,131,26,2,4.96,Not Needed
14279,31242,2024-03-18,6050,152,34,1,8.93,Quality Issue
14280,213945,2025-02-26,4339,427,34,1,3.39,Damaged
14281,351259,2025-12-19,12690,52,18,1,4.03,Quality Issue
14282,356995,2025-12-10,1279,561,29,1,30.06,Not Needed
14283,13949,2024-02-15,4452,226,17,1,28.21,Quality Issue
14284,209671,2025-02-27,7720,494,7,1,3.91,Not Needed
14285,196929,2025-01-30,15206,131,26,1,1.47,Not Needed
14286,122678,2024-09-17,21359,16,2,2,7.01,Late Delivery
14287,216476,2025-03-14,1969,226,25,1,54.9,Late Delivery
14288,292543,2025-08-10,24064,167,28,2,40.27,Late Delivery
14289,74043,2024-06-18,4205,322,33,2,55.29,Late Delivery
14290,20843,2024-02-21,3513,23,20,1,5.8,Damaged
14291,354645,2025-12-06,19554,288,5,1,31.78,Not Needed
14292,236682,2025-04-20,6735,481,32,1,14.22,Quality Issue
14293,354726,2025-12-11,21681,145,14,2,12.25,Quality Issue
14294,309424,2025-09-21,9583,345,29,1,68.95,Not Needed
14295,197527,2025-01-23,1547,244,34,1,7.42,Not Needed
14296,304996,2025-09-05,24658,177,18,2,12.34,Damaged
14297,289080,2025-08-05,18098,380,10,2,41.47,Not Needed
14298,221097,2025-03-12,9014,183,20,1,16.63,Quality Issue
14299,246819,2025-05-07,21121,12,25,2,16.36,Not Needed
14300,360588,2025-12-23,13642,260,32,1,14.34,Quality Issue
14301,313162,2025-09-16,18632,223,29,1,3.29,Quality Issue
14302,182384,2025-01-02,8139,59,20,1,8.39,Late Delivery
14303,313452,2025-09-22,15763,49,25,1,7.49,Quality Issue
14304,255481,2025-05-21,7085,562,29,1,12.9,Not Needed
14305,56527,2024-05-07,24928,257,29,1,5.89,Quality Issue
14306,3532,2024-01-22,7896,480,20,1,19.31,Not Needed
14307,271389,2025-06-23,2857,218,34,1,10.73,Not Needed
14308,53425,2024-05-14,10877,33,14,2,9.51,Not Needed
14309,96609,2024-08-02,5249,38,9,1,5.07,Wrong Item
14310,109675,2024-08-28,20094,560,9,2,14.63,Quality Issue
14311,366924,2026-01-09,7603,164,22,2,7.23,Late Delivery
14312,256162,2025-05-25,1337,544,33,2,8.79,Late Delivery
14313,253391,2025-05-13,21492,237,34,1,60.0,Wrong Item
14314,282876,2025-07-14,11939,146,33,2,12.4,Quality Issue
14315,133349,2024-10-13,8245,66,16,2,7.78,Damaged
14316,153025,2024-11-11,3140,363,12,1,7.44,Not Needed
14317,351290,2025-12-16,15795,58,7,2,2.79,Not Needed
14318,36322,2024-03-31,21041,254,34,1,50.47,Not Needed
14319,173529,2024-12-13,23386,168,12,2,5.41,Quality Issue
14320,209855,2025-03-03,17219,44,34,1,7.05,Damaged
14321,35464,2024-03-31,24749,441,22,1,34.66,Not Needed
14322,180143,2025-01-01,18446,298,15,1,41.85,Not Needed
14323,118897,2024-09-12,373,5,1,1,7.95,Not Needed
14324,311677,2025-09-17,2252,7,2,1,6.53,Damaged
14325,339489,2025-11-13,9361,387,34,1,14.59,Late Delivery
14326,352782,2025-12-10,16622,699,21,1,233.38,Quality Issue
14327,77901,2024-06-26,20086,119,7,2,7.26,Quality Issue
14328,282036,2025-07-19,18983,443,23,1,16.21,Not Needed
14329,80544,2024-06-21,784,380,31,1,15.97,Not Needed
14330,319019,2025-10-04,11759,512,34,1,12.36,Quality Issue
14331,116492,2024-09-04,24068,91,15,2,7.8,Not Needed
14332,29092,2024-03-12,15434,209,14,1,5.46,Wrong Item
14333,92222,2024-07-21,7380,84,20,1,3.2,Not Needed
14334,50157,2024-04-23,10846,441,9,1,30.96,Quality Issue
14335,161828,2024-11-21,12328,94,14,1,5.55,Late Delivery
14336,223213,2025-03-30,15477,391,19,1,12.84,Not Needed
14337,58414,2024-05-14,10129,609,34,1,260.87,Late Delivery
14338,197441,2025-02-07,21023,338,18,1,59.52,Not Needed
14339,165142,2024-12-14,15748,588,5,1,529.38,Wrong Item
14340,219910,2025-03-20,16170,194,1,1,7.33,Not Needed
14341,72274,2024-06-18,22153,666,11,1,385.54,Quality Issue
14342,245861,2025-05-03,17318,464,6,1,52.34,Damaged
14343,154149,2024-11-09,18606,266,1,1,18.23,Damaged
14344,66087,2024-05-24,12272,331,22,1,35.44,Late Delivery
14345,82740,2024-06-28,19353,591,28,1,201.27,Wrong Item
14346,340280,2025-11-29,14695,89,30,1,4.66,Damaged
14347,190203,2025-01-23,12124,363,13,2,27.73,Late Delivery
14348,108972,2024-08-19,9147,65,8,1,7.83,Not Needed
14349,367846,2026-01-04,17901,628,21,1,366.19,Quality Issue
14350,159274,2024-11-19,18619,451,10,1,16.15,Damaged
14351,28112,2024-03-08,2098,69,29,2,8.72,Late Delivery
14352,80688,2024-07-01,6697,712,32,1,483.9,Not Needed
14353,4132,2024-01-17,18050,242,7,2,42.79,Late Delivery
14354,336024,2025-11-07,2988,143,6,2,33.75,Wrong Item
14355,22769,2024-02-23,13443,617,29,1,426.27,Not Needed
14356,211724,2025-02-27,9951,88,9,2,6.76,Damaged
14357,134917,2024-10-03,3447,483,23,2,7.5,Late Delivery
14358,358815,2025-12-21,4151,275,16,1,39.93,Not Needed
14359,157410,2024-11-24,16378,146,33,1,8.19,Wrong Item
14360,212198,2025-03-13,7551,164,27,1,6.67,Wrong Item
14361,30088,2024-03-27,2384,165,3,2,30.39,Wrong Item
14362,236513,2025-04-15,13872,39,8,1,1.46,Quality Issue
14363,175534,2024-12-13,1162,684,31,1,51.51,Late Delivery
14364,167002,2024-12-17,13516,151,33,2,12.19,Not Needed
14365,185891,2025-01-09,5187,477,15,1,14.97,Not Needed
14366,142766,2024-11-04,4445,573,13,1,20.73,Not Needed
14367,171616,2024-12-13,6120,198,23,2,9.07,Not Needed
14368,126961,2024-09-22,24748,2,14,2,17.55,Quality Issue
14369,279361,2025-07-04,21956,551,6,2,21.89,Not Needed
14370,241562,2025-04-22,15710,142,33,1,4.51,Quality Issue
14371,318941,2025-10-02,629,525,5,1,10.51,Damaged
14372,121846,2024-09-15,441,233,5,1,14.07,Quality Issue
14373,335897,2025-11-10,21140,438,32,1,11.15,Late Delivery
14374,359197,2025-12-17,11687,289,18,1,14.44,Wrong Item
14375,17786,2024-02-12,21524,115,8,1,2.37,Not Needed
14376,195861,2025-01-20,1775,363,33,1,8.04,Not Needed
14377,54363,2024-05-06,22478,497,13,1,10.03,Not Needed
14378,361410,2025-12-23,2374,312,2,1,9.74,Quality Issue
14379,80640,2024-07-05,22802,529,5,1,30.67,Not Needed
14380,118296,2024-09-18,22802,656,9,1,312.96,Quality Issue
14381,141517,2024-10-29,12071,186,8,1,2.74,Not Needed
14382,329286,2025-10-21,23244,11,5,2,19.4,Not Needed
14383,248099,2025-05-14,5667,116,11,1,22.22,Not Needed
14384,148291,2024-11-12,11917,345,22,1,17.32,Quality Issue
14385,320540,2025-10-15,21959,164,19,1,8.15,Not Needed
14386,363467,2025-12-23,19705,205,13,2,10.07,Not Needed
14387,219567,2025-03-22,13011,441,10,1,88.08,Not Needed
14388,355648,2025-12-08,24128,581,27,1,1.28,Quality Issue
14389,59524,2024-05-12,5349,531,4,1,15.86,Not Needed
14390,3868,2024-01-12,16270,245,30,1,10.53,Quality Issue
14391,45092,2024-04-12,24363,18,3,2,2.64,Damaged
14392,66276,2024-06-04,16355,119,15,1,14.03,Late Delivery
14393,163130,2024-11-28,6428,470,13,2,40.52,Quality Issue
14394,113518,2024-08-30,16713,367,23,1,11.62,Quality Issue
14395,136781,2024-10-22,13805,420,2,1,13.47,Damaged
14396,99639,2024-08-10,6009,162,30,2,23.29,Not Needed
14397,188357,2025-01-22,20211,403,8,1,22.1,Quality Issue
14398,169568,2024-12-04,6236,317,30,1,1.95,Quality Issue
14399,32608,2024-03-29,22369,599,17,1,131.12,Damaged
14400,330555,2025-11-07,3226,166,2,2,4.34,Quality Issue
14401,307343,2025-09-09,12165,655,20,1,188.76,Not Needed
14402,139052,2024-10-31,15313,153,28,2,12.35,Damaged
14403,226836,2025-04-09,11359,152,26,2,5.69,Wrong Item
14404,136084,2024-10-19,10764,356,8,1,18.53,Late Delivery
14405,261809,2025-06-07,14576,710,32,1,188.79,Quality Issue
14406,161321,2024-11-20,16866,718,3,1,237.95,Not Needed
14407,274010,2025-06-22,5515,418,20,1,64.75,Wrong Item
14408,199162,2025-02-08,3533,75,9,2,43.78,Wrong Item
14409,48961,2024-04-23,4607,174,23,1,8.19,Damaged
14410,180419,2024-12-28,16856,384,10,2,38.74,Late Delivery
14411,287572,2025-08-05,8077,134,9,2,15.03,Damaged
14412,162077,2024-12-11,1359,704,3,1,61.99,Not Needed
14413,182136,2025-01-05,22079,441,27,1,18.55,Not Needed
14414,210431,2025-03-03,6100,21,33,2,5.49,Late Delivery
14415,368688,2026-01-02,6265,546,6,2,59.52,Quality Issue
14416,256237,2025-05-26,19373,311,31,1,19.67,Wrong Item
14417,355259,2025-12-12,4536,103,20,1,6.07,Late Delivery
14418,274327,2025-07-03,5589,208,34,1,11.49,Wrong Item
14419,6384,2024-02-03,9,95,26,1,7.39,Damaged
14420,32223,2024-03-25,5241,75,18,2,13.06,Damaged
14421,15469,2024-02-07,6084,244,5,2,22.97,Late Delivery
14422,218270,2025-03-22,23053,178,32,1,44.29,Late Delivery
14423,126450,2024-09-27,13548,218,20,1,3.75,Late Delivery
14424,107961,2024-08-28,4486,159,31,2,25.91,Not Needed
14425,6479,2024-02-02,7658,9,34,1,5.21,Late Delivery
14426,150408,2024-11-16,10828,611,27,1,18.64,Not Needed
14427,85489,2024-07-14,21925,628,30,1,462.79,Not Needed
14428,254090,2025-06-02,7273,607,19,1,25.37,Quality Issue
14429,558,2024-01-11,18182,123,3,2,16.23,Not Needed
14430,225273,2025-03-30,1683,408,3,1,5.74,Not Needed
14431,22748,2024-03-01,10334,720,10,1,46.63,Damaged
14432,63530,2024-05-21,3494,374,32,2,10.92,Not Needed
14433,269439,2025-06-30,19941,121,18,2,9.78,Late Delivery
14434,36532,2024-04-01,19430,503,21,2,79.38,Not Needed
14435,207314,2025-02-17,3971,209,27,1,19.05,Damaged
14436,350024,2025-12-10,16911,388,14,1,62.73,Not Needed
14437,70870,2024-05-31,880,494,33,1,2.17,Not Needed
14438,336751,2025-11-18,21624,542,23,1,4.38,Not Needed
14439,101799,2024-08-10,24107,624,13,1,32.61,Wrong Item
14440,6375,2024-02-03,1031,467,30,1,35.82,Damaged
14441,211342,2025-02-28,2543,54,6,1,13.94,Wrong Item
14442,45346,2024-04-16,11055,149,32,1,1.67,Not Needed
14443,257382,2025-06-06,23427,273,7,1,19.12,Late Delivery
14444,180428,2025-01-01,10599,262,14,1,100.23,Late Delivery
14445,342116,2025-11-23,21030,718,7,1,362.21,Not Needed
14446,171833,2024-12-14,16449,103,26,2,6.3,Not Needed
14447,99282,2024-08-10,18473,300,23,2,23.78,Not Needed
14448,145356,2024-11-07,14907,550,12,1,58.36,Not Needed
14449,280887,2025-07-11,22771,551,27,1,6.6,Damaged
14450,203193,2025-02-23,18872,103,27,2,24.01,Quality Issue
14451,258908,2025-05-27,16060,372,34,1,17.24,Not Needed
14452,95142,2024-07-26,24729,438,32,1,5.45,Late Delivery
14453,94926,2024-07-25,3996,178,5,1,21.46,Late Delivery
14454,195760,2025-02-02,586,96,30,2,11.0,Not Needed
14455,81050,2024-06-21,24333,717,21,1,554.26,Not Needed
14456,324699,2025-10-17,10230,142,9,1,2.65,Wrong Item
14457,165790,2024-12-10,18117,172,13,1,5.72,Wrong Item
14458,32838,2024-03-22,21788,180,24,1,8.31,Quality Issue
14459,325855,2025-10-30,9468,149,25,1,6.02,Not Needed
14460,176404,2024-12-19,4817,622,32,1,88.88,Not Needed
14461,68484,2024-06-09,1762,419,14,2,81.72,Not Needed
14462,160923,2024-12-08,10359,28,10,1,18.97,Damaged
14463,75386,2024-06-14,18388,104,3,1,13.86,Not Needed
14464,98000,2024-08-05,17703,322,24,1,62.37,Quality Issue
14465,90899,2024-07-24,17971,224,3,2,20.83,Not Needed
14466,292542,2025-08-16,21550,192,1,2,11.86,Quality Issue
14467,242583,2025-04-23,11696,702,31,1,315.94,Late Delivery
14468,171202,2024-12-12,20231,25,25,1,33.39,Not Needed
14469,125602,2024-09-28,18128,246,33,2,36.68,Wrong Item
14470,173675,2024-12-22,17885,683,9,1,104.98,Quality Issue
14471,35080,2024-04-05,15071,537,14,1,16.58,Not Needed
14472,183248,2025-01-03,21077,156,5,2,1.55,Not Needed
14473,4305,2024-01-17,17513,144,14,2,14.3,Late Delivery
14474,1061,2024-01-17,24462,558,18,2,42.2,Not Needed
14475,204841,2025-02-24,5423,53,12,1,3.99,Not Needed
14476,318200,2025-10-05,10740,385,2,1,5.87,Damaged
14477,23035,2024-02-28,20622,256,34,1,91.54,Damaged
14478,233444,2025-04-07,2383,260,10,2,20.82,Damaged
14479,108658,2024-08-28,12412,103,21,1,6.19,Wrong Item
14480,343478,2025-11-23,7465,718,33,1,195.38,Not Needed
14481,20650,2024-02-22,18058,416,17,2,15.63,Not Needed
14482,190572,2025-01-18,20299,194,9,1,4.07,Not Needed
14483,152282,2024-11-19,12236,20,14,1,31.46,Quality Issue
14484,274181,2025-06-23,1305,251,10,1,40.4,Quality Issue
14485,9851,2024-02-01,6335,597,30,1,41.76,Damaged
14486,161947,2024-12-10,18786,283,20,1,3.78,Late Delivery
14487,115448,2024-08-30,21549,518,21,1,1.93,Not Needed
14488,130135,2024-10-02,12329,212,9,1,15.97,Late Delivery
14489,65941,2024-05-23,174,259,29,2,30.74,Quality Issue
14490,84023,2024-07-10,4285,717,11,1,507.12,Damaged
14491,28131,2024-03-15,10763,639,15,1,113.25,Damaged
14492,92623,2024-07-22,4833,636,7,1,124.32,Not Needed
14493,268295,2025-06-17,16317,209,15,1,10.43,Late Delivery
14494,333389,2025-11-10,23787,643,21,1,116.37,Not Needed
14495,274835,2025-07-08,7698,51,28,1,6.5,Late Delivery
14496,367172,2026-01-05,23504,521,21,1,3.35,Not Needed
14497,352240,2025-12-06,14445,368,5,2,7.14,Late Delivery
14498,301319,2025-09-01,18039,77,17,2,24.16,Not Needed
14499,302207,2025-08-26,17934,275,18,1,13.54,Damaged
14500,253758,2025-06-01,4772,510,27,1,9.59,Damaged
14501,183299,2025-01-01,18887,252,14,1,5.27,Late Delivery
14502,14361,2024-02-14,6328,532,22,1,14.56,Damaged
14503,71877,2024-06-08,11848,258,1,1,7.31,Damaged
14504,69373,2024-06-10,13476,517,28,1,3.53,Not Needed
14505,117021,2024-09-03,1837,583,32,1,3.28,Not Needed
14506,236228,2025-04-20,602,484,2,1,28.09,Quality Issue
14507,134387,2024-10-09,12875,631,18,1,178.71,Quality Issue
14508,135297,2024-10-08,20543,1,6,2,3.3,Damaged
14509,150530,2024-11-21,14503,98,8,1,1.32,Late Delivery
14510,68450,2024-05-29,7901,230,24,2,34.25,Damaged
14511,76402,2024-06-27,14637,442,14,1,4.81,Late Delivery
14512,223678,2025-03-19,1136,202,33,2,19.4,Not Needed
14513,244708,2025-05-16,1030,478,25,1,25.21,Damaged
14514,88135,2024-07-22,4586,31,33,2,4.65,Not Needed
14515,25050,2024-03-04,228,323,23,1,5.18,Damaged
14516,50718,2024-05-01,4459,710,26,1,59.08,Quality Issue
14517,264477,2025-06-13,18348,567,8,1,2.53,Not Needed
14518,244763,2025-05-10,15826,456,8,1,8.58,Wrong Item
14519,207021,2025-02-19,21066,68,33,1,6.37,Quality Issue
14520,66895,2024-06-02,7723,225,17,2,37.15,Quality Issue
14521,189951,2025-01-16,15280,480,33,1,9.03,Not Needed
14522,46271,2024-04-24,7480,408,14,2,19.72,Not Needed
14523,248951,2025-05-09,19818,321,22,1,49.28,Not Needed
14524,167206,2024-12-03,11954,184,8,2,15.13,Not Needed
14525,200346,2025-02-13,6441,15,12,1,15.49,Quality Issue
14526,37509,2024-03-26,8296,21,11,1,2.71,Not Needed
14527,107302,2024-08-27,14232,212,10,2,9.38,Not Needed
14528,364768,2026-01-06,9621,181,25,1,4.54,Not Needed
14529,19718,2024-03-03,5744,418,21,1,26.32,Late Delivery
14530,220180,2025-03-21,12332,636,33,1,115.8,Not Needed
14531,232927,2025-04-13,10318,610,5,1,91.52,Damaged
14532,298400,2025-08-20,18299,21,26,1,14.43,Late Delivery
14533,220477,2025-03-18,14585,13,24,2,12.48,Quality Issue
14534,178690,2025-01-05,166,415,5,1,26.86,Late Delivery
14535,225010,2025-03-21,11301,638,34,1,34.18,Not Needed
14536,210950,2025-02-22,10512,650,22,1,315.5,Not Needed
14537,66153,2024-06-07,18872,84,10,2,9.13,Not Needed
14538,345114,2025-12-03,5215,383,18,1,7.26,Damaged
14539,195365,2025-02-06,19086,218,26,1,11.06,Damaged
14540,325554,2025-10-25,2529,225,34,2,10.31,Quality Issue
14541,141626,2024-10-28,9640,217,13,1,8.74,Quality Issue
14542,157195,2024-11-30,6171,220,12,2,21.68,Quality Issue
14543,334931,2025-11-11,6668,116,6,1,13.48,Late Delivery
14544,352200,2025-12-19,9621,330,3,2,24.89,Late Delivery
14545,290238,2025-07-26,8089,615,1,1,416.22,Not Needed
14546,182141,2025-01-02,2637,554,21,1,15.58,Quality Issue
14547,55421,2024-05-07,17046,73,20,1,10.24,Not Needed
14548,221851,2025-04-02,15670,231,27,1,13.51,Not Needed
14549,112193,2024-08-28,14608,105,7,2,11.06,Not Needed
14550,13830,2024-02-17,12187,31,13,2,7.09,Wrong Item
14551,49989,2024-04-25,19309,84,19,1,7.31,Not Needed
14552,53814,2024-05-10,796,169,15,2,15.71,Not Needed
14553,256261,2025-05-24,20009,300,23,2,35.17,Quality Issue
14554,264101,2025-06-06,19732,8,6,2,7.8,Quality Issue
14555,223609,2025-04-03,17651,115,29,2,12.99,Not Needed
14556,227881,2025-03-26,3006,40,4,1,26.57,Quality Issue
14557,27034,2024-03-21,21334,555,31,1,11.8,Damaged
14558,50556,2024-04-25,21042,96,25,1,2.82,Wrong Item
14559,15240,2024-02-06,20094,233,5,1,10.95,Quality Issue
14560,365319,2025-12-26,16073,580,13,1,1.68,Not Needed
14561,347226,2025-12-11,670,646,15,1,196.67,Late Delivery
14562,164294,2024-12-10,18686,40,26,2,13.89,Not Needed
14563,170716,2024-12-11,2339,375,12,2,46.63,Not Needed
14564,231799,2025-04-11,23805,120,8,2,46.06,Quality Issue
14565,130617,2024-10-13,13277,90,34,2,10.79,Late Delivery
14566,239396,2025-04-26,6969,325,5,1,43.36,Not Needed
14567,83820,2024-07-08,17443,17,11,1,8.74,Late Delivery
14568,7421,2024-02-03,14429,392,14,1,19.69,Not Needed
14569,105346,2024-08-08,9668,713,26,1,214.82,Late Delivery
14570,162220,2024-12-07,2529,63,12,1,11.71,Late Delivery
14571,330627,2025-11-04,7395,43,1,2,27.29,Not Needed
14572,14971,2024-02-06,22475,528,34,2,67.69,Quality Issue
14573,113380,2024-08-26,8269,33,26,1,5.62,Damaged
14574,323548,2025-10-15,16148,122,8,1,1.69,Wrong Item
14575,322205,2025-10-03,16764,141,19,1,6.74,Late Delivery
14576,172785,2024-12-27,17180,17,13,1,3.96,Late Delivery
14577,75661,2024-06-25,10859,564,21,1,2.17,Late Delivery
14578,114111,2024-09-03,15,573,32,1,15.6,Quality Issue
14579,180863,2025-01-04,7076,8,18,1,13.47,Damaged
14580,200238,2025-02-08,16848,129,24,2,10.0,Damaged
14581,230900,2025-04-10,3714,67,12,1,22.38,Damaged
14582,358610,2025-12-19,5466,441,8,1,17.71,Late Delivery
14583,229289,2025-04-04,16158,376,10,2,32.6,Late Delivery
14584,228086,2025-04-13,1619,277,34,1,34.61,Late Delivery
14585,187376,2025-01-17,8353,172,31,2,8.82,Not Needed
14586,131864,2024-10-09,10263,405,8,1,47.47,Not Needed
14587,129075,2024-10-05,16473,183,16,2,15.27,Not Needed
14588,111926,2024-08-21,23473,320,12,1,9.08,Not Needed
14589,19877,2024-03-01,1975,641,18,1,83.66,Quality Issue
14590,89235,2024-07-09,22548,18,15,1,5.36,Quality Issue
14591,295310,2025-08-19,11986,571,5,1,17.32,Not Needed
14592,150787,2024-11-15,1553,34,3,1,8.93,Damaged
14593,222865,2025-04-02,6684,711,14,1,18.75,Late Delivery
14594,281778,2025-07-08,13129,42,25,2,2.09,Quality Issue
14595,284098,2025-07-22,12979,194,6,1,5.42,Late Delivery
14596,266420,2025-06-25,21044,103,21,1,25.75,Quality Issue
14597,8093,2024-02-08,2174,653,17,1,182.07,Not Needed
14598,200469,2025-02-11,15544,259,17,1,12.79,Not Needed
14599,106316,2024-08-08,24043,190,30,1,25.05,Quality Issue
14600,30989,2024-03-20,14170,102,20,1,8.35,Late Delivery
14601,29363,2024-03-17,5316,10,25,1,4.99,Quality Issue
14602,228425,2025-04-11,12249,635,10,1,350.05,Quality Issue
14603,189382,2025-01-17,23586,176,1,2,6.29,Late Delivery
14604,91004,2024-07-20,12868,190,1,1,50.86,Quality Issue
14605,351758,2025-12-14,21277,74,18,2,24.79,Quality Issue
14606,130992,2024-09-29,14648,376,10,1,51.48,Wrong Item
14607,134175,2024-10-06,10121,263,21,2,43.99,Not Needed
14608,167314,2024-12-12,18584,153,26,1,3.01,Quality Issue
14609,158621,2024-12-02,1057,648,17,1,119.0,Not Needed
14610,332671,2025-10-31,20471,342,17,1,12.47,Quality Issue
14611,280035,2025-07-05,1313,176,4,1,3.89,Quality Issue
14612,90888,2024-07-17,16087,400,22,2,28.87,Wrong Item
14613,51246,2024-05-03,24363,431,29,1,24.44,Damaged
14614,315904,2025-10-02,3876,494,9,2,3.8,Not Needed
14615,70279,2024-06-13,19066,335,34,2,66.38,Quality Issue
14616,77938,2024-07-01,13437,325,22,1,24.55,Late Delivery
14617,92676,2024-07-24,14566,343,27,2,18.68,Quality Issue
14618,191699,2025-01-25,11632,63,20,2,18.14,Quality Issue
14619,139430,2024-10-29,2081,610,6,1,87.87,Late Delivery
14620,349096,2025-12-01,3010,333,6,1,8.01,Damaged
14621,319716,2025-10-01,12565,363,8,1,4.78,Quality Issue
14622,305803,2025-09-13,1152,107,8,1,3.48,Not Needed
14623,110447,2024-08-24,20056,525,10,1,34.14,Not Needed
14624,192046,2025-01-16,1083,60,30,1,18.03,Not Needed
14625,27706,2024-03-17,20363,220,8,2,24.12,Not Needed
14626,103280,2024-08-06,7008,84,28,2,4.11,Quality Issue
14627,24781,2024-03-01,2790,157,2,2,7.68,Late Delivery
14628,111117,2024-08-28,13098,67,33,1,6.41,Damaged
14629,49250,2024-04-23,19068,353,34,1,11.96,Not Needed
14630,10544,2024-01-26,23047,103,6,1,19.48,Wrong Item
14631,210877,2025-03-06,23395,719,15,1,89.97,Damaged
14632,139156,2024-10-15,14808,523,5,1,49.72,Not Needed
14633,331108,2025-10-28,9637,12,31,1,15.96,Quality Issue
14634,331962,2025-11-12,21978,201,19,2,13.62,Not Needed
14635,64286,2024-05-30,7791,8,30,2,3.81,Not Needed
14636,303561,2025-09-06,23466,470,22,1,15.48,Damaged
14637,63245,2024-05-17,13392,52,14,2,4.76,Not Needed
14638,45141,2024-04-11,1872,211,14,2,22.61,Late Delivery
14639,319564,2025-10-03,20177,455,28,2,13.46,Quality Issue
14640,84767,2024-06-30,1846,47,1,1,13.72,Not Needed
14641,57184,2024-05-08,13326,526,1,1,12.53,Quality Issue
14642,219937,2025-03-24,9784,399,7,1,10.46,Quality Issue
14643,88055,2024-07-11,13024,458,19,1,14.74,Damaged
14644,160517,2024-11-27,11558,606,12,1,414.05,Damaged
14645,47440,2024-04-23,22170,106,4,1,7.79,Damaged
14646,200937,2025-02-11,7424,418,7,1,50.69,Quality Issue
14647,320852,2025-10-09,19721,164,33,1,5.25,Quality Issue
14648,292605,2025-08-03,12109,448,33,1,68.11,Wrong Item
14649,77501,2024-06-27,4198,27,3,2,7.52,Not Needed
14650,15823,2024-02-24,4085,32,34,1,45.33,Late Delivery
14651,316534,2025-10-07,3865,373,15,1,27.29,Late Delivery
14652,1204,2024-01-21,1690,100,5,2,12.36,Not Needed
14653,300514,2025-08-30,6875,168,34,2,7.95,Quality Issue
14654,59270,2024-05-08,4538,349,29,1,10.77,Not Needed
14655,144155,2024-10-22,2278,153,11,1,6.13,Late Delivery
14656,34915,2024-03-23,16927,652,18,1,403.33,Quality Issue
14657,257087,2025-06-01,20987,92,13,2,3.82,Late Delivery
14658,173532,2024-12-17,20178,132,20,2,30.24,Damaged
14659,216887,2025-03-17,21842,104,20,2,30.27,Not Needed
14660,293151,2025-08-15,22739,239,31,2,49.04,Not Needed
14661,33728,2024-03-19,9017,653,11,1,362.0,Late Delivery
14662,16647,2024-02-21,17148,40,13,1,4.39,Not Needed
14663,314633,2025-09-24,22380,185,29,1,3.08,Not Needed
14664,356430,2025-12-17,8191,438,9,1,5.49,Damaged
14665,313638,2025-10-02,6250,174,1,2,5.47,Damaged
14666,90564,2024-07-25,23543,422,6,2,32.2,Damaged
14667,356850,2025-12-25,11240,386,17,1,12.56,Late Delivery
14668,216485,2025-03-22,19009,229,2,1,7.8,Not Needed
14669,123570,2024-09-29,3545,118,26,2,6.54,Late Delivery
14670,171067,2024-12-17,4307,89,11,1,4.48,Not Needed
14671,5480,2024-01-21,21648,77,26,2,20.65,Damaged
14672,182389,2025-01-10,5609,101,14,1,5.04,Quality Issue
14673,17763,2024-02-24,11662,182,3,1,2.22,Late Delivery
14674,279450,2025-07-16,12993,27,34,1,15.94,Damaged
14675,33852,2024-03-31,23189,156,10,1,2.32,Wrong Item
14676,211522,2025-02-25,13317,142,9,2,12.61,Not Needed
14677,102818,2024-08-05,9692,56,30,2,11.92,Not Needed
14678,69762,2024-06-05,13847,690,21,1,284.22,Not Needed
14679,368130,2026-01-06,24671,90,20,2,22.46,Quality Issue
14680,140521,2024-10-31,2229,484,5,1,14.62,Quality Issue
14681,212937,2025-03-03,2320,546,4,1,13.39,Not Needed
14682,56226,2024-05-13,7219,474,5,1,4.71,Not Needed
14683,250166,2025-05-18,17919,510,3,1,9.24,Wrong Item
14684,268435,2025-06-21,9266,219,4,2,6.57,Not Needed
14685,117421,2024-08-31,23630,347,23,1,4.06,Late Delivery
14686,310055,2025-09-06,2689,76,28,1,28.83,Quality Issue
14687,293737,2025-08-14,7858,453,19,1,16.25,Not Needed
14688,184228,2025-01-04,14047,225,17,1,17.15,Quality Issue
14689,67829,2024-06-01,8292,559,23,2,88.31,Wrong Item
14690,287281,2025-07-31,23826,435,8,1,6.46,Quality Issue
14691,326833,2025-11-01,23064,175,32,1,6.71,Quality Issue
14692,242420,2025-04-28,6624,88,30,1,8.13,Not Needed
14693,140772,2024-10-25,1034,485,4,1,17.21,Damaged
14694,244404,2025-05-08,5160,207,9,2,13.48,Wrong Item
14695,111805,2024-08-19,8272,521,14,1,5.74,Not Needed
14696,62779,2024-05-30,8095,414,2,2,37.87,Not Needed
14697,259281,2025-05-29,13219,7,11,2,9.88,Wrong Item
14698,365097,2026-01-09,15974,453,31,1,14.99,Wrong Item
14699,295269,2025-08-19,2570,144,9,1,16.0,Late Delivery
14700,211267,2025-03-02,2637,158,13,1,21.22,Damaged
14701,121171,2024-09-10,19446,336,27,1,5.91,Late Delivery
14702,242551,2025-05-06,12844,131,6,1,7.47,Not Needed
14703,258782,2025-06-03,23597,322,32,1,78.22,Quality Issue
14704,114106,2024-09-03,12809,268,11,1,53.52,Not Needed
14705,317261,2025-10-02,23451,166,8,2,3.46,Quality Issue
14706,268499,2025-06-16,18446,87,30,2,1.82,Late Delivery
14707,343675,2025-11-21,2999,129,33,1,7.55,Wrong Item
14708,198997,2025-02-03,10264,280,10,1,14.19,Quality Issue
14709,100890,2024-08-11,13940,580,33,1,3.63,Not Needed
14710,161615,2024-11-26,8660,376,21,1,20.22,Quality Issue
14711,208803,2025-02-24,4810,196,13,2,8.89,Not Needed
14712,36951,2024-04-07,3626,93,31,2,14.37,Not Needed
14713,17941,2024-02-26,12447,460,33,1,14.43,Late Delivery
14714,316318,2025-10-03,1847,47,14,1,43.89,Damaged
14715,337937,2025-11-16,1194,215,16,1,3.13,Not Needed
14716,59468,2024-05-07,268,122,22,2,11.94,Not Needed
14717,363374,2026-01-09,18855,101,9,2,7.72,Quality Issue
14718,343800,2025-11-19,23726,56,33,2,28.03,Not Needed
14719,56112,2024-05-20,1038,67,8,2,15.44,Damaged
14720,348622,2025-12-03,6254,585,28,1,3.95,Late Delivery
14721,306495,2025-09-09,6932,257,4,2,34.3,Damaged
14722,361355,2026-01-01,23281,174,27,1,7.21,Late Delivery
14723,223482,2025-03-24,4335,527,1,1,18.66,Damaged
14724,134229,2024-10-06,3209,215,3,1,18.68,Not Needed
14725,3529,2024-01-24,4051,133,33,2,6.19,Quality Issue
14726,347197,2025-12-07,7145,276,24,1,21.4,Quality Issue
14727,59084,2024-05-26,17073,43,1,2,23.49,Quality Issue
14728,36409,2024-04-01,546,116,6,2,33.38,Quality Issue
14729,212006,2025-03-01,21719,386,2,1,57.55,Quality Issue
14730,65893,2024-06-06,4486,112,26,1,11.08,Wrong Item
14731,97092,2024-07-30,1083,215,7,2,15.63,Not Needed
14732,216753,2025-03-04,16955,465,14,1,4.6,Wrong Item
14733,362590,2026-01-05,7546,399,6,1,21.84,Late Delivery
14734,139675,2024-10-30,20630,39,20,1,1.57,Quality Issue
14735,123958,2024-09-25,16517,497,20,1,3.76,Damaged
14736,18967,2024-03-03,7012,230,26,2,44.51,Not Needed
14737,234955,2025-04-19,15884,66,34,2,5.08,Not Needed
14738,37025,2024-04-10,8394,145,24,2,9.48,Damaged
14739,303440,2025-08-25,18205,14,26,1,10.37,Not Needed
14740,191702,2025-01-14,16603,273,23,1,9.0,Quality Issue
14741,10921,2024-02-14,8635,203,28,1,0.94,Wrong Item
14742,334100,2025-11-10,18265,59,33,1,12.45,Damaged
14743,339137,2025-11-19,17096,574,32,2,35.56,Not Needed
14744,206081,2025-02-13,12550,230,33,2,69.42,Wrong Item
14745,290152,2025-08-09,19376,158,9,1,14.26,Damaged
14746,217533,2025-03-13,9099,58,22,2,2.84,Damaged
14747,68353,2024-06-10,23028,263,12,2,27.76,Damaged
14748,362031,2026-01-07,1901,242,29,2,41.28,Late Delivery
14749,135667,2024-10-19,8084,695,16,1,218.78,Quality Issue
14750,140680,2024-10-15,22183,232,18,1,38.32,Not Needed
14751,149098,2024-11-01,8766,245,30,1,11.35,Not Needed
14752,62337,2024-05-24,1077,307,20,1,6.92,Not Needed
14753,355965,2025-12-16,3262,415,24,2,40.44,Damaged
14754,204604,2025-02-11,21543,596,29,1,248.6,Quality Issue
14755,144108,2024-10-28,18879,115,29,1,7.85,Late Delivery
14756,13523,2024-02-03,23049,86,24,2,9.49,Not Needed
14757,324038,2025-10-25,20645,310,6,1,8.6,Wrong Item
14758,272455,2025-07-06,22435,175,4,1,1.56,Not Needed
14759,177597,2025-01-02,20106,107,30,2,7.94,Not Needed
14760,200426,2025-02-17,1946,112,5,1,4.94,Late Delivery
14761,4866,2024-01-31,22901,213,4,1,3.0,Wrong Item
14762,264674,2025-06-23,12783,40,26,2,24.6,Late Delivery
14763,173525,2024-12-16,19542,529,18,1,13.2,Quality Issue
14764,33984,2024-03-25,23421,463,25,1,65.08,Damaged
14765,346574,2025-12-04,24337,75,14,2,10.72,Not Needed
14766,294910,2025-08-15,15870,270,22,1,13.33,Damaged
14767,253297,2025-05-16,4545,369,14,1,20.32,Damaged
14768,241182,2025-05-03,18070,475,5,1,15.86,Quality Issue
14769,201040,2025-02-16,14240,8,31,1,1.36,Damaged
14770,200220,2025-02-12,3895,339,12,1,21.43,Late Delivery
14771,31295,2024-03-14,2046,167,7,1,38.58,Quality Issue
14772,193006,2025-02-01,3864,228,29,1,38.71,Damaged
14773,16734,2024-02-27,13281,517,21,1,3.45,Damaged
14774,199502,2025-02-06,16910,100,26,2,17.37,Damaged
14775,262551,2025-06-05,18012,7,6,1,4.82,Not Needed
14776,201664,2025-02-16,2822,35,9,1,15.42,Quality Issue
14777,69593,2024-05-28,18124,295,15,2,66.56,Wrong Item
14778,307351,2025-09-02,16296,392,30,2,34.48,Wrong Item
14779,7161,2024-01-24,6733,464,5,1,40.97,Not Needed
14780,54347,2024-05-08,22957,152,22,1,4.32,Wrong Item
14781,313936,2025-09-23,22144,14,34,1,2.0,Not Needed
14782,77256,2024-06-23,13107,308,34,2,56.52,Wrong Item
14783,205568,2025-02-16,9533,347,20,1,4.29,Late Delivery
14784,238734,2025-04-18,3681,283,3,1,3.24,Wrong Item
14785,219818,2025-03-13,20685,212,8,1,8.84,Damaged
14786,267999,2025-06-23,22718,430,5,2,30.75,Not Needed
14787,273060,2025-06-25,6867,341,9,1,18.6,Wrong Item
14788,364781,2025-12-26,19412,140,2,1,16.95,Not Needed
14789,159006,2024-11-30,18126,537,26,1,14.7,Quality Issue
14790,330573,2025-11-05,17340,322,14,1,15.17,Damaged
14791,273801,2025-07-05,16973,80,28,1,36.38,Wrong Item
14792,220100,2025-03-10,6309,434,5,1,13.11,Not Needed
14793,221635,2025-03-15,14065,623,17,1,296.52,Late Delivery
14794,107550,2024-08-18,6845,183,26,1,7.99,Late Delivery
14795,115096,2024-09-03,8640,202,27,1,23.12,Not Needed
14796,158622,2024-11-18,13193,607,21,1,34.31,Quality Issue
14797,206099,2025-02-19,21005,571,25,1,105.23,Late Delivery
14798,196581,2025-02-03,24314,33,33,1,28.82,Quality Issue
14799,92777,2024-07-16,10409,291,4,2,41.83,Quality Issue
14800,357213,2025-12-25,13332,239,15,1,59.26,Not Needed
14801,96997,2024-07-25,3643,225,5,1,35.9,Not Needed
14802,104051,2024-08-03,14975,303,5,2,21.0,Not Needed
14803,311744,2025-09-13,11157,5,29,2,38.09,Wrong Item
14804,215560,2025-03-17,23066,419,19,1,13.3,Late Delivery
14805,294570,2025-08-18,497,68,24,1,44.36,Quality Issue
14806,344920,2025-11-19,17060,49,22,1,24.46,Damaged
14807,61422,2024-05-20,22059,237,27,2,127.04,Damaged
14808,51483,2024-04-26,7337,597,19,1,75.11,Late Delivery
14809,143602,2024-10-26,17307,617,34,1,566.1,Late Delivery
14810,184835,2025-01-03,4565,395,29,2,30.91,Wrong Item
14811,58249,2024-05-24,21040,106,6,1,3.27,Not Needed
14812,234572,2025-04-15,2674,156,26,2,1.13,Quality Issue
14813,103861,2024-08-16,651,213,6,1,16.43,Quality Issue
14814,359387,2026-01-02,15642,14,31,1,8.18,Damaged
14815,197954,2025-01-31,11387,209,12,2,14.06,Late Delivery
14816,245698,2025-05-02,23840,508,4,1,8.92,Not Needed
14817,278727,2025-07-03,7165,588,32,1,394.7,Not Needed
14818,38473,2024-03-31,8878,538,20,1,4.93,Quality Issue
14819,249026,2025-05-08,3152,174,14,1,1.79,Not Needed
14820,357801,2025-12-13,9542,246,21,1,14.54,Damaged
14821,346615,2025-12-11,14483,107,34,1,4.66,Wrong Item
14822,84189,2024-07-03,15009,122,2,1,8.62,Quality Issue
14823,260737,2025-06-15,16341,139,31,1,3.75,Quality Issue
14824,246272,2025-05-10,17647,348,23,1,13.31,Not Needed
14825,113282,2024-09-05,22451,95,6,2,7.3,Not Needed
14826,288573,2025-07-26,20623,669,32,1,59.95,Not Needed
14827,26579,2024-03-07,4485,14,34,1,7.91,Wrong Item
14828,188128,2025-01-13,15016,28,7,1,3.49,Quality Issue
14829,263325,2025-06-13,11297,85,18,2,11.75,Not Needed
14830,5525,2024-01-22,6411,137,10,2,15.61,Quality Issue
14831,137014,2024-10-08,8646,262,29,2,55.34,Damaged
14832,320084,2025-10-13,21205,151,10,1,7.57,Damaged
14833,52257,2024-04-28,6988,495,21,2,30.25,Not Needed
14834,260235,2025-06-06,18517,526,12,1,14.91,Quality Issue
14835,297975,2025-08-24,18374,44,5,1,18.26,Damaged
14836,85749,2024-06-29,21483,414,17,1,8.94,Damaged
14837,48977,2024-04-27,23241,119,30,2,17.36,Not Needed
14838,314549,2025-09-26,414,503,24,1,17.36,Not Needed
14839,283740,2025-07-26,23615,158,6,1,47.04,Not Needed
14840,60881,2024-05-11,5737,166,20,2,2.22,Not Needed
14841,348909,2025-12-11,10934,154,17,1,5.86,Quality Issue
14842,305441,2025-09-11,1586,136,28,2,9.64,Quality Issue
14843,290530,2025-07-27,12717,651,8,1,16.85,Wrong Item
14844,309910,2025-09-14,15434,94,16,1,2.84,Damaged
14845,367880,2026-01-16,22059,34,27,1,5.89,Damaged
14846,291144,2025-08-03,8332,619,11,1,41.51,Quality Issue
14847,252394,2025-05-24,14379,337,7,1,59.71,Damaged
14848,230377,2025-03-30,22154,267,8,2,38.93,Wrong Item
14849,250296,2025-05-27,15098,162,6,1,8.84,Not Needed
14850,172542,2024-12-15,19147,2,33,2,14.49,Quality Issue
14851,324204,2025-10-10,24649,520,26,2,12.45,Wrong Item
14852,28184,2024-03-18,22685,238,1,1,50.93,Not Needed
14853,364460,2025-12-27,7179,166,15,2,7.68,Damaged
14854,261833,2025-05-30,10433,350,34,1,28.62,Not Needed
14855,345361,2025-11-29,23671,518,31,1,2.2,Not Needed
14856,223873,2025-03-24,23885,135,29,1,12.64,Damaged
14857,79823,2024-06-21,2054,152,29,2,6.66,Quality Issue
14858,122360,2024-09-11,15591,442,32,2,8.85,Quality Issue
14859,14872,2024-02-10,24787,131,26,1,4.56,Not Needed
14860,135090,2024-10-23,102,541,13,1,21.39,Wrong Item
14861,65944,2024-05-27,13664,223,20,2,17.8,Quality Issue
14862,323743,2025-10-17,21658,121,30,2,5.49,Damaged
14863,258252,2025-05-24,9338,148,8,1,6.54,Damaged
14864,332014,2025-11-11,16205,379,18,2,26.11,Not Needed
14865,282467,2025-07-15,3947,644,21,1,348.17,Not Needed
14866,52314,2024-05-02,15540,296,34,1,10.74,Quality Issue
14867,223879,2025-03-17,8887,191,30,1,2.7,Quality Issue
14868,249304,2025-05-21,2770,311,30,2,83.58,Late Delivery
14869,63842,2024-05-22,12736,116,10,1,24.72,Not Needed
14870,5672,2024-01-21,7560,47,27,1,17.16,Damaged
14871,55061,2024-05-11,22584,34,9,2,17.43,Not Needed
14872,116995,2024-09-10,2264,81,14,1,8.78,Quality Issue
14873,100505,2024-07-30,24055,300,20,2,23.39,Damaged
14874,229900,2025-04-15,5401,207,15,2,20.21,Damaged
14875,336261,2025-11-04,89,321,34,1,23.57,Quality Issue
14876,277857,2025-07-16,10400,713,32,1,293.91,Damaged
14877,197189,2025-01-30,14845,464,22,1,16.7,Damaged
14878,245336,2025-05-14,23446,341,6,1,16.95,Not Needed
14879,157006,2024-12-02,2467,476,18,1,11.61,Quality Issue
14880,139893,2024-10-23,20492,2,31,1,8.15,Quality Issue
14881,123278,2024-09-15,17365,398,5,2,46.07,Not Needed
14882,299964,2025-08-28,13450,419,25,2,45.28,Late Delivery
14883,199176,2025-02-10,9576,171,30,2,7.11,Late Delivery
14884,80550,2024-07-02,17359,18,33,1,3.8,Not Needed
14885,24383,2024-03-09,18547,200,20,2,13.75,Wrong Item
14886,158007,2024-11-28,100,553,20,2,32.52,Damaged
14887,155076,2024-11-11,1256,118,32,2,5.16,Not Needed
14888,366180,2026-01-05,1816,122,3,2,11.01,Wrong Item
14889,13447,2024-02-14,9101,593,22,1,17.48,Damaged
14890,45994,2024-04-24,2122,302,18,1,8.22,Damaged
14891,197825,2025-02-09,19876,142,22,1,7.06,Not Needed
14892,146775,2024-11-13,14277,349,7,2,24.51,Not Needed
14893,320851,2025-10-12,190,367,24,1,7.95,Not Needed
14894,295275,2025-08-07,17602,319,20,1,2.45,Quality Issue
14895,2303,2024-01-07,2829,200,34,1,22.19,Wrong Item
14896,73777,2024-06-15,16350,69,6,2,6.27,Wrong Item
14897,254562,2025-05-18,1919,128,13,1,28.77,Quality Issue
14898,357840,2025-12-30,22956,262,22,1,14.87,Damaged
14899,203911,2025-02-23,3777,176,14,1,5.07,Damaged
14900,269728,2025-06-23,7377,351,9,1,27.3,Late Delivery
14901,230200,2025-04-14,10541,481,13,1,13.6,Damaged
14902,258049,2025-06-10,2887,2,21,1,29.98,Damaged
14903,129701,2024-09-30,22275,322,3,1,66.58,Wrong Item
14904,258020,2025-06-10,14027,93,16,2,6.77,Not Needed
14905,361061,2025-12-25,13172,115,23,2,7.6,Quality Issue
14906,210066,2025-02-24,7890,150,8,1,1.35,Late Delivery
14907,209402,2025-02-28,1124,169,8,2,27.58,Not Needed
14908,174572,2024-12-19,14939,57,6,1,0.88,Damaged
14909,281296,2025-07-12,13616,516,24,1,71.24,Late Delivery
14910,343357,2025-11-26,20958,446,17,2,21.37,Quality Issue
14911,31579,2024-03-14,18771,463,31,1,16.69,Wrong Item
14912,235154,2025-04-11,6,362,32,1,49.78,Quality Issue
14913,148539,2024-11-06,14302,433,10,1,31.06,Quality Issue
14914,248556,2025-05-21,12595,209,21,2,12.6,Late Delivery
14915,167468,2024-12-03,22307,425,15,2,17.56,Not Needed
14916,102449,2024-08-05,4785,406,29,1,23.71,Late Delivery
14917,208963,2025-02-27,6055,279,9,1,78.46,Damaged
14918,117095,2024-09-12,13476,198,33,1,4.27,Quality Issue
14919,276040,2025-06-29,22438,464,17,1,22.94,Quality Issue
14920,67402,2024-06-09,7038,73,1,1,2.73,Quality Issue
14921,130380,2024-09-25,8426,560,22,1,13.55,Quality Issue
14922,210252,2025-02-22,4523,46,8,1,20.51,Not Needed
14923,111335,2024-08-26,15599,165,34,1,50.54,Damaged
14924,355828,2025-12-23,17674,22,25,2,24.52,Not Needed
14925,84528,2024-07-11,15612,421,2,1,23.38,Quality Issue
14926,101951,2024-07-31,16630,467,20,2,33.91,Quality Issue
14927,301882,2025-08-30,9404,614,26,2,146.02,Not Needed
14928,51844,2024-04-28,20765,706,12,1,19.87,Damaged
14929,184425,2025-01-06,9795,241,13,1,20.83,Quality Issue
14930,10827,2024-02-04,22310,217,17,1,36.07,Damaged
14931,75387,2024-06-09,23087,96,18,1,3.32,Not Needed
14932,113295,2024-09-06,1471,536,28,1,10.72,Late Delivery
14933,125985,2024-09-25,23384,466,2,1,26.51,Not Needed
14934,79265,2024-07-01,15015,4,5,1,29.71,Quality Issue
14935,177381,2024-12-31,221,109,15,1,24.97,Not Needed
14936,340657,2025-11-28,6470,134,9,1,19.28,Quality Issue
14937,166254,2024-11-29,14383,152,32,1,6.6,Not Needed
14938,93481,2024-07-30,10546,247,13,2,40.13,Not Needed
14939,320001,2025-10-02,5639,9,27,1,18.1,Late Delivery
14940,264727,2025-06-21,932,566,19,1,15.04,Damaged
14941,128902,2024-09-29,18956,595,27,1,403.19,Not Needed
14942,199195,2025-02-05,19166,108,12,1,3.58,Damaged
14943,285656,2025-07-25,6705,348,33,1,61.21,Not Needed
14944,254492,2025-05-20,20181,551,18,1,7.09,Damaged
14945,342796,2025-11-20,21317,249,19,2,84.97,Damaged
14946,281897,2025-07-19,2571,252,26,1,4.25,Wrong Item
14947,227180,2025-04-11,15303,352,22,1,8.65,Quality Issue
14948,12916,2024-02-07,18609,300,14,1,8.44,Not Needed
14949,50331,2024-05-06,646,588,14,1,362.29,Not Needed
14950,45120,2024-04-13,10088,215,29,1,33.38,Wrong Item
14951,17759,2024-02-25,21888,88,32,2,11.67,Quality Issue
14952,236255,2025-04-30,2406,652,9,1,195.66,Not Needed
14953,62320,2024-05-31,13553,681,20,1,76.95,Late Delivery
14954,243567,2025-05-01,23130,357,28,1,12.1,Quality Issue
14955,2774,2024-01-10,21875,600,14,1,26.56,Damaged
14956,1390,2024-01-21,5859,29,28,1,15.69,Quality Issue
14957,181237,2025-01-01,19831,162,17,1,4.2,Damaged
14958,43489,2024-04-17,11466,467,30,2,28.46,Late Delivery
14959,169825,2024-12-21,13039,578,21,1,23.84,Damaged
14960,303134,2025-08-27,22698,442,21,1,4.46,Not Needed
14961,257615,2025-06-04,7059,21,30,2,13.35,Quality Issue
14962,165345,2024-11-27,2222,173,19,2,15.23,Quality Issue
14963,157899,2024-11-29,21414,83,21,1,1.56,Not Needed
14964,336812,2025-11-07,13013,325,21,1,48.75,Damaged
14965,297849,2025-08-26,5500,412,1,2,32.72,Quality Issue
14966,314407,2025-09-26,16019,110,19,1,23.84,Not Needed
14967,139863,2024-10-25,17999,57,5,1,1.89,Quality Issue
14968,20331,2024-02-22,432,101,4,2,9.93,Quality Issue
14969,139224,2024-10-17,19794,200,22,2,10.47,Quality Issue
14970,294093,2025-08-21,6019,498,14,1,28.08,Not Needed
14971,321276,2025-10-11,5825,522,32,2,78.99,Damaged
14972,231794,2025-04-03,210,355,7,1,17.79,Wrong Item
14973,179835,2024-12-20,22509,529,8,2,51.9,Wrong Item
14974,268036,2025-06-27,24630,696,10,1,144.62,Not Needed
14975,229481,2025-04-16,12107,575,32,1,5.62,Damaged
14976,336596,2025-11-11,4965,234,9,1,15.28,Not Needed
14977,260133,2025-06-12,8387,105,26,2,17.69,Quality Issue
14978,56385,2024-05-03,16817,463,11,1,30.87,Wrong Item
14979,114378,2024-09-08,22945,35,7,2,6.73,Late Delivery
14980,255107,2025-05-20,17974,593,7,1,7.21,Wrong Item
14981,339962,2025-11-25,21683,337,18,1,33.81,Not Needed
14982,5730,2024-01-17,2719,136,8,2,30.18,Quality Issue
14983,157270,2024-11-29,12848,224,10,1,5.99,Late Delivery
14984,132689,2024-10-11,6954,657,2,1,337.52,Late Delivery
14985,169465,2024-12-09,744,124,29,1,14.3,Not Needed
14986,319830,2025-10-05,23167,111,24,1,21.88,Wrong Item
14987,225806,2025-03-26,15486,76,5,1,23.76,Not Needed
14988,249252,2025-05-13,12345,505,34,1,12.17,Wrong Item
14989,268911,2025-06-29,23769,219,21,1,2.65,Damaged
14990,231608,2025-04-21,7216,19,3,1,40.11,Damaged
14991,228631,2025-04-15,3864,56,18,1,2.84,Quality Issue
14992,179086,2024-12-19,19529,149,20,2,10.41,Wrong Item
14993,310963,2025-09-15,13099,419,7,1,45.02,Quality Issue
14994,81619,2024-06-27,4501,542,25,1,5.62,Not Needed
14995,46085,2024-04-22,23969,24,6,1,34.99,Not Needed
14996,192647,2025-01-12,2391,668,13,1,267.57,Late Delivery
14997,328154,2025-11-01,20488,484,14,1,11.97,Quality Issue
14998,272626,2025-07-04,24090,201,4,1,21.23,Not Needed
14999,126465,2024-09-22,21971,543,14,1,15.46,Not Needed
15000,324274,2025-10-11,7302,137,28,1,26.45,Not Needed
15001,126178,2024-09-22,15058,497,14,2,14.86,Damaged
15002,282259,2025-07-14,23824,212,10,1,13.96,Quality Issue
15003,328699,2025-10-22,3033,381,18,2,22.54,Not Needed
15004,103410,2024-08-02,97,160,16,2,10.16,Quality Issue
15005,185226,2025-01-04,2384,224,20,2,6.96,Not Needed
15006,272373,2025-07-05,2441,701,13,1,291.15,Quality Issue
15007,63826,2024-06-01,6716,149,7,2,5.34,Quality Issue
15008,180614,2025-01-10,16263,78,29,2,41.05,Quality Issue
15009,363889,2026-01-10,19562,493,29,1,18.48,Quality Issue
15010,105838,2024-08-25,10409,185,19,2,33.7,Quality Issue
15011,36499,2024-04-07,11774,205,22,1,1.65,Late Delivery
15012,136777,2024-10-18,5657,392,21,1,9.88,Not Needed
15013,92907,2024-07-22,605,546,31,1,26.51,Late Delivery
15014,93197,2024-07-16,20369,47,32,1,27.46,Damaged
15015,330891,2025-11-10,16628,433,34,1,29.19,Wrong Item
15016,274995,2025-07-04,20376,551,21,1,12.43,Not Needed
15017,259178,2025-05-27,5990,235,29,1,8.16,Damaged
15018,224027,2025-04-01,21382,210,22,2,23.77,Not Needed
15019,80234,2024-06-25,11292,100,8,2,7.89,Late Delivery
15020,68556,2024-06-02,16862,161,33,2,23.82,Wrong Item
15021,121108,2024-09-09,22684,120,25,1,7.76,Not Needed
15022,341298,2025-11-17,14359,575,21,1,11.31,Quality Issue
15023,209259,2025-03-05,4543,275,29,1,41.72,Wrong Item
15024,18697,2024-02-14,11746,125,32,2,14.83,Not Needed
15025,186538,2025-01-11,13061,220,21,2,23.23,Wrong Item
15026,238865,2025-04-27,9713,296,16,1,7.29,Quality Issue
15027,57906,2024-05-07,23508,436,12,2,37.2,Quality Issue
15028,146777,2024-11-09,12799,333,8,2,38.95,Damaged
15029,186142,2025-01-18,4590,63,33,1,18.96,Late Delivery
15030,7744,2024-02-03,20866,350,6,2,59.6,Damaged
15031,328216,2025-10-17,24754,196,30,1,6.63,Not Needed
15032,71705,2024-06-03,24819,146,29,1,4.97,Quality Issue
15033,149468,2024-11-02,15946,121,28,1,9.12,Not Needed
15034,328416,2025-11-04,22594,246,3,2,77.41,Not Needed
15035,12294,2024-02-01,4376,73,32,1,10.03,Late Delivery
15036,68894,2024-06-12,10928,125,2,1,6.27,Not Needed
15037,204054,2025-02-07,24587,80,29,1,19.63,Wrong Item
15038,51188,2024-05-02,24921,82,33,2,2.93,Late Delivery
15039,51549,2024-05-04,10399,682,27,1,185.79,Quality Issue
15040,289580,2025-07-31,3177,41,25,2,15.87,Wrong Item
15041,148039,2024-11-15,14872,149,9,1,4.29,Not Needed
15042,259070,2025-06-12,8062,31,13,1,8.03,Late Delivery
15043,251491,2025-05-27,20095,182,14,1,3.07,Damaged
15044,69431,2024-06-08,8417,367,2,2,31.02,Damaged
15045,258791,2025-06-06,12256,133,19,1,15.4,Quality Issue
15046,293605,2025-08-05,8011,548,4,2,31.28,Quality Issue
15047,194047,2025-01-27,14450,706,8,1,17.03,Damaged
15048,176530,2025-01-02,9274,216,13,1,39.48,Damaged
15049,140068,2024-10-20,535,450,6,1,5.16,Late Delivery
15050,81853,2024-06-21,17257,401,6,1,14.18,Not Needed
15051,262784,2025-06-05,20783,162,20,1,12.76,Not Needed
15052,295635,2025-08-15,23582,560,9,1,10.1,Quality Issue
15053,144089,2024-10-24,20915,605,11,1,94.84,Not Needed
15054,245438,2025-05-05,1469,490,26,1,13.38,Quality Issue
15055,104093,2024-08-05,10947,515,6,1,12.04,Damaged
15056,344397,2025-12-04,16217,85,7,2,11.24,Late Delivery
15057,258073,2025-05-31,23187,506,21,1,7.13,Damaged
15058,326428,2025-10-16,6611,201,2,1,13.74,Quality Issue
15059,363512,2026-01-03,14452,444,8,2,11.01,Not Needed
15060,330046,2025-10-30,5927,175,25,1,3.78,Late Delivery
15061,180340,2025-01-02,24588,177,6,2,28.09,Not Needed
15062,44568,2024-04-26,560,136,21,1,5.29,Quality Issue
15063,102595,2024-08-08,21547,645,12,1,154.84,Quality Issue
15064,143880,2024-11-08,10152,116,25,2,14.46,Not Needed
15065,250386,2025-05-11,17788,180,29,1,1.53,Late Delivery
15066,29233,2024-03-08,15688,105,32,2,6.18,Wrong Item
15067,203387,2025-02-08,24315,306,15,1,13.03,Late Delivery
15068,79903,2024-06-24,19143,422,22,1,28.69,Not Needed
15069,172348,2024-12-21,6890,56,30,2,8.29,Damaged
15070,342500,2025-12-01,2288,560,30,1,5.93,Late Delivery
15071,212254,2025-03-03,15772,137,9,1,35.46,Damaged
15072,143904,2024-11-07,4300,279,6,1,25.22,Quality Issue
15073,118691,2024-09-05,7338,511,6,1,31.16,Quality Issue
15074,28542,2024-03-07,21012,150,29,2,9.71,Not Needed
15075,228935,2025-03-29,14751,485,26,1,11.57,Wrong Item
15076,66663,2024-06-04,24690,218,17,1,30.58,Late Delivery
15077,98200,2024-07-22,19822,438,15,2,27.95,Late Delivery
15078,332995,2025-11-15,8311,484,23,1,16.81,Not Needed
15079,259657,2025-05-27,8111,462,2,1,28.69,Wrong Item
15080,41683,2024-04-16,3425,329,20,1,5.72,Not Needed
15081,285848,2025-07-22,22555,151,20,1,15.28,Late Delivery
15082,348553,2025-11-27,849,132,14,1,14.45,Late Delivery
15083,207932,2025-02-22,18855,111,18,2,13.58,Not Needed
15084,318118,2025-09-24,11672,43,1,1,4.67,Not Needed
15085,176788,2024-12-20,20494,79,28,1,3.98,Damaged
15086,144955,2024-10-27,21364,63,19,1,7.82,Not Needed
15087,275346,2025-07-11,23682,380,30,1,19.39,Late Delivery
15088,123702,2024-09-28,4150,382,31,1,5.76,Not Needed
15089,217911,2025-03-12,3474,241,24,1,20.39,Wrong Item
15090,26259,2024-03-14,17427,174,8,1,8.76,Late Delivery
15091,150236,2024-11-05,13115,371,5,1,11.13,Quality Issue
15092,344452,2025-11-30,5378,51,25,1,15.08,Not Needed
15093,305489,2025-09-10,17682,371,20,1,40.49,Not Needed
15094,281460,2025-07-19,15,542,9,2,25.62,Late Delivery
15095,179854,2024-12-30,9143,142,9,1,10.9,Not Needed
15096,261634,2025-05-31,10827,589,16,2,541.47,Late Delivery
15097,361325,2025-12-30,20518,459,21,1,19.52,Late Delivery
15098,286811,2025-07-25,22961,160,17,2,5.55,Wrong Item
15099,218993,2025-03-11,5732,152,33,2,24.31,Quality Issue
15100,24524,2024-02-28,4606,420,20,1,13.82,Quality Issue
15101,369068,2026-01-15,17339,24,29,1,29.74,Not Needed
15102,304110,2025-08-29,16966,465,8,1,3.03,Not Needed
15103,265434,2025-06-18,8725,441,33,1,14.13,Late Delivery
15104,261687,2025-06-06,574,131,10,2,9.91,Not Needed
15105,188327,2025-01-19,845,616,25,1,176.46,Late Delivery
15106,366460,2026-01-14,10106,167,1,2,39.01,Not Needed
15107,310115,2025-09-23,16870,120,33,2,12.13,Not Needed
15108,174095,2024-12-17,668,358,19,2,9.97,Damaged
15109,310741,2025-09-17,4734,259,30,2,23.05,Not Needed
15110,150055,2024-11-08,17151,114,1,1,2.63,Not Needed
15111,218331,2025-03-21,7024,148,20,1,8.78,Quality Issue
15112,214568,2025-03-11,15323,267,28,2,51.4,Not Needed
15113,180536,2024-12-23,12368,586,10,1,226.72,Quality Issue
15114,356047,2025-12-22,24699,383,5,1,13.57,Late Delivery
15115,54848,2024-05-12,21794,22,22,1,5.59,Not Needed
15116,176224,2025-01-02,20248,56,29,1,4.73,Damaged
15117,126263,2024-09-18,14889,99,20,1,16.09,Not Needed
15118,237604,2025-04-24,14084,383,5,1,7.16,Quality Issue
15119,352192,2025-12-13,7184,129,9,2,4.22,Late Delivery
15120,98047,2024-07-31,23149,515,1,1,32.38,Quality Issue
15121,33458,2024-03-31,19478,369,14,2,23.54,Damaged
15122,127801,2024-10-02,10243,435,28,2,9.17,Quality Issue
15123,192701,2025-02-01,1225,321,28,2,84.45,Not Needed
15124,176351,2024-12-21,14108,357,3,1,6.16,Late Delivery
15125,302633,2025-08-22,17605,231,24,1,22.93,Not Needed
15126,319689,2025-10-09,911,344,14,1,16.44,Not Needed
15127,242672,2025-04-23,16438,178,30,1,36.79,Not Needed
15128,129937,2024-09-27,3605,63,9,1,29.15,Quality Issue
15129,177137,2024-12-30,9592,338,2,1,12.94,Not Needed
15130,314919,2025-09-17,1006,254,30,1,29.04,Late Delivery
15131,226315,2025-04-08,19623,619,24,1,25.95,Not Needed
15132,343468,2025-11-30,15263,530,2,1,19.2,Damaged
15133,117887,2024-09-03,5474,43,25,1,8.32,Not Needed
15134,187591,2025-01-11,17321,59,6,1,8.52,Wrong Item
15135,363881,2025-12-24,14852,697,21,1,407.87,Damaged
15136,318604,2025-09-28,16467,384,20,1,18.75,Damaged
15137,229388,2025-04-05,145,374,10,2,27.56,Not Needed
15138,148769,2024-11-13,22696,537,29,1,19.91,Damaged
15139,229364,2025-04-13,15548,384,14,1,10.29,Late Delivery
15140,69708,2024-06-11,9908,646,9,1,155.62,Not Needed
15141,81691,2024-07-05,9509,155,21,2,12.91,Late Delivery
15142,79253,2024-06-16,22104,27,5,1,6.03,Late Delivery
15143,267816,2025-06-20,20860,152,9,1,6.08,Wrong Item
15144,260035,2025-06-11,11954,38,21,1,6.01,Damaged
15145,278398,2025-07-09,5866,316,33,2,24.47,Not Needed
15146,71736,2024-06-01,12705,303,18,2,66.19,Quality Issue
15147,45528,2024-04-19,20483,338,4,1,18.91,Quality Issue
15148,228955,2025-04-11,20714,96,29,2,4.88,Quality Issue
15149,153233,2024-11-24,6582,479,22,1,13.93,Damaged
15150,86973,2024-07-12,4281,216,24,1,6.17,Wrong Item
15151,103031,2024-08-20,12185,188,15,1,21.68,Damaged
15152,116928,2024-09-06,15357,250,16,1,5.7,Quality Issue
15153,324812,2025-10-11,8906,72,10,1,3.5,Quality Issue
15154,14107,2024-02-02,17165,8,8,2,8.18,Late Delivery
15155,24079,2024-03-12,12353,85,2,1,32.0,Late Delivery
15156,173695,2024-12-14,10433,85,34,2,10.37,Quality Issue
15157,360929,2025-12-26,22863,201,14,1,17.26,Damaged
15158,143766,2024-11-09,21838,337,18,1,13.72,Not Needed
15159,350789,2025-12-18,12298,30,3,1,2.03,Wrong Item
15160,52944,2024-04-26,906,414,1,2,17.48,Not Needed
15161,196144,2025-02-05,18454,234,21,1,7.05,Quality Issue
15162,111573,2024-08-27,16024,363,11,2,9.68,Wrong Item
15163,158483,2024-12-03,19392,497,21,2,7.29,Late Delivery
15164,137437,2024-10-13,10587,208,15,2,12.98,Wrong Item
15165,102680,2024-08-19,5808,128,4,1,11.15,Quality Issue
15166,231491,2025-04-08,8776,253,18,1,22.15,Quality Issue
15167,232289,2025-04-16,1276,155,28,2,16.68,Damaged
15168,167178,2024-12-07,3454,119,19,1,26.45,Not Needed
15169,75256,2024-06-23,22342,106,17,2,3.59,Not Needed
15170,11467,2024-02-10,18116,242,7,2,96.34,Damaged
15171,295718,2025-08-20,2829,99,23,2,8.27,Wrong Item
15172,118258,2024-09-03,9210,88,12,2,8.44,Wrong Item
15173,233658,2025-04-09,24573,256,30,1,70.02,Quality Issue
15174,147152,2024-10-30,5390,205,14,2,7.99,Not Needed
15175,44580,2024-04-22,3116,623,14,1,437.99,Not Needed
15176,200672,2025-02-05,1482,381,2,1,8.39,Late Delivery
15177,353500,2025-12-19,13913,13,15,2,11.24,Not Needed
15178,49248,2024-04-21,17336,374,9,1,24.43,Quality Issue
15179,158767,2024-11-21,5715,59,7,1,9.54,Quality Issue
15180,100443,2024-08-01,3495,31,18,2,2.33,Not Needed
15181,201835,2025-02-14,4670,433,21,1,46.84,Quality Issue
15182,112880,2024-08-30,7959,11,6,1,7.24,Damaged
15183,55285,2024-05-05,22025,118,16,1,2.84,Not Needed
15184,107805,2024-08-29,280,184,15,1,39.03,Not Needed
15185,221728,2025-03-22,2269,462,14,1,20.66,Damaged
15186,192312,2025-01-24,12972,178,7,2,15.01,Not Needed
15187,337237,2025-11-18,15989,493,29,1,18.65,Damaged
15188,68705,2024-06-04,8016,211,30,1,19.41,Quality Issue
15189,353151,2025-12-20,2331,278,4,2,5.42,Not Needed
15190,3960,2024-01-22,19763,37,22,1,16.32,Late Delivery
15191,241172,2025-04-26,16040,634,27,1,190.02,Damaged
15192,210831,2025-03-03,13894,167,31,1,5.97,Not Needed
15193,322353,2025-10-11,5641,473,1,2,10.91,Not Needed
15194,316658,2025-09-26,5591,451,14,2,69.19,Not Needed
15195,363813,2025-12-25,17484,138,6,1,14.0,Not Needed
15196,60312,2024-05-23,9208,81,24,2,30.77,Late Delivery
15197,362120,2025-12-22,13648,303,9,2,65.31,Damaged
15198,179586,2024-12-29,4496,247,9,1,23.09,Not Needed
15199,142455,2024-10-27,18387,194,24,2,3.75,Late Delivery
15200,268979,2025-06-27,20297,438,8,1,12.48,Not Needed
15201,44002,2024-04-07,12576,129,11,2,7.93,Damaged
15202,113111,2024-08-22,7127,410,19,1,27.43,Damaged
15203,336829,2025-11-09,23580,16,9,1,2.97,Quality Issue
15204,21762,2024-03-09,8720,171,2,2,6.94,Not Needed
15205,100906,2024-08-06,19858,212,33,1,5.47,Damaged
15206,112675,2024-08-27,15983,73,11,2,30.36,Not Needed
15207,309101,2025-09-17,4983,396,18,2,40.13,Damaged
15208,322832,2025-10-08,23619,55,29,1,10.28,Not Needed
15209,358721,2025-12-15,11951,76,30,2,24.65,Damaged
15210,220473,2025-03-20,19733,86,7,1,5.47,Quality Issue
15211,122558,2024-09-21,22539,140,26,2,10.83,Not Needed
15212,183080,2024-12-29,20458,465,13,2,5.07,Wrong Item
15213,275462,2025-07-03,4936,541,7,1,16.53,Quality Issue
15214,323427,2025-10-06,18662,717,27,1,445.42,Damaged
15215,257700,2025-06-07,15167,360,32,1,7.13,Damaged
15216,213886,2025-03-07,11491,509,32,1,16.89,Quality Issue
15217,61358,2024-05-11,16419,31,6,2,2.03,Not Needed
15218,40862,2024-04-13,2210,406,33,1,17.78,Damaged
15219,125759,2024-09-16,16182,38,34,1,3.34,Not Needed
15220,278661,2025-07-18,22852,530,33,1,85.86,Not Needed
15221,121839,2024-09-06,24165,164,9,1,12.64,Not Needed
15222,200370,2025-02-12,15124,268,8,1,82.06,Quality Issue
15223,38564,2024-03-31,9098,645,29,1,115.37,Quality Issue
15224,163183,2024-11-25,21385,367,18,1,6.6,Not Needed
15225,239141,2025-04-20,13903,396,9,1,12.78,Not Needed
15226,264225,2025-06-14,21026,381,9,2,23.93,Quality Issue
15227,161145,2024-11-30,5937,79,34,2,37.61,Damaged
15228,30091,2024-03-27,23762,536,14,1,9.2,Not Needed
15229,260763,2025-06-12,23062,417,7,1,8.28,Quality Issue
15230,141015,2024-11-03,4827,556,5,2,39.08,Quality Issue
15231,363599,2025-12-22,8441,263,32,1,18.27,Not Needed
15232,134781,2024-10-14,22552,313,5,1,4.53,Quality Issue
15233,76775,2024-06-26,9273,109,34,2,5.4,Damaged
15234,179262,2024-12-30,20925,202,6,1,18.17,Quality Issue
15235,63142,2024-05-25,1770,639,25,1,116.5,Not Needed
15236,66642,2024-06-02,15149,131,7,1,3.54,Quality Issue
15237,297958,2025-08-11,737,100,8,2,24.98,Quality Issue
15238,187389,2025-01-19,11322,472,21,1,3.2,Quality Issue
15239,48386,2024-04-26,6223,82,27,2,3.52,Not Needed
15240,43796,2024-04-15,215,48,27,1,0.84,Not Needed
15241,59916,2024-05-15,12851,1,32,2,3.47,Late Delivery
15242,151630,2024-11-18,20564,249,27,1,28.19,Quality Issue
15243,284469,2025-07-18,3233,599,13,1,62.73,Quality Issue
15244,143428,2024-11-02,16675,273,24,1,10.57,Wrong Item
15245,15223,2024-02-10,3893,389,5,2,45.32,Wrong Item
15246,255536,2025-06-06,22897,74,29,2,7.86,Not Needed
15247,104664,2024-08-22,1791,348,32,1,30.09,Not Needed
15248,280083,2025-07-09,19272,177,34,2,20.19,Quality Issue
15249,22751,2024-03-08,980,329,14,1,21.23,Quality Issue
15250,177296,2025-01-03,22150,408,4,1,3.96,Not Needed
15251,13434,2024-01-31,21709,9,19,1,23.05,Not Needed
15252,45002,2024-04-11,12869,457,21,1,15.32,Wrong Item
15253,328373,2025-10-25,21675,708,2,1,56.47,Wrong Item
15254,224917,2025-03-20,10215,225,23,1,63.17,Late Delivery
15255,328860,2025-10-25,7819,650,33,1,276.64,Wrong Item
15256,252456,2025-05-17,4231,198,19,2,22.53,Late Delivery
15257,182751,2025-01-01,12452,53,31,2,8.71,Not Needed
15258,237934,2025-04-23,4770,310,16,1,8.62,Not Needed
15259,352187,2025-12-12,726,186,10,2,3.35,Not Needed
15260,238008,2025-05-01,14852,363,24,1,9.07,Wrong Item
15261,334298,2025-11-04,6830,216,8,2,11.34,Damaged
15262,66107,2024-06-02,23036,578,3,1,13.01,Not Needed
15263,241841,2025-04-22,15188,112,8,1,5.56,Wrong Item
15264,161405,2024-12-01,18523,31,15,1,6.7,Quality Issue
15265,290709,2025-08-11,15129,125,21,2,19.1,Quality Issue
15266,230751,2025-04-12,13419,396,6,1,23.82,Quality Issue
15267,337454,2025-11-08,17645,272,9,2,30.08,Late Delivery
15268,18336,2024-02-25,14740,682,8,1,174.34,Quality Issue
15269,186128,2025-01-14,5140,261,32,1,9.6,Quality Issue
15270,168633,2024-12-05,22422,695,24,1,199.81,Late Delivery
15271,353195,2025-12-14,22599,206,24,1,27.35,Not Needed
15272,346815,2025-11-29,4285,275,21,1,30.67,Not Needed
15273,292239,2025-08-08,10646,516,8,1,12.9,Not Needed
15274,228937,2025-04-06,5750,704,2,1,79.33,Wrong Item
15275,304865,2025-09-08,4154,507,7,2,9.15,Not Needed
15276,195565,2025-01-22,4035,237,15,1,28.66,Quality Issue
15277,95811,2024-07-26,6166,361,34,1,12.89,Quality Issue
15278,39789,2024-04-03,11052,559,19,1,25.62,Damaged
15279,204075,2025-02-07,14237,14,2,2,8.06,Quality Issue
15280,255560,2025-05-29,9124,119,9,1,5.96,Not Needed
15281,248473,2025-05-05,16048,502,28,1,35.78,Quality Issue
15282,298939,2025-08-17,11836,400,13,2,68.93,Late Delivery
15283,253739,2025-05-28,22085,384,24,1,8.58,Damaged
15284,130170,2024-10-04,19296,417,4,1,22.01,Damaged
15285,193506,2025-01-19,19491,373,18,2,24.13,Not Needed
15286,90482,2024-07-13,11630,455,26,1,6.5,Quality Issue
15287,165050,2024-12-12,16572,361,25,2,44.06,Not Needed
15288,348085,2025-12-07,4829,210,6,1,3.88,Late Delivery
15289,323683,2025-10-23,11661,3,14,1,4.0,Quality Issue
15290,144332,2024-11-05,10045,150,33,1,2.73,Late Delivery
15291,246902,2025-05-01,2577,255,18,2,58.36,Damaged
15292,57399,2024-05-22,7299,190,14,2,27.43,Not Needed
15293,55875,2024-05-04,23686,475,14,1,20.29,Not Needed
15294,193694,2025-01-22,11768,633,28,1,254.32,Quality Issue
15295,204230,2025-02-06,12126,682,21,1,152.47,Quality Issue
15296,338569,2025-11-09,8395,83,4,1,2.27,Late Delivery
15297,263893,2025-06-07,4261,70,3,1,9.99,Wrong Item
15298,204873,2025-02-11,7205,681,22,1,66.0,Damaged
15299,345191,2025-11-26,23335,68,4,1,17.8,Not Needed
15300,137582,2024-10-21,115,5,5,1,26.19,Damaged
15301,273752,2025-07-10,10898,675,11,1,125.35,Not Needed
15302,98361,2024-08-04,9958,87,3,2,1.53,Wrong Item
15303,137571,2024-10-10,17578,308,11,2,115.35,Wrong Item
15304,17004,2024-02-18,14622,40,33,2,14.57,Damaged
15305,125150,2024-09-24,18007,700,17,1,197.24,Wrong Item
15306,304998,2025-08-31,18419,481,11,1,40.2,Late Delivery
15307,23429,2024-02-26,23575,97,14,2,1.67,Quality Issue
15308,306704,2025-09-04,17035,555,20,1,20.71,Damaged
15309,174743,2024-12-20,117,401,12,2,31.45,Quality Issue
15310,86713,2024-07-09,3701,208,19,1,24.41,Not Needed
15311,174547,2024-12-29,5835,173,31,2,36.2,Not Needed
15312,47448,2024-04-16,15147,64,31,2,15.2,Quality Issue
15313,154309,2024-11-13,22600,396,32,1,37.04,Quality Issue
15314,358713,2025-12-21,23481,568,18,1,9.3,Quality Issue
15315,67120,2024-05-27,11110,68,17,1,11.16,Not Needed
15316,189589,2025-01-21,1563,455,17,2,12.06,Not Needed
15317,1804,2024-01-25,7884,26,19,1,17.43,Not Needed
15318,113718,2024-09-09,1533,88,17,1,18.91,Not Needed
15319,28585,2024-03-14,24926,218,17,1,16.04,Late Delivery
15320,143848,2024-10-25,157,128,34,1,16.28,Damaged
15321,128533,2024-10-02,5510,139,18,1,16.01,Late Delivery
15322,345458,2025-11-22,20116,1,3,2,3.45,Damaged
15323,21702,2024-02-19,22562,442,26,1,11.56,Not Needed
15324,298848,2025-08-15,15650,104,28,1,15.94,Quality Issue
15325,104548,2024-08-12,2866,427,20,1,2.25,Not Needed
15326,355086,2025-12-12,10963,253,33,2,94.41,Quality Issue
15327,207416,2025-02-17,15761,265,16,1,35.78,Damaged
15328,51008,2024-05-08,12029,605,7,1,207.05,Quality Issue
15329,231255,2025-04-14,4391,117,16,1,17.14,Quality Issue
15330,186163,2025-01-04,20400,192,1,2,15.23,Damaged
15331,78242,2024-06-24,22761,74,29,1,12.73,Damaged
15332,24222,2024-03-11,5870,130,24,1,1.41,Not Needed
15333,69797,2024-06-13,2949,107,21,1,3.51,Not Needed
15334,327735,2025-10-23,24095,374,22,1,5.57,Damaged
15335,89591,2024-07-19,13932,45,19,2,16.21,Quality Issue
15336,362727,2026-01-07,18083,522,11,1,55.91,Damaged
15337,161291,2024-12-03,8294,159,11,2,19.5,Quality Issue
15338,91518,2024-07-10,10403,676,23,1,324.39,Not Needed
15339,45277,2024-04-19,14917,278,10,2,9.9,Late Delivery
15340,135308,2024-10-12,16382,5,30,1,7.37,Late Delivery
15341,36325,2024-04-01,14624,473,4,2,11.89,Late Delivery
15342,42839,2024-04-06,18295,129,22,1,3.01,Quality Issue
15343,137247,2024-10-19,12178,135,33,1,9.57,Quality Issue
15344,175948,2024-12-30,12111,432,31,2,11.18,Late Delivery
15345,302649,2025-08-25,7656,365,6,2,24.03,Quality Issue
15346,165538,2024-11-28,19084,567,14,1,5.2,Quality Issue
15347,161389,2024-11-21,22925,460,29,2,54.84,Damaged
15348,44730,2024-04-16,23381,614,11,1,59.04,Late Delivery
15349,336303,2025-11-06,14333,86,9,1,10.64,Wrong Item
15350,62557,2024-05-13,19583,505,14,1,104.99,Wrong Item
15351,275807,2025-07-04,7107,220,10,1,27.53,Late Delivery
15352,232748,2025-04-16,10979,151,32,1,5.98,Damaged
15353,43653,2024-04-10,8316,54,8,1,2.17,Wrong Item
15354,150884,2024-11-10,23791,49,34,2,11.59,Damaged
15355,83683,2024-07-07,2908,509,31,2,23.72,Late Delivery
15356,72593,2024-06-06,7937,488,30,1,8.96,Quality Issue
15357,307705,2025-09-04,6764,224,12,1,2.28,Not Needed
15358,272320,2025-06-29,8077,99,2,1,19.51,Damaged
15359,12048,2024-02-01,10891,563,21,2,35.67,Not Needed
15360,141663,2024-10-17,10584,561,29,1,23.42,Not Needed
15361,128277,2024-09-27,8337,161,14,1,18.11,Not Needed
15362,66444,2024-06-09,17196,556,8,1,28.67,Quality Issue
15363,256888,2025-05-31,21944,109,1,2,12.1,Late Delivery
15364,309944,2025-09-06,23193,64,25,1,24.09,Quality Issue
15365,13699,2024-02-19,13233,495,21,1,24.63,Late Delivery
15366,131761,2024-10-02,5183,238,14,1,53.98,Quality Issue
15367,149296,2024-11-11,20811,100,33,2,9.72,Quality Issue
15368,52912,2024-05-06,16098,227,20,1,7.12,Not Needed
15369,235924,2025-04-27,6205,286,9,1,20.12,Damaged
15370,6114,2024-01-17,17341,80,11,1,17.86,Damaged
15371,159222,2024-11-20,11179,96,15,1,6.62,Quality Issue
15372,60406,2024-05-20,43,512,30,2,36.34,Wrong Item
15373,309114,2025-09-11,6950,129,18,1,5.29,Damaged
15374,50955,2024-04-30,3607,526,15,1,24.67,Late Delivery
15375,126329,2024-09-26,18479,255,17,2,61.88,Not Needed
15376,345802,2025-11-27,6839,31,21,1,0.63,Wrong Item
15377,288110,2025-08-01,876,70,22,2,7.12,Quality Issue
15378,316364,2025-10-08,1006,276,15,1,61.53,Late Delivery
15379,106485,2024-08-19,14604,160,14,1,2.56,Damaged
15380,227353,2025-04-07,21965,11,34,1,17.78,Quality Issue
15381,200033,2025-02-10,18432,330,4,2,40.15,Not Needed
15382,28696,2024-03-19,16113,189,21,1,3.74,Quality Issue
15383,57243,2024-05-09,2684,703,22,1,260.96,Quality Issue
15384,8942,2024-02-06,8165,73,29,1,9.99,Not Needed
15385,82332,2024-07-06,1600,422,32,1,27.16,Not Needed
15386,16783,2024-02-09,3360,523,27,1,25.0,Quality Issue
15387,323129,2025-10-22,17507,22,8,1,27.83,Not Needed
15388,200504,2025-02-04,13980,566,34,2,55.33,Damaged
15389,38146,2024-04-07,2640,176,19,1,2.42,Late Delivery
15390,86839,2024-07-10,14048,173,32,2,19.75,Not Needed
15391,236456,2025-04-24,11222,471,17,1,16.57,Wrong Item
15392,354099,2025-12-16,21773,124,29,2,10.35,Quality Issue
15393,198522,2025-02-13,3899,309,20,1,23.53,Late Delivery
15394,346705,2025-12-08,13323,124,21,1,4.87,Not Needed
15395,301731,2025-08-22,24464,121,18,2,6.73,Damaged
15396,168309,2024-12-10,3416,68,25,1,25.49,Late Delivery
15397,234211,2025-04-18,1546,432,28,2,37.41,Late Delivery
15398,57145,2024-05-10,780,520,2,1,28.88,Damaged
15399,172010,2024-12-08,11314,389,25,1,24.39,Quality Issue
15400,365432,2026-01-13,10878,222,21,1,3.0,Quality Issue
15401,329248,2025-11-07,24794,166,18,1,2.65,Damaged
15402,358667,2025-12-28,7153,355,2,1,72.01,Not Needed
15403,154263,2024-11-11,8098,304,1,1,4.16,Damaged
15404,25942,2024-03-13,15149,39,33,1,1.08,Damaged
15405,197064,2025-01-26,21434,136,13,1,7.07,Damaged
15406,103825,2024-08-12,7552,224,9,2,8.2,Quality Issue
15407,335336,2025-11-20,7028,416,5,2,13.54,Damaged
15408,223384,2025-04-01,21411,540,22,1,15.23,Not Needed
15409,268564,2025-06-29,1609,316,29,1,14.44,Late Delivery
15410,245787,2025-05-03,10171,613,7,1,215.72,Quality Issue
15411,353702,2025-12-17,19886,27,28,1,7.07,Late Delivery
15412,167929,2024-12-03,10664,460,15,2,72.51,Late Delivery
15413,41337,2024-04-03,19947,497,5,1,3.19,Damaged
15414,326668,2025-10-25,2852,311,32,1,40.56,Damaged
15415,306151,2025-09-09,246,632,19,1,349.93,Damaged
15416,170312,2024-12-10,14769,116,11,1,15.89,Not Needed
15417,40924,2024-04-14,6769,148,1,1,4.26,Damaged
15418,249008,2025-05-24,8334,518,30,2,5.06,Late Delivery
15419,70483,2024-05-31,6203,586,19,1,371.17,Not Needed
15420,353916,2025-12-24,24117,60,18,2,40.16,Late Delivery
15421,339384,2025-11-19,15702,430,34,1,9.08,Wrong Item
15422,314251,2025-09-19,24839,567,11,1,5.4,Not Needed
15423,46224,2024-04-28,23094,425,7,2,23.35,Wrong Item
15424,307624,2025-09-17,1874,158,11,2,25.18,Not Needed
15425,266456,2025-06-16,15256,397,22,1,7.26,Damaged
15426,189685,2025-01-09,18088,367,24,2,35.34,Damaged
15427,223862,2025-03-24,22513,338,6,1,13.34,Damaged
15428,219927,2025-03-23,3159,161,25,1,31.36,Not Needed
15429,366439,2026-01-07,23719,460,22,1,44.39,Not Needed
15430,51271,2024-05-05,2673,351,24,1,13.75,Late Delivery
15431,259888,2025-06-13,11925,152,3,1,5.8,Not Needed
15432,64818,2024-05-29,6600,217,30,2,18.72,Late Delivery
15433,280399,2025-07-13,16161,165,20,2,45.3,Not Needed
15434,4298,2024-01-25,20471,337,24,1,12.89,Late Delivery
15435,165687,2024-11-30,18951,712,32,1,352.2,Not Needed
15436,211862,2025-03-09,11281,31,15,2,6.09,Quality Issue
15437,12831,2024-02-04,18223,557,23,1,2.94,Wrong Item
15438,318196,2025-10-04,17654,128,18,1,21.58,Not Needed
15439,365150,2025-12-27,9657,257,33,1,20.62,Wrong Item
15440,244160,2025-05-15,7993,189,21,1,3.35,Not Needed
15441,31110,2024-03-26,1937,468,10,1,14.94,Not Needed
15442,136318,2024-10-10,21143,438,34,1,13.45,Wrong Item
15443,347920,2025-11-27,7449,523,19,1,42.02,Wrong Item
15444,317292,2025-10-05,24240,254,29,2,81.8,Not Needed
15445,249199,2025-05-14,16374,166,6,2,8.66,Wrong Item
15446,214541,2025-03-08,15318,457,31,1,17.0,Late Delivery
15447,278898,2025-07-17,24763,381,21,1,9.13,Damaged
15448,125383,2024-09-19,4205,618,34,1,273.46,Quality Issue
15449,225237,2025-03-22,22967,199,29,1,4.46,Late Delivery
15450,356736,2025-12-21,24706,476,27,1,25.99,Wrong Item
15451,318184,2025-10-06,5693,420,8,1,75.45,Damaged
15452,132075,2024-10-07,19771,163,25,2,12.51,Quality Issue
15453,191190,2025-01-24,12961,135,20,1,8.35,Quality Issue
15454,226659,2025-03-28,13933,589,34,1,286.4,Damaged
15455,143978,2024-11-06,14279,6,34,2,9.69,Wrong Item
15456,147768,2024-11-11,11347,22,7,2,13.7,Wrong Item
15457,158557,2024-11-20,3707,62,18,1,19.86,Not Needed
15458,79149,2024-06-28,1662,115,19,1,1.77,Not Needed
15459,212180,2025-03-02,14912,671,29,1,115.48,Quality Issue
15460,284240,2025-07-21,2391,271,24,1,11.93,Not Needed
15461,317175,2025-09-22,3520,453,32,2,86.03,Damaged
15462,81421,2024-07-01,19897,267,14,1,29.08,Late Delivery
15463,84794,2024-07-11,3354,142,11,2,10.05,Not Needed
15464,8142,2024-02-01,1152,694,11,1,218.41,Quality Issue
15465,155810,2024-11-17,5434,474,2,1,4.07,Quality Issue
15466,245819,2025-05-10,9773,328,5,1,12.39,Not Needed
15467,58271,2024-05-05,11896,130,18,1,1.98,Quality Issue
15468,282421,2025-07-17,8985,26,19,1,14.61,Wrong Item
15469,286799,2025-08-04,16038,4,14,2,15.4,Not Needed
15470,135991,2024-10-13,23640,510,4,1,13.4,Late Delivery
15471,315214,2025-09-24,20089,294,17,1,13.88,Wrong Item
15472,367656,2025-12-30,6305,299,15,1,12.69,Damaged
15473,20718,2024-02-22,22257,204,1,2,13.16,Quality Issue
15474,299577,2025-08-27,15599,445,13,1,20.59,Not Needed
15475,335717,2025-11-13,3144,445,6,2,53.85,Not Needed
15476,85170,2024-07-12,17335,179,18,1,11.4,Late Delivery
15477,202906,2025-02-13,22909,466,29,1,18.22,Late Delivery
15478,360258,2026-01-03,21291,481,9,1,9.63,Quality Issue
15479,43246,2024-04-16,17803,444,8,2,12.7,Quality Issue
15480,43712,2024-04-18,6203,367,27,1,7.83,Not Needed
15481,20048,2024-03-04,2219,398,6,1,16.2,Late Delivery
15482,334292,2025-10-30,10629,634,15,1,92.14,Not Needed
15483,308724,2025-09-19,4476,399,32,2,25.57,Quality Issue
15484,362141,2025-12-22,1112,317,5,2,11.99,Damaged
15485,251434,2025-05-28,22382,180,34,1,5.82,Not Needed
15486,158873,2024-11-22,7959,464,27,1,71.93,Quality Issue
15487,134875,2024-10-14,3184,68,30,1,20.96,Late Delivery
15488,362769,2025-12-29,9404,697,32,1,312.87,Damaged
15489,73071,2024-06-22,8005,191,24,1,2.08,Wrong Item
15490,72411,2024-06-03,17924,297,29,1,13.48,Damaged
15491,146925,2024-11-03,20040,239,14,1,14.77,Not Needed
15492,32083,2024-03-14,22008,391,34,1,6.13,Not Needed
15493,83249,2024-06-25,12441,146,17,1,19.78,Wrong Item
15494,232476,2025-04-11,6659,18,29,1,1.91,Quality Issue
15495,309449,2025-09-14,12383,302,15,1,5.58,Quality Issue
15496,135120,2024-10-11,4068,145,18,2,13.14,Damaged
15497,343153,2025-11-29,16302,385,12,2,18.26,Quality Issue
15498,343220,2025-12-01,1589,412,21,1,14.32,Damaged
15499,213054,2025-03-02,23848,175,23,1,3.62,Damaged
15500,39943,2024-04-14,22139,32,5,2,28.63,Wrong Item
15501,9552,2024-01-24,22658,594,33,1,109.25,Late Delivery
15502,75864,2024-06-15,6535,699,33,1,210.97,Quality Issue
15503,363097,2025-12-24,15046,121,33,1,18.54,Quality Issue
15504,23749,2024-03-04,909,567,15,1,5.33,Wrong Item
15505,12278,2024-02-02,6972,103,10,2,10.21,Damaged
15506,184760,2025-01-08,16822,200,4,1,5.82,Quality Issue
15507,125324,2024-09-15,1821,200,29,1,4.12,Damaged
15508,122596,2024-09-23,5809,125,9,1,5.41,Quality Issue
15509,250109,2025-05-21,593,309,18,1,26.02,Quality Issue
15510,19332,2024-02-17,17373,232,31,1,10.09,Not Needed
15511,68142,2024-05-28,9961,120,24,1,41.66,Late Delivery
15512,94769,2024-07-28,11177,174,27,1,6.46,Not Needed
15513,99801,2024-07-26,9201,290,21,1,13.11,Damaged
15514,86592,2024-07-19,3795,57,4,1,2.48,Not Needed
15515,196387,2025-02-04,11070,42,30,1,1.62,Damaged
15516,271546,2025-06-25,6606,58,5,2,12.18,Damaged
15517,15269,2024-02-10,14175,336,23,1,15.01,Quality Issue
15518,317199,2025-10-03,16747,492,18,2,23.04,Not Needed
15519,335364,2025-11-01,10062,226,1,2,43.47,Not Needed
15520,191802,2025-01-20,16942,166,19,1,1.29,Not Needed
15521,32603,2024-03-20,16145,269,9,1,23.18,Damaged
15522,207944,2025-02-25,13171,90,9,1,5.5,Not Needed
15523,8110,2024-01-28,3443,66,32,1,3.44,Damaged
15524,121464,2024-09-21,6146,165,9,1,6.54,Damaged
15525,304171,2025-08-24,23045,49,27,2,9.6,Late Delivery
15526,59312,2024-05-25,20311,15,28,1,11.11,Not Needed
15527,295534,2025-08-10,5417,161,15,2,30.87,Not Needed
15528,172093,2024-12-19,9878,137,29,1,16.16,Damaged
15529,177559,2024-12-27,15092,654,7,1,427.77,Damaged
15530,139345,2024-10-13,14405,261,6,2,42.34,Damaged
15531,148459,2024-10-30,281,576,20,1,74.09,Not Needed
15532,355826,2025-12-13,6480,579,5,1,27.07,Damaged
15533,329742,2025-11-05,13022,165,3,2,30.24,Quality Issue
15534,190759,2025-01-27,18187,712,18,1,436.12,Not Needed
15535,20871,2024-02-24,1751,408,14,1,4.65,Wrong Item
15536,218700,2025-03-25,14013,398,4,1,18.43,Not Needed
15537,222826,2025-03-15,19579,147,4,1,25.72,Not Needed
15538,243057,2025-05-06,10743,203,15,2,8.18,Quality Issue
15539,253669,2025-05-16,13856,6,21,1,6.46,Quality Issue
15540,368939,2026-01-04,7918,59,26,1,23.85,Wrong Item
15541,162544,2024-11-23,16258,608,20,1,187.16,Quality Issue
15542,323655,2025-10-13,6637,550,33,1,19.31,Quality Issue
15543,320249,2025-10-09,17044,331,32,2,54.8,Not Needed
15544,235626,2025-04-23,7590,332,31,2,50.01,Wrong Item
15545,300763,2025-08-17,6229,77,8,1,4.92,Late Delivery
15546,295724,2025-08-11,13650,425,34,1,14.7,Damaged
15547,19401,2024-03-04,9196,252,23,1,14.66,Not Needed
15548,283501,2025-07-11,10547,21,27,1,3.7,Not Needed
15549,145855,2024-10-26,24431,487,29,1,4.49,Quality Issue
15550,242730,2025-05-12,1362,475,18,1,16.5,Late Delivery
15551,219158,2025-03-21,17886,13,11,1,2.72,Damaged
15552,34788,2024-04-03,3780,174,16,1,3.32,Quality Issue
15553,352931,2025-12-19,12864,127,1,2,29.58,Not Needed
15554,13313,2024-02-19,9826,579,29,1,99.38,Damaged
15555,310454,2025-09-16,8562,88,16,1,23.18,Quality Issue
15556,190495,2025-01-23,13196,379,17,2,22.32,Not Needed
15557,45072,2024-04-17,23053,128,4,1,13.56,Not Needed
15558,62125,2024-05-22,5543,61,23,2,13.52,Late Delivery
15559,150315,2024-11-22,12147,70,12,1,3.26,Damaged
15560,121110,2024-09-19,14750,56,8,1,9.21,Quality Issue
15561,153524,2024-11-26,7265,269,31,1,44.45,Quality Issue
15562,192169,2025-01-16,17052,145,18,1,5.77,Not Needed
15563,335868,2025-11-20,13005,542,34,1,3.03,Quality Issue
15564,54229,2024-04-28,18791,644,19,1,333.0,Not Needed
15565,356910,2025-12-26,16854,131,24,1,2.01,Late Delivery
15566,92098,2024-07-12,1441,678,1,1,159.85,Not Needed
15567,50552,2024-04-30,6057,183,23,2,6.84,Not Needed
15568,29105,2024-03-14,18581,263,33,1,48.81,Not Needed
15569,43301,2024-04-23,16213,532,24,1,14.01,Damaged
15570,44609,2024-04-09,15208,63,32,1,12.54,Damaged
15571,185030,2025-01-03,3637,2,25,1,13.34,Late Delivery
15572,167190,2024-12-11,24711,206,1,1,19.15,Not Needed
15573,246281,2025-05-16,5475,502,34,1,13.83,Not Needed
15574,134998,2024-10-05,3177,432,21,1,6.07,Late Delivery
15575,63810,2024-05-26,10928,625,33,1,384.71,Late Delivery
15576,47746,2024-04-26,20710,554,23,1,4.5,Not Needed
15577,281738,2025-07-20,23503,60,6,2,28.36,Quality Issue
15578,111537,2024-08-29,23633,467,10,1,25.71,Damaged
15579,124586,2024-09-22,7582,5,15,2,21.33,Not Needed
15580,20215,2024-02-26,8847,73,18,1,4.16,Not Needed
15581,73901,2024-06-20,5933,124,20,1,10.48,Not Needed
15582,38488,2024-04-10,18329,195,8,1,10.92,Late Delivery
15583,170000,2024-12-23,18404,62,13,1,39.3,Late Delivery
15584,250877,2025-05-27,7314,581,8,1,4.62,Damaged
15585,271853,2025-07-04,6761,34,9,2,18.59,Quality Issue
15586,165086,2024-11-30,5817,181,29,2,2.23,Not Needed
15587,37415,2024-04-09,10022,232,34,1,57.66,Damaged
15588,364994,2025-12-28,13281,116,22,1,2.97,Damaged
15589,88070,2024-07-08,10593,518,27,1,9.61,Quality Issue
15590,162274,2024-12-06,9839,224,34,2,8.51,Damaged
15591,248378,2025-05-07,20598,210,24,1,14.59,Not Needed
15592,367753,2026-01-16,8946,208,31,2,17.53,Damaged
15593,174612,2024-12-27,24304,428,7,1,39.81,Not Needed
15594,154259,2024-11-11,3743,178,31,1,14.66,Late Delivery
15595,148841,2024-11-01,8946,481,3,1,15.34,Quality Issue
15596,59750,2024-05-17,19777,100,3,2,17.16,Not Needed
15597,19007,2024-02-15,1808,148,6,1,27.8,Not Needed
15598,107821,2024-08-21,18328,19,16,1,26.13,Not Needed
15599,134200,2024-10-14,3996,50,8,2,26.19,Not Needed
15600,165978,2024-12-12,6942,181,17,1,0.58,Quality Issue
15601,151686,2024-11-06,13846,197,6,1,2.01,Damaged
15602,338902,2025-11-21,20386,192,25,1,26.08,Quality Issue
15603,122459,2024-09-15,20082,55,12,1,18.04,Not Needed
15604,24868,2024-03-04,18756,156,18,1,1.97,Quality Issue
15605,63037,2024-05-16,23733,681,33,1,99.03,Late Delivery
15606,48641,2024-04-27,5465,116,13,1,16.57,Late Delivery
15607,158995,2024-12-03,643,641,22,1,100.18,Damaged
15608,338533,2025-11-12,320,328,28,2,16.54,Damaged
15609,223073,2025-03-25,17756,10,15,2,28.74,Damaged
15610,296464,2025-08-19,3038,192,1,1,19.91,Wrong Item
15611,19774,2024-02-27,19794,247,5,2,24.32,Wrong Item
15612,365763,2026-01-09,4474,40,7,2,18.44,Not Needed
15613,69340,2024-06-13,7618,155,7,1,11.06,Damaged
15614,74813,2024-06-09,5167,165,32,2,35.53,Not Needed
15615,229837,2025-04-03,15168,570,32,1,9.16,Quality Issue
15616,109657,2024-08-15,8323,384,8,1,12.0,Damaged
15617,29130,2024-03-14,24471,677,34,1,31.36,Quality Issue
15618,357142,2025-12-27,14517,91,10,1,11.14,Not Needed
15619,236487,2025-04-18,6798,352,18,1,28.31,Not Needed
15620,329932,2025-10-28,13724,430,18,1,6.59,Wrong Item
15621,297646,2025-08-24,12221,104,21,2,20.4,Not Needed
15622,11447,2024-02-04,19546,274,34,2,56.75,Late Delivery
15623,331088,2025-10-29,17673,530,16,1,12.85,Quality Issue
15624,178736,2025-01-05,5685,216,26,2,18.38,Damaged
15625,25288,2024-03-04,10790,398,34,1,23.0,Quality Issue
15626,356338,2025-12-27,2841,173,26,2,28.85,Damaged
15627,265583,2025-06-11,13657,16,18,1,8.73,Damaged
15628,326293,2025-10-16,12170,327,30,1,16.49,Not Needed
15629,348518,2025-12-10,24965,421,17,2,14.85,Damaged
15630,154055,2024-11-17,13916,232,33,1,43.39,Damaged
15631,263070,2025-06-01,529,212,9,1,4.29,Not Needed
15632,289194,2025-08-03,13643,488,3,2,17.22,Quality Issue
15633,76704,2024-06-22,6987,412,26,1,23.45,Damaged
15634,262229,2025-06-13,6780,59,29,2,13.78,Quality Issue
15635,206443,2025-02-24,14466,499,4,1,15.45,Damaged
15636,218491,2025-03-13,14741,69,19,1,4.44,Quality Issue
15637,349115,2025-12-04,12668,255,3,1,23.73,Damaged
15638,239217,2025-04-27,10145,182,33,2,16.48,Not Needed
15639,70979,2024-06-07,18953,71,18,2,10.12,Wrong Item
15640,4271,2024-01-19,7358,422,18,1,27.88,Damaged
15641,170917,2024-12-23,2804,121,7,1,18.34,Quality Issue
15642,106422,2024-08-17,8575,341,24,2,35.27,Not Needed
15643,101146,2024-07-31,19409,400,31,1,14.5,Not Needed
15644,171127,2024-12-09,13059,53,33,1,8.98,Late Delivery
15645,50931,2024-04-28,13105,512,20,1,8.77,Not Needed
15646,321202,2025-10-15,12546,120,34,2,18.93,Damaged
15647,5949,2024-02-01,10213,300,24,1,9.61,Not Needed
15648,257052,2025-06-07,16526,497,29,1,15.05,Wrong Item
15649,207273,2025-02-20,16582,202,18,1,8.71,Not Needed
15650,346007,2025-11-26,3162,661,13,1,213.45,Damaged
15651,91737,2024-07-12,24744,193,10,1,4.0,Not Needed
15652,210879,2025-03-10,800,52,17,2,3.32,Damaged
15653,7145,2024-01-28,19315,90,30,1,4.02,Not Needed
15654,280089,2025-07-11,4993,524,30,1,29.57,Not Needed
15655,125445,2024-09-15,22166,161,13,1,68.05,Quality Issue
15656,229244,2025-04-16,12022,173,15,1,20.95,Damaged
15657,226981,2025-04-03,24888,296,6,1,24.35,Not Needed
15658,144974,2024-11-07,11275,518,27,2,7.14,Late Delivery
15659,166814,2024-12-12,20157,403,12,2,25.53,Damaged
15660,341088,2025-11-17,6186,423,14,1,17.89,Not Needed
15661,225781,2025-03-29,8121,638,26,1,34.2,Late Delivery
15662,301098,2025-09-03,7289,142,11,1,9.1,Damaged
15663,59022,2024-05-23,13167,494,25,1,3.95,Not Needed
15664,179372,2025-01-07,18398,274,7,1,71.62,Not Needed
15665,201618,2025-02-17,14095,291,18,1,26.54,Late Delivery
15666,18209,2024-02-24,16504,286,19,1,16.47,Not Needed
15667,279870,2025-07-06,13592,475,1,1,9.74,Not Needed
15668,339908,2025-11-18,18818,427,8,1,2.11,Late Delivery
15669,230453,2025-04-17,20535,375,34,2,30.45,Quality Issue
15670,326380,2025-10-26,16796,41,2,1,18.16,Not Needed
15671,233054,2025-04-23,19694,132,34,1,46.12,Late Delivery
15672,298405,2025-08-29,5744,175,8,1,5.21,Late Delivery
15673,84241,2024-07-06,7375,27,25,2,30.96,Wrong Item
15674,220340,2025-03-11,12094,639,21,1,96.23,Damaged
15675,203151,2025-02-03,22425,83,16,1,5.56,Not Needed
15676,193090,2025-01-25,24716,93,10,2,6.58,Quality Issue
15677,294479,2025-08-05,1204,494,19,1,2.95,Quality Issue
15678,100084,2024-08-07,17714,624,34,1,34.59,Not Needed
15679,207140,2025-02-12,2417,195,13,2,4.82,Not Needed
15680,119649,2024-09-19,6135,67,15,1,8.87,Quality Issue
15681,26690,2024-03-01,22223,516,19,1,60.6,Damaged
15682,252529,2025-05-20,6843,462,25,1,13.08,Wrong Item
15683,105281,2024-08-15,8527,131,30,1,1.75,Late Delivery
15684,199220,2025-02-04,21253,605,10,1,91.34,Not Needed
15685,167057,2024-12-10,2404,374,1,2,36.38,Not Needed
15686,85247,2024-07-14,13759,163,9,2,2.98,Late Delivery
15687,150906,2024-11-03,18477,183,28,1,2.42,Quality Issue
15688,71133,2024-06-04,15399,218,24,2,19.44,Not Needed
15689,218107,2025-03-08,16070,147,13,1,18.88,Damaged
15690,215756,2025-03-07,21294,240,2,2,14.03,Not Needed
15691,251633,2025-05-12,7536,28,4,1,3.34,Quality Issue
15692,335713,2025-11-08,5192,384,26,1,15.5,Damaged
15693,355169,2025-12-19,2320,484,18,1,52.57,Not Needed
15694,222480,2025-03-26,19352,87,33,2,1.96,Not Needed
15695,280639,2025-07-08,4692,173,17,2,35.99,Damaged
15696,283365,2025-07-20,23360,130,23,1,2.37,Damaged
15697,31381,2024-03-22,6919,94,18,1,4.17,Late Delivery
15698,203716,2025-02-14,3151,211,14,1,2.68,Quality Issue
15699,286689,2025-07-17,24506,391,10,1,5.25,Quality Issue
15700,147761,2024-11-04,3464,206,32,1,6.16,Damaged
15701,142804,2024-10-29,1463,78,30,1,17.64,Damaged
15702,159396,2024-11-21,9550,117,22,1,45.05,Damaged
15703,208178,2025-02-22,11638,34,1,1,5.91,Late Delivery
15704,115901,2024-09-02,3043,310,21,1,5.63,Quality Issue
15705,239713,2025-05-06,23239,498,13,2,60.73,Not Needed
15706,265525,2025-06-09,7137,157,34,1,3.36,Not Needed
15707,244251,2025-05-09,17713,458,21,1,42.11,Damaged
15708,13988,2024-02-20,21365,26,23,1,12.36,Quality Issue
15709,332058,2025-11-09,1946,100,30,2,24.82,Late Delivery
15710,114036,2024-09-09,24706,234,9,1,5.77,Not Needed
15711,38782,2024-04-05,19255,545,12,2,6.28,Damaged
15712,58824,2024-05-19,15656,537,34,1,17.52,Quality Issue
15713,209610,2025-02-22,17594,20,6,1,14.88,Not Needed
15714,43110,2024-04-07,14000,160,5,1,4.59,Not Needed
15715,313417,2025-09-28,22846,142,13,1,2.5,Quality Issue
15716,305617,2025-08-30,11704,539,33,2,30.9,Wrong Item
15717,9149,2024-01-24,18027,87,15,1,3.28,Quality Issue
15718,40176,2024-04-07,15850,16,34,1,15.46,Not Needed
15719,330995,2025-11-04,18821,226,13,1,31.86,Damaged
15720,352887,2025-12-08,24049,458,31,1,8.48,Quality Issue
15721,300464,2025-08-24,773,709,9,1,114.92,Quality Issue
15722,268449,2025-06-13,9811,669,34,1,79.27,Not Needed
15723,250917,2025-05-17,3423,716,4,1,349.98,Not Needed
15724,245409,2025-05-05,7119,152,21,1,4.14,Wrong Item
15725,21595,2024-03-04,926,274,22,1,12.4,Quality Issue
15726,34890,2024-04-06,11019,234,29,1,16.36,Not Needed
15727,260372,2025-06-04,10469,408,4,1,9.4,Damaged
15728,34403,2024-03-21,17625,357,32,2,12.85,Not Needed
15729,172490,2024-12-16,11054,388,11,2,45.58,Late Delivery
15730,174279,2024-12-11,23830,244,10,1,31.27,Not Needed
15731,75042,2024-06-18,8648,466,6,1,16.42,Late Delivery
15732,31326,2024-03-16,9236,281,9,2,76.49,Late Delivery
15733,56417,2024-05-04,22638,94,19,1,2.57,Quality Issue
15734,234497,2025-04-09,6166,372,17,1,26.31,Not Needed
15735,109687,2024-08-15,4267,146,29,2,11.09,Wrong Item
15736,244226,2025-05-01,23623,203,16,2,3.9,Quality Issue
15737,299970,2025-08-28,4101,169,10,1,13.03,Wrong Item
15738,175087,2024-12-26,15315,229,21,2,22.41,Not Needed
15739,85803,2024-07-10,13773,204,29,2,12.0,Quality Issue
15740,314993,2025-09-20,2681,148,29,1,11.32,Not Needed
15741,44374,2024-04-20,10627,49,26,1,19.5,Quality Issue
15742,260656,2025-06-13,2851,333,16,1,12.15,Quality Issue
15743,93120,2024-07-15,2217,696,20,1,276.2,Damaged
15744,150601,2024-11-04,20665,223,33,1,19.93,Damaged
15745,112302,2024-08-31,13506,7,18,1,5.76,Damaged
15746,315731,2025-09-29,16831,29,15,2,20.87,Damaged
15747,255198,2025-05-29,21655,172,16,1,20.02,Not Needed
15748,118315,2024-09-16,4418,524,26,2,50.92,Late Delivery
15749,144281,2024-11-08,6631,716,14,1,459.77,Quality Issue
15750,68949,2024-06-07,20166,607,17,1,21.22,Quality Issue
15751,162893,2024-12-01,23088,58,20,1,16.48,Quality Issue
15752,172641,2024-12-21,14531,456,24,2,30.19,Damaged
15753,237347,2025-04-15,4300,487,14,1,4.73,Wrong Item
15754,231023,2025-03-31,513,40,13,2,11.03,Damaged
15755,282217,2025-07-20,10030,513,33,1,10.81,Damaged
15756,202567,2025-02-20,9611,324,26,1,57.88,Not Needed
15757,309264,2025-09-07,14736,171,34,1,8.61,Wrong Item
15758,244768,2025-05-15,15435,531,24,2,59.69,Wrong Item
15759,23046,2024-03-02,2139,555,23,1,19.85,Late Delivery
15760,184245,2025-01-08,1518,246,13,1,73.07,Wrong Item
15761,297547,2025-08-23,24361,55,3,2,20.77,Quality Issue
15762,313606,2025-09-28,3032,34,9,1,6.13,Quality Issue
15763,224641,2025-03-29,20100,684,11,1,64.48,Damaged
15764,366449,2026-01-04,12321,537,19,1,12.58,Not Needed
15765,324656,2025-10-23,4340,84,19,1,8.03,Not Needed
15766,270382,2025-06-18,6356,81,34,1,5.15,Quality Issue
15767,75682,2024-06-23,23270,466,15,1,38.15,Late Delivery
15768,48798,2024-04-20,1835,128,14,2,15.3,Wrong Item
15769,338475,2025-11-24,3766,121,27,1,1.69,Not Needed
15770,113430,2024-08-27,15929,498,31,1,20.63,Damaged
15771,78391,2024-06-16,5888,231,21,1,19.96,Not Needed
15772,157897,2024-11-20,12106,467,31,1,32.4,Damaged
15773,87630,2024-07-03,79,639,3,1,85.8,Late Delivery
15774,294328,2025-08-14,2480,227,9,1,6.27,Wrong Item
15775,242549,2025-04-29,11696,42,13,1,1.42,Not Needed
15776,83562,2024-07-01,20673,341,24,1,54.65,Damaged
15777,251815,2025-05-23,4320,220,30,1,5.36,Not Needed
15778,113474,2024-08-23,22748,393,34,2,34.44,Damaged
15779,264247,2025-06-10,5724,208,14,2,8.93,Quality Issue
15780,183770,2025-01-03,21049,115,23,1,1.84,Not Needed
15781,252850,2025-05-30,18257,519,5,1,12.24,Not Needed
15782,178962,2024-12-25,21780,384,15,1,7.11,Damaged
15783,54554,2024-05-05,11560,257,6,2,24.86,Late Delivery
15784,224050,2025-03-30,22274,557,14,1,2.87,Quality Issue
15785,351424,2025-12-17,6062,432,29,1,6.78,Late Delivery
15786,305100,2025-09-11,13349,517,8,1,8.14,Quality Issue
15787,125990,2024-10-03,10544,459,5,1,9.07,Quality Issue
15788,83734,2024-07-03,2369,547,34,1,1.29,Not Needed
15789,95707,2024-07-30,17889,27,14,1,13.81,Quality Issue
15790,214916,2025-03-01,1443,539,10,1,16.14,Quality Issue
15791,351415,2025-12-07,11985,222,9,1,14.81,Late Delivery
15792,343759,2025-12-02,22998,154,11,2,34.62,Not Needed
15793,234743,2025-04-21,8739,220,15,1,8.2,Late Delivery
15794,360147,2025-12-27,15429,576,23,1,20.26,Damaged
15795,323254,2025-10-16,22435,58,25,2,4.68,Late Delivery
15796,76080,2024-06-17,15185,556,33,2,38.2,Damaged
15797,163002,2024-12-03,22157,434,27,1,10.63,Damaged
15798,184680,2025-01-10,14906,69,32,1,1.49,Not Needed
15799,166075,2024-12-15,21648,196,19,2,8.6,Not Needed
15800,315951,2025-09-30,17099,703,10,1,369.84,Late Delivery
15801,141660,2024-10-19,2766,383,2,2,15.46,Damaged
15802,75650,2024-06-14,4952,299,9,1,40.7,Not Needed
15803,329424,2025-10-31,15742,298,4,1,11.51,Damaged
15804,267476,2025-06-25,23174,17,8,2,6.83,Damaged
15805,137617,2024-10-24,4616,179,32,1,13.35,Not Needed
15806,16986,2024-02-27,5009,111,27,2,28.06,Not Needed
15807,47577,2024-05-01,4148,130,30,2,1.71,Not Needed
15808,189611,2025-01-22,458,592,30,1,443.11,Quality Issue
15809,31191,2024-03-24,12207,211,31,1,3.46,Not Needed
15810,174628,2024-12-16,21089,31,24,2,1.87,Not Needed
15811,355124,2025-12-21,21443,166,22,1,2.94,Not Needed
15812,360683,2025-12-31,21009,60,7,1,15.25,Quality Issue
15813,13609,2024-02-17,1542,158,22,1,22.01,Quality Issue
15814,228690,2025-03-28,19009,395,18,2,37.22,Late Delivery
15815,266541,2025-06-26,13968,271,22,1,11.78,Damaged
15816,26824,2024-03-20,19101,33,33,1,4.55,Quality Issue
15817,271166,2025-06-20,19173,333,19,1,19.42,Quality Issue
15818,86699,2024-07-10,1407,138,11,1,44.78,Wrong Item
15819,213851,2025-03-07,19209,217,17,2,26.15,Not Needed
15820,213620,2025-03-06,24339,573,11,1,9.52,Not Needed
15821,227991,2025-04-09,9673,525,8,1,10.53,Damaged
15822,27677,2024-03-05,7994,259,24,1,79.4,Late Delivery
15823,40595,2024-04-14,13749,107,25,1,3.79,Quality Issue
15824,109389,2024-08-23,16960,47,33,1,27.68,Not Needed
15825,361952,2026-01-05,20323,306,12,2,41.73,Not Needed
15826,284781,2025-07-21,10330,79,15,1,12.23,Not Needed
15827,177477,2024-12-20,22625,719,16,1,193.9,Quality Issue
15828,362531,2025-12-29,21449,1,32,2,2.85,Quality Issue
15829,197786,2025-01-26,24853,94,28,2,9.43,Damaged
15830,88072,2024-07-05,21089,107,34,2,6.46,Late Delivery
15831,275280,2025-06-28,8822,624,22,1,21.02,Not Needed
15832,108780,2024-08-13,13268,94,20,2,4.08,Quality Issue
15833,74184,2024-06-07,4603,371,21,1,43.34,Not Needed
15834,216279,2025-03-02,1261,105,33,1,8.72,Quality Issue
15835,236550,2025-04-28,16762,455,21,1,3.97,Damaged
15836,239687,2025-04-30,14243,592,4,1,397.7,Quality Issue
15837,323480,2025-10-20,3057,559,9,1,28.14,Damaged
15838,279285,2025-07-13,3526,367,3,2,75.54,Damaged
15839,55925,2024-05-10,22278,13,28,2,2.97,Not Needed
15840,366911,2026-01-11,14974,39,34,1,2.03,Quality Issue
15841,170440,2024-12-22,14491,81,25,1,23.45,Quality Issue
15842,219672,2025-03-10,4309,211,21,1,5.54,Wrong Item
15843,14088,2024-02-21,221,229,12,1,14.0,Not Needed
15844,358307,2025-12-28,7357,85,29,1,3.18,Damaged
15845,56324,2024-05-15,8904,425,34,2,13.04,Not Needed
15846,38596,2024-03-29,17065,50,7,1,20.0,Quality Issue
15847,65022,2024-06-04,9512,285,8,1,128.49,Wrong Item
15848,325727,2025-10-19,18789,461,34,1,14.17,Quality Issue
15849,7276,2024-01-29,4523,397,13,2,17.01,Damaged
15850,350163,2025-12-06,13484,653,6,1,199.18,Not Needed
15851,180391,2025-01-01,3837,80,12,2,27.45,Not Needed
15852,268277,2025-06-26,82,76,18,2,21.7,Wrong Item
15853,368342,2026-01-02,16482,689,3,1,290.96,Damaged
15854,48304,2024-04-18,24528,631,14,1,386.53,Not Needed
15855,45137,2024-04-25,21481,226,14,1,46.95,Quality Issue
15856,22303,2024-02-22,23530,410,30,1,24.56,Damaged
15857,361619,2025-12-27,11711,103,9,1,5.44,Not Needed
15858,275395,2025-06-26,11010,186,2,1,16.58,Late Delivery
15859,141749,2024-10-22,15928,243,20,2,109.18,Wrong Item
15860,294749,2025-08-03,7680,489,22,1,19.92,Not Needed
15861,344256,2025-11-20,23756,174,31,1,7.75,Not Needed
15862,187916,2025-01-21,10644,133,8,2,9.53,Not Needed
15863,171546,2024-12-15,15870,515,17,1,15.28,Wrong Item
15864,121466,2024-09-12,4675,574,27,2,24.21,Late Delivery
15865,161090,2024-12-09,1154,368,4,2,12.13,Quality Issue
15866,317518,2025-10-04,13537,134,20,2,18.19,Not Needed
15867,105496,2024-08-23,18208,474,13,1,5.63,Damaged
15868,313542,2025-09-30,10007,39,31,1,2.05,Not Needed
15869,120002,2024-09-10,20542,572,32,1,7.4,Wrong Item
15870,137503,2024-10-19,9557,496,30,1,15.81,Quality Issue
15871,267767,2025-06-21,20851,310,7,2,8.02,Late Delivery
15872,122773,2024-09-21,24109,646,18,1,333.53,Not Needed
15873,295857,2025-08-22,9567,112,31,2,8.65,Not Needed
15874,180118,2025-01-03,15647,477,8,1,10.76,Damaged
15875,348836,2025-11-28,18066,449,19,1,20.01,Damaged
15876,265957,2025-06-15,16346,17,17,1,8.0,Not Needed
15877,19596,2024-02-24,19808,281,18,1,30.23,Wrong Item
15878,245979,2025-05-07,18685,459,14,2,26.36,Quality Issue
15879,253782,2025-05-20,2907,320,4,2,31.39,Wrong Item
15880,160701,2024-12-03,16016,220,29,1,9.11,Quality Issue
15881,73461,2024-06-14,10718,367,8,1,31.61,Not Needed
15882,107611,2024-08-12,23083,140,8,1,17.88,Not Needed
15883,349633,2025-12-03,8626,348,3,2,36.6,Damaged
15884,23652,2024-02-29,11302,706,33,1,31.21,Damaged
15885,315038,2025-09-23,7099,378,3,1,4.8,Wrong Item
15886,43754,2024-04-07,24526,122,9,1,13.9,Late Delivery
15887,153391,2024-11-19,11425,287,16,1,16.65,Not Needed
15888,203084,2025-02-19,16972,360,3,2,40.24,Late Delivery
15889,73997,2024-06-18,24234,139,6,1,8.11,Quality Issue
15890,238402,2025-04-25,22023,83,3,1,18.71,Damaged
15891,92149,2024-07-19,7190,182,29,1,2.43,Quality Issue
15892,65100,2024-05-26,14847,203,9,2,2.48,Not Needed
15893,201556,2025-02-07,4128,419,13,1,18.99,Quality Issue
15894,271256,2025-06-21,9951,533,16,1,11.19,Damaged
15895,335321,2025-11-12,10840,387,9,1,29.65,Late Delivery
15896,317465,2025-10-05,24262,360,32,1,9.82,Damaged
15897,164921,2024-11-27,21259,138,11,2,41.5,Quality Issue
15898,201905,2025-02-16,12875,209,33,1,15.54,Quality Issue
15899,101772,2024-08-01,17576,195,33,2,18.41,Late Delivery
15900,310742,2025-09-26,15454,495,4,1,24.15,Late Delivery
15901,309249,2025-09-13,10107,579,7,2,83.85,Quality Issue
15902,272189,2025-06-26,16058,97,33,2,1.53,Not Needed
15903,247735,2025-05-11,20076,54,14,1,3.41,Not Needed
15904,68804,2024-06-04,6539,663,14,1,97.57,Damaged
15905,308535,2025-09-09,9579,194,25,1,1.35,Not Needed
15906,121731,2024-09-15,18874,255,31,2,70.24,Damaged
15907,211026,2025-02-23,13230,359,6,1,14.64,Quality Issue
15908,63196,2024-05-30,2257,432,14,1,18.81,Quality Issue
15909,220884,2025-03-15,5353,320,8,2,15.33,Wrong Item
15910,15953,2024-02-12,11101,587,25,1,35.75,Late Delivery
15911,207218,2025-02-16,12659,284,10,1,29.91,Damaged
15912,166779,2024-12-05,22008,455,1,1,3.12,Late Delivery
15913,165623,2024-12-11,8124,221,34,2,7.29,Quality Issue
15914,5110,2024-01-31,22649,386,33,1,12.35,Quality Issue
15915,148259,2024-11-01,16377,425,32,2,27.33,Not Needed
15916,330238,2025-11-03,15229,138,18,2,11.11,Late Delivery
15917,354290,2025-12-19,19295,579,24,1,14.99,Damaged
15918,282081,2025-07-23,1503,3,34,1,5.21,Wrong Item
15919,242877,2025-04-28,3547,165,14,1,6.28,Late Delivery
15920,121879,2024-09-07,12810,151,5,1,3.52,Damaged
15921,332444,2025-11-01,11977,254,8,2,81.96,Damaged
15922,349193,2025-12-08,23290,215,16,1,17.38,Wrong Item
15923,343627,2025-11-19,1453,156,14,2,3.14,Not Needed
15924,284808,2025-07-20,19294,279,11,2,37.72,Late Delivery
15925,176498,2024-12-16,685,570,27,1,18.81,Not Needed
15926,276619,2025-06-28,16337,202,18,2,16.18,Damaged
15927,262696,2025-06-18,23096,592,12,1,309.88,Damaged
15928,42597,2024-04-04,3996,160,8,1,9.02,Quality Issue
15929,52216,2024-04-26,23323,560,24,1,11.2,Quality Issue
15930,186941,2025-01-02,8922,580,29,2,3.66,Not Needed
15931,89275,2024-07-21,1103,350,3,2,37.7,Damaged
15932,204702,2025-02-14,1148,627,32,2,951.3,Wrong Item
15933,270727,2025-06-15,13927,571,34,1,24.52,Quality Issue
15934,162040,2024-11-26,14940,48,5,1,0.95,Quality Issue
15935,172881,2024-12-25,24580,458,25,2,43.05,Not Needed
15936,367192,2026-01-02,21444,8,9,1,6.68,Not Needed
15937,220516,2025-03-22,7134,187,10,1,17.53,Damaged
15938,161083,2024-11-23,20777,188,11,1,3.64,Late Delivery
15939,233496,2025-04-06,22349,21,6,2,4.94,Late Delivery
15940,38184,2024-03-29,10140,129,24,2,5.54,Wrong Item
15941,77460,2024-06-21,16603,462,19,1,28.15,Quality Issue
15942,272257,2025-06-20,22172,525,14,1,41.51,Not Needed
15943,240016,2025-04-29,13268,122,6,2,18.98,Not Needed
15944,361492,2025-12-30,19703,562,34,1,17.31,Late Delivery
15945,342691,2025-12-01,12456,33,26,1,18.37,Quality Issue
15946,208879,2025-03-06,23415,129,26,2,11.52,Not Needed
15947,342326,2025-11-21,19034,185,23,1,17.69,Not Needed
15948,355761,2025-12-19,6236,125,26,1,19.51,Quality Issue
15949,152108,2024-11-07,22353,681,5,1,100.53,Damaged
15950,87662,2024-07-07,3293,567,26,2,8.8,Wrong Item
15951,79904,2024-06-23,2442,65,31,2,7.94,Not Needed
15952,178746,2024-12-25,13163,299,23,1,24.4,Wrong Item
15953,165994,2024-12-13,6362,46,13,1,11.25,Damaged
15954,259266,2025-06-04,9701,515,29,1,25.45,Damaged
15955,357399,2025-12-27,23567,147,5,1,27.2,Quality Issue
15956,165892,2024-12-05,16889,27,34,2,31.03,Quality Issue
15957,294447,2025-08-04,13205,12,21,2,23.87,Wrong Item
15958,10627,2024-01-31,2455,515,27,1,26.71,Not Needed
15959,291264,2025-08-07,1725,417,8,1,5.85,Not Needed
15960,301582,2025-09-05,11288,706,24,1,18.63,Wrong Item
15961,185602,2025-01-09,21836,126,19,1,2.49,Not Needed
15962,182715,2024-12-31,7444,600,30,2,42.18,Quality Issue
15963,273781,2025-07-08,4138,7,2,1,12.17,Damaged
15964,127497,2024-09-25,8563,131,21,1,6.27,Wrong Item
15965,95140,2024-07-22,11966,222,20,2,20.73,Late Delivery
15966,295296,2025-08-22,7803,95,2,2,4.95,Not Needed
15967,143643,2024-11-08,1025,311,33,1,44.02,Damaged
15968,284197,2025-07-21,17655,310,7,1,12.95,Quality Issue
15969,123224,2024-09-24,11897,688,15,1,175.64,Not Needed
15970,190766,2025-01-15,21117,339,9,1,6.76,Damaged
15971,83148,2024-06-26,11620,111,6,2,31.04,Late Delivery
15972,49650,2024-04-17,24722,437,2,1,20.03,Not Needed
15973,364932,2025-12-30,23523,214,9,2,13.23,Not Needed
15974,825,2024-01-15,7770,239,2,1,65.97,Late Delivery
15975,46304,2024-04-19,5267,38,25,2,1.41,Not Needed
15976,75865,2024-06-27,22435,562,21,1,34.7,Quality Issue
15977,305526,2025-08-28,8156,526,30,1,30.04,Wrong Item
15978,366656,2026-01-04,23576,438,14,1,5.97,Damaged
15979,210113,2025-02-18,9577,27,18,1,6.62,Not Needed
15980,60013,2024-05-27,23524,80,5,2,6.98,Damaged
15981,152419,2024-11-15,9104,219,8,2,8.6,Not Needed
15982,338917,2025-11-18,17926,178,5,1,18.07,Wrong Item
15983,216024,2025-03-08,9929,189,29,2,4.21,Damaged
15984,69227,2024-05-27,957,43,5,1,22.09,Not Needed
15985,208362,2025-02-16,15238,451,22,2,26.21,Late Delivery
15986,66687,2024-06-06,22753,201,28,1,8.92,Wrong Item
15987,69331,2024-05-31,11185,269,21,2,46.58,Damaged
15988,895,2024-01-12,17447,101,8,2,12.74,Late Delivery
15989,365835,2026-01-10,21575,707,25,1,411.71,Damaged
15990,232530,2025-04-09,17635,57,14,1,0.85,Damaged
15991,139481,2024-10-31,10455,90,15,1,2.59,Damaged
15992,12782,2024-02-15,12887,100,19,2,12.99,Not Needed
15993,107516,2024-08-22,19261,608,9,1,224.53,Not Needed
15994,249318,2025-05-23,13019,374,12,2,22.22,Damaged
15995,135212,2024-10-04,455,274,13,1,40.07,Quality Issue
15996,137619,2024-10-13,6850,36,14,2,13.16,Not Needed
15997,168230,2024-12-05,8604,231,18,1,25.78,Late Delivery
15998,192048,2025-01-27,284,160,12,1,2.68,Not Needed
15999,285987,2025-07-31,23665,348,30,2,52.83,Wrong Item
16000,92719,2024-07-16,21319,400,21,1,39.51,Damaged
16001,292105,2025-08-06,4962,156,34,2,2.13,Damaged
16002,244448,2025-04-27,9077,269,24,1,19.79,Quality Issue
16003,146558,2024-11-06,5235,683,32,1,127.88,Late Delivery
16004,86089,2024-07-09,21372,127,24,2,49.27,Late Delivery
16005,61181,2024-05-24,20908,363,1,2,15.81,Damaged
16006,229816,2025-04-03,18603,5,18,2,15.82,Quality Issue
16007,311577,2025-09-25,13990,183,31,1,8.67,Wrong Item
16008,299039,2025-08-28,14537,552,18,1,34.22,Damaged
16009,346867,2025-11-26,7668,646,22,1,181.12,Wrong Item
16010,365304,2026-01-01,10069,546,18,2,33.61,Not Needed
16011,302433,2025-09-05,19306,33,31,1,9.57,Not Needed
16012,336821,2025-11-04,21458,335,26,1,13.05,Quality Issue
16013,265556,2025-06-13,3179,344,7,1,56.26,Late Delivery
16014,368653,2026-01-06,18330,583,10,2,6.79,Damaged
16015,45278,2024-04-25,14240,142,14,1,2.13,Late Delivery
16016,262825,2025-06-19,23190,288,13,1,28.41,Damaged
16017,213568,2025-02-27,24381,609,33,1,206.62,Quality Issue
16018,99671,2024-07-30,5548,327,27,1,17.89,Quality Issue
16019,7532,2024-02-05,8244,584,12,1,12.08,Late Delivery
16020,116601,2024-09-01,733,113,29,2,13.02,Damaged
16021,349083,2025-11-28,11073,194,18,1,1.14,Wrong Item
16022,347993,2025-11-29,5288,93,26,1,3.01,Not Needed
16023,144497,2024-10-25,23771,136,34,2,35.96,Damaged
16024,14201,2024-02-04,13981,561,25,1,13.17,Damaged
16025,239410,2025-04-28,19929,182,14,1,10.18,Not Needed
16026,337636,2025-11-21,22785,250,4,1,11.66,Damaged
16027,4637,2024-01-22,21714,131,29,1,15.8,Quality Issue
16028,359974,2025-12-20,13943,108,29,1,2.4,Quality Issue
16029,111696,2024-08-31,10512,145,4,1,13.46,Not Needed
16030,31797,2024-03-24,10357,244,22,2,11.99,Late Delivery
16031,232295,2025-04-07,10113,370,24,2,22.03,Quality Issue
16032,171549,2024-12-07,4047,114,3,1,5.31,Quality Issue
16033,222407,2025-04-02,11753,91,28,1,6.19,Damaged
16034,219762,2025-03-15,4962,99,25,2,14.66,Quality Issue
16035,113174,2024-08-25,13018,532,5,1,42.38,Not Needed
16036,66537,2024-05-30,23798,339,11,2,9.2,Not Needed
16037,158647,2024-11-16,10969,130,25,1,0.85,Not Needed
16038,315775,2025-10-06,816,54,5,1,11.19,Not Needed
16039,359788,2025-12-31,17182,49,6,2,19.35,Quality Issue
16040,77934,2024-06-30,11337,144,3,2,8.93,Quality Issue
16041,349355,2025-12-11,15080,509,9,1,37.17,Damaged
16042,79979,2024-06-29,18377,20,29,1,6.35,Not Needed
16043,338675,2025-11-15,6553,10,21,2,3.99,Damaged
16044,256002,2025-06-06,4554,619,6,1,12.89,Not Needed
16045,65455,2024-06-01,14355,194,22,2,1.43,Late Delivery
16046,11722,2024-02-05,17574,108,19,1,4.13,Late Delivery
16047,82457,2024-07-04,16725,157,32,2,6.64,Damaged
16048,311964,2025-09-13,7956,182,26,1,11.18,Late Delivery
16049,46298,2024-04-18,3512,198,4,2,6.72,Quality Issue
16050,187832,2025-01-05,3644,459,16,1,37.7,Damaged
16051,157127,2024-11-29,7808,59,27,1,21.75,Not Needed
16052,111466,2024-08-21,23008,255,31,1,21.05,Not Needed
16053,308291,2025-09-11,19472,506,6,1,5.96,Damaged
16054,150213,2024-11-05,2439,383,34,2,17.02,Late Delivery
16055,129407,2024-10-07,3650,531,31,1,7.9,Late Delivery
16056,80041,2024-07-02,12365,179,2,1,1.87,Not Needed
16057,242309,2025-04-25,18382,44,20,1,13.1,Late Delivery
16058,65456,2024-06-06,1349,106,18,2,11.32,Late Delivery
16059,199206,2025-02-09,23276,14,31,1,9.18,Damaged
16060,270014,2025-06-27,5579,220,3,1,10.24,Not Needed
16061,39047,2024-04-04,8825,638,25,2,60.08,Quality Issue
16062,55911,2024-05-09,19733,641,14,1,100.85,Late Delivery
16063,51103,2024-04-26,21726,198,28,1,13.5,Quality Issue
16064,365674,2026-01-08,1087,644,33,1,181.19,Late Delivery
16065,238340,2025-04-27,23755,6,16,1,1.93,Wrong Item
16066,127519,2024-09-24,13517,347,14,1,3.53,Late Delivery
16067,203864,2025-02-17,12147,511,16,1,13.05,Not Needed
16068,85744,2024-07-04,3829,225,2,2,34.64,Wrong Item
16069,155682,2024-11-28,9986,426,19,2,29.64,Quality Issue
16070,352626,2025-12-17,884,319,28,1,3.91,Late Delivery
16071,138632,2024-10-24,1244,139,13,1,27.41,Not Needed
16072,177776,2025-01-02,222,476,3,1,12.32,Wrong Item
16073,46503,2024-04-12,22880,146,12,1,9.3,Not Needed
16074,69954,2024-06-15,22663,180,8,1,6.55,Damaged
16075,62416,2024-05-17,21163,659,15,1,527.68,Damaged
16076,178378,2024-12-24,7066,148,29,2,6.84,Not Needed
16077,267200,2025-06-22,13654,381,7,1,33.66,Quality Issue
16078,163257,2024-12-04,10631,17,8,1,1.26,Quality Issue
16079,74750,2024-06-19,5622,554,24,2,16.78,Not Needed
16080,165299,2024-11-29,65,536,27,1,7.55,Quality Issue
16081,351817,2025-12-14,20242,388,11,2,64.8,Quality Issue
16082,57011,2024-05-06,21222,90,24,1,14.01,Not Needed
16083,292827,2025-08-14,17923,529,29,2,89.94,Damaged
16084,21317,2024-03-08,11014,519,9,2,48.05,Late Delivery
16085,16512,2024-02-20,14789,444,11,2,13.22,Quality Issue
16086,356692,2025-12-13,14159,96,33,1,11.51,Not Needed
16087,182003,2024-12-29,12496,48,29,1,1.03,Wrong Item
16088,46124,2024-04-13,8555,412,1,2,24.49,Not Needed
16089,278405,2025-07-09,15369,376,18,1,33.88,Damaged
16090,231530,2025-04-13,15128,24,8,2,23.27,Not Needed
16091,257638,2025-05-30,3206,395,12,2,39.52,Not Needed
16092,52006,2024-05-09,6898,556,18,1,108.19,Quality Issue
16093,1005,2024-01-11,14192,250,23,2,7.92,Not Needed
16094,140373,2024-11-02,18014,27,7,2,12.65,Damaged
16095,250503,2025-05-11,5687,175,22,1,6.52,Late Delivery
16096,312262,2025-09-12,24145,128,21,1,9.29,Quality Issue
16097,335209,2025-11-05,19397,516,22,1,26.28,Not Needed
16098,365503,2026-01-08,22272,375,20,1,41.87,Damaged
16099,130102,2024-09-23,5026,9,32,1,28.27,Quality Issue
16100,157074,2024-11-13,13131,203,23,2,7.68,Late Delivery
16101,156427,2024-11-24,9846,5,33,2,42.73,Late Delivery
16102,172087,2024-12-27,4975,244,29,1,9.05,Not Needed
16103,43928,2024-04-13,3192,710,19,1,64.84,Damaged
16104,133268,2024-10-19,12782,84,13,1,3.2,Wrong Item
16105,61310,2024-05-23,7383,604,21,1,456.81,Not Needed
16106,310233,2025-09-13,16618,414,20,1,15.36,Quality Issue
16107,155685,2024-11-11,9761,78,31,1,4.5,Wrong Item
16108,250715,2025-05-11,9647,29,16,2,27.89,Not Needed
16109,360376,2025-12-17,18096,397,34,1,12.1,Not Needed
16110,48597,2024-04-18,12860,181,4,1,0.64,Late Delivery
16111,287790,2025-07-25,8778,166,6,1,6.25,Damaged
16112,2590,2024-01-10,4922,672,12,1,90.15,Not Needed
16113,189656,2025-01-14,7269,171,1,1,3.71,Quality Issue
16114,320257,2025-10-17,14091,164,6,2,8.47,Damaged
16115,189407,2025-01-07,5019,113,14,1,19.46,Late Delivery
16116,322481,2025-10-18,3368,152,9,1,29.61,Not Needed
16117,194581,2025-02-05,2018,692,13,1,246.37,Not Needed
16118,154412,2024-11-19,7285,219,21,1,2.92,Not Needed
16119,317693,2025-10-08,64,98,21,2,5.22,Quality Issue
16120,41195,2024-04-04,183,144,15,2,8.83,Damaged
16121,283883,2025-07-14,19631,564,7,1,3.09,Late Delivery
16122,224236,2025-04-04,1927,184,18,1,14.92,Not Needed
16123,185037,2025-01-03,5523,1,2,2,3.74,Not Needed
16124,314885,2025-09-30,14102,668,29,1,181.75,Late Delivery
16125,36482,2024-03-23,18309,190,20,1,20.39,Wrong Item
16126,346043,2025-12-05,2504,407,11,1,16.15,Quality Issue
16127,307852,2025-09-12,7769,143,21,2,14.41,Late Delivery
16128,307613,2025-09-03,11816,278,19,1,2.27,Late Delivery
16129,267625,2025-06-22,2161,210,9,1,21.11,Not Needed
16130,124353,2024-09-14,23796,72,1,1,1.17,Wrong Item
16131,286256,2025-08-04,3177,263,31,1,10.39,Quality Issue
16132,209982,2025-02-19,17780,147,2,1,7.48,Quality Issue
16133,209569,2025-02-28,21416,180,26,1,6.06,Not Needed
16134,243086,2025-04-30,2472,612,11,1,189.11,Late Delivery
16135,283543,2025-07-25,21021,121,3,1,12.62,Not Needed
16136,151997,2024-11-10,18340,118,15,2,9.28,Damaged
16137,292272,2025-08-16,4679,427,33,1,2.77,Quality Issue
16138,308053,2025-09-13,21736,73,20,1,23.18,Not Needed
16139,16658,2024-02-09,3016,158,7,1,33.56,Quality Issue
16140,203048,2025-02-09,8263,720,32,1,65.79,Not Needed
16141,222655,2025-03-24,4563,424,18,1,22.28,Late Delivery
16142,90827,2024-07-16,5223,462,27,1,64.26,Not Needed
16143,225050,2025-04-03,14823,70,5,2,5.2,Not Needed
16144,214935,2025-03-03,15215,199,1,1,4.79,Not Needed
16145,16106,2024-02-17,17036,115,18,1,4.86,Not Needed
16146,23416,2024-03-09,16221,114,30,2,6.99,Not Needed
16147,176862,2024-12-20,11102,346,9,1,9.11,Quality Issue
16148,366996,2026-01-12,17428,556,17,1,93.83,Quality Issue
16149,24765,2024-03-01,13791,458,3,2,66.4,Damaged
16150,223765,2025-03-21,10585,280,15,1,28.32,Damaged
16151,102580,2024-08-04,16470,325,29,2,42.42,Quality Issue
16152,256266,2025-05-31,3235,23,3,2,11.23,Damaged
16153,238711,2025-04-21,23695,208,6,1,20.48,Damaged
16154,277331,2025-07-05,6371,663,32,1,88.81,Damaged
16155,368571,2026-01-01,22152,125,33,2,21.34,Not Needed
16156,45551,2024-04-12,16473,362,32,1,35.82,Late Delivery
16157,66342,2024-05-27,16277,367,14,2,37.7,Not Needed
16158,305606,2025-09-02,2257,73,5,2,4.37,Quality Issue
16159,74951,2024-06-25,24574,5,16,1,14.88,Late Delivery
16160,83385,2024-06-26,24680,17,30,2,2.39,Late Delivery
16161,160258,2024-11-24,22522,192,13,2,21.95,Not Needed
16162,129246,2024-10-09,4178,669,3,1,64.99,Late Delivery
16163,253409,2025-05-27,15444,347,28,1,7.17,Damaged
16164,299861,2025-08-17,5013,447,30,1,18.58,Late Delivery
16165,24419,2024-03-03,8208,202,4,1,5.36,Wrong Item
16166,317981,2025-09-27,10781,531,26,1,13.36,Quality Issue
16167,195386,2025-01-22,15450,63,25,2,10.95,Not Needed
16168,109561,2024-08-18,56,123,10,2,13.62,Not Needed
16169,169609,2024-12-09,23882,572,19,2,23.82,Quality Issue
16170,553,2024-01-09,1307,542,32,1,9.16,Quality Issue
16171,138815,2024-10-14,19368,132,8,2,22.0,Damaged
16172,313954,2025-09-14,12800,450,28,1,4.47,Late Delivery
16173,244195,2025-05-02,654,179,8,1,3.17,Quality Issue
16174,28923,2024-03-18,18553,338,17,2,36.09,Not Needed
16175,44967,2024-04-22,16646,213,15,2,22.31,Quality Issue
16176,160836,2024-12-01,16442,526,34,1,26.23,Late Delivery
16177,303059,2025-09-06,17799,131,3,2,12.83,Not Needed
16178,139467,2024-10-16,2358,5,14,1,25.81,Quality Issue
16179,206035,2025-02-28,24103,206,9,1,30.11,Quality Issue
16180,256182,2025-05-31,1655,263,3,2,45.71,Not Needed
16181,137521,2024-10-10,15041,258,20,1,6.9,Quality Issue
16182,16792,2024-02-20,4495,597,24,1,87.23,Quality Issue
16183,330118,2025-10-24,13900,76,6,2,18.32,Late Delivery
16184,136377,2024-10-06,6557,170,18,1,1.1,Late Delivery
16185,202885,2025-02-20,20215,606,6,1,501.21,Wrong Item
16186,82193,2024-07-01,12056,194,30,2,2.28,Not Needed
16187,293158,2025-08-17,19770,237,18,2,84.94,Not Needed
16188,257003,2025-05-31,18089,104,11,1,8.65,Damaged
16189,284793,2025-07-17,19537,710,34,1,79.48,Quality Issue
16190,199738,2025-02-07,8350,190,11,1,7.6,Late Delivery
16191,311237,2025-09-10,3880,290,29,2,37.96,Quality Issue
16192,193920,2025-02-02,21716,257,15,1,8.79,Not Needed
16193,234825,2025-04-24,4095,716,10,1,564.75,Not Needed
16194,354802,2025-12-13,11552,554,16,1,5.58,Quality Issue
16195,105151,2024-08-07,3510,191,27,1,6.43,Late Delivery
16196,74438,2024-06-21,2922,466,26,1,26.16,Quality Issue
16197,217261,2025-03-09,8244,658,7,1,423.33,Not Needed
16198,271907,2025-07-03,9448,691,23,1,394.57,Not Needed
16199,339386,2025-11-15,14434,128,2,1,20.86,Late Delivery
16200,282968,2025-07-23,6758,60,26,2,21.13,Quality Issue
16201,324690,2025-10-24,23133,382,6,1,7.43,Quality Issue
16202,186178,2025-01-05,22459,166,22,2,2.3,Damaged
16203,20573,2024-02-24,13306,621,17,1,281.53,Quality Issue
16204,225956,2025-03-25,23345,332,13,2,63.59,Late Delivery
16205,146196,2024-10-27,5595,468,32,1,50.99,Not Needed
16206,209528,2025-02-18,18051,215,4,2,11.98,Damaged
16207,267659,2025-06-28,21755,197,7,1,3.27,Late Delivery
16208,179444,2025-01-06,2192,481,9,2,32.91,Not Needed
16209,266281,2025-06-22,1707,176,29,2,7.66,Late Delivery
16210,203902,2025-02-06,11418,474,7,1,12.37,Not Needed
16211,274968,2025-06-24,6842,152,31,1,9.76,Wrong Item
16212,291799,2025-08-10,19912,617,20,1,383.0,Damaged
16213,272597,2025-07-06,12967,567,14,1,3.6,Quality Issue
16214,270157,2025-06-30,20264,450,19,2,19.13,Quality Issue
16215,193880,2025-01-21,11726,325,10,2,53.55,Quality Issue
16216,225195,2025-03-30,20963,316,7,1,6.98,Not Needed
16217,355139,2025-12-12,22096,280,18,1,13.66,Not Needed
16218,226812,2025-04-09,15152,717,17,1,393.73,Not Needed
16219,160903,2024-11-25,24946,715,1,1,12.08,Late Delivery
16220,69410,2024-05-29,24614,540,24,1,9.03,Not Needed
16221,50713,2024-04-20,14102,15,23,2,9.59,Not Needed
16222,193687,2025-01-31,24844,131,29,2,8.89,Damaged
16223,129056,2024-10-03,18922,39,14,1,4.05,Damaged
16224,295736,2025-08-09,16530,480,22,1,14.04,Quality Issue
16225,14335,2024-02-09,20529,592,29,1,385.55,Not Needed
16226,132353,2024-10-17,16059,407,14,2,65.84,Late Delivery
16227,60376,2024-05-25,10178,100,1,1,17.43,Not Needed
16228,361344,2026-01-05,16834,74,3,1,8.98,Wrong Item
16229,64843,2024-05-25,2734,220,3,1,27.8,Wrong Item
16230,235276,2025-04-11,11002,562,19,2,43.42,Late Delivery
16231,190749,2025-01-12,14208,390,5,1,2.5,Damaged
16232,239628,2025-04-23,7622,64,7,1,51.07,Damaged
16233,175408,2024-12-20,5958,143,6,1,23.75,Damaged
16234,60383,2024-05-19,8115,318,10,2,13.53,Not Needed
16235,225202,2025-03-26,18612,35,20,2,11.95,Late Delivery
16236,74851,2024-06-12,13222,664,29,1,457.27,Not Needed
16237,314228,2025-09-29,2915,711,13,1,36.13,Quality Issue
16238,171112,2024-12-17,22053,162,9,2,24.57,Not Needed
16239,35733,2024-03-28,17474,61,29,1,17.91,Quality Issue
16240,7077,2024-01-27,15365,39,25,1,5.67,Wrong Item
16241,280974,2025-07-05,15946,115,1,2,12.4,Wrong Item
16242,265358,2025-06-19,7483,103,24,1,3.82,Not Needed
16243,312924,2025-09-26,562,402,14,1,58.88,Damaged
16244,153380,2024-11-08,6933,26,16,1,4.41,Wrong Item
16245,79487,2024-06-21,21271,233,27,1,9.11,Wrong Item
16246,177877,2024-12-29,10557,111,14,1,19.44,Not Needed
16247,363477,2026-01-01,11987,61,21,1,6.16,Not Needed
16248,153234,2024-11-21,14136,57,19,2,1.15,Late Delivery
16249,232324,2025-04-04,12764,173,19,1,28.36,Quality Issue
16250,226095,2025-04-09,3545,83,30,1,2.28,Not Needed
16251,142845,2024-10-22,22474,1,26,1,1.22,Late Delivery
16252,83585,2024-06-26,4925,103,2,1,8.31,Not Needed
16253,214838,2025-02-27,19213,378,6,1,6.81,Damaged
16254,54794,2024-05-04,15546,363,34,1,4.48,Wrong Item
16255,68729,2024-06-12,11113,286,13,1,10.74,Not Needed
16256,362776,2025-12-28,20392,181,5,1,2.62,Not Needed
16257,326759,2025-10-20,628,96,12,1,4.41,Late Delivery
16258,176550,2024-12-26,14986,656,2,1,168.98,Damaged
16259,295077,2025-08-20,11737,47,24,2,21.02,Not Needed
16260,159904,2024-11-28,9267,497,22,1,5.93,Wrong Item
16261,125190,2024-09-23,22972,348,14,1,62.42,Not Needed
16262,275775,2025-06-30,20660,89,26,2,19.31,Not Needed
16263,253826,2025-05-21,2796,433,17,1,12.68,Damaged
16264,90283,2024-07-11,5247,57,9,1,0.99,Quality Issue
16265,201134,2025-02-05,1446,87,11,2,2.03,Not Needed
16266,173192,2024-12-15,15392,1,1,2,1.82,Quality Issue
16267,366037,2026-01-02,6655,185,24,1,11.66,Quality Issue
16268,68666,2024-05-27,9479,69,20,2,8.94,Quality Issue
16269,298512,2025-08-15,16805,425,33,2,20.9,Wrong Item
16270,294369,2025-08-14,14110,76,23,1,18.31,Late Delivery
16271,142361,2024-11-01,20706,576,18,1,18.7,Wrong Item
16272,252528,2025-05-19,21230,7,18,2,24.32,Quality Issue
16273,304857,2025-09-08,10528,315,30,1,2.83,Wrong Item
16274,180623,2025-01-03,14742,464,14,1,11.78,Late Delivery
16275,127267,2024-09-19,12656,171,25,1,11.47,Not Needed
16276,11753,2024-02-13,8027,558,2,2,27.04,Wrong Item
16277,37803,2024-04-10,20877,246,7,1,17.6,Quality Issue
16278,233017,2025-04-08,10736,25,6,1,5.98,Wrong Item
16279,103635,2024-08-02,16779,99,30,1,3.18,Not Needed
16280,237310,2025-04-23,21699,154,28,1,10.57,Quality Issue
16281,320728,2025-10-18,23347,483,8,1,3.45,Quality Issue
16282,74329,2024-06-17,17413,118,2,1,3.74,Not Needed
16283,208971,2025-02-22,569,604,27,1,364.75,Not Needed
16284,268840,2025-06-15,17535,198,5,1,32.59,Damaged
16285,140794,2024-10-18,20070,666,8,1,244.68,Wrong Item
16286,127709,2024-09-25,22256,534,27,2,11.12,Damaged
16287,298505,2025-08-28,3971,118,9,1,1.29,Late Delivery
16288,237574,2025-04-15,10243,644,34,1,370.47,Not Needed
16289,144170,2024-10-23,13661,680,7,1,474.87,Quality Issue
16290,352134,2025-12-19,16717,663,26,1,126.59,Quality Issue
16291,243780,2025-05-07,21847,56,14,2,17.12,Damaged
16292,317936,2025-09-25,4953,397,5,1,5.5,Wrong Item
16293,115794,2024-08-27,21322,215,21,2,22.01,Damaged
16294,320232,2025-10-18,24626,58,32,2,4.81,Not Needed
16295,145688,2024-11-13,4026,147,20,1,15.37,Damaged
16296,317886,2025-09-28,8456,119,8,1,15.15,Not Needed
16297,320597,2025-10-05,9882,44,18,1,10.42,Damaged
16298,153735,2024-11-21,15456,374,13,1,10.49,Not Needed
16299,92599,2024-07-22,5091,663,26,1,69.95,Not Needed
16300,7789,2024-01-25,12043,134,22,2,16.7,Not Needed
16301,204234,2025-02-16,20867,264,18,1,14.71,Quality Issue
16302,301030,2025-09-04,13058,696,9,1,445.28,Damaged
16303,41490,2024-04-09,20697,154,32,1,17.79,Not Needed
16304,324740,2025-10-26,18597,475,13,2,14.11,Late Delivery
16305,267801,2025-06-29,23474,142,30,2,16.47,Quality Issue
16306,114528,2024-09-11,2582,521,34,1,5.02,Late Delivery
16307,221553,2025-03-19,4397,674,26,1,109.4,Not Needed
16308,202490,2025-02-03,19925,478,18,1,23.49,Damaged
16309,236640,2025-04-16,11570,609,4,1,515.63,Late Delivery
16310,144473,2024-10-22,13704,290,19,1,15.13,Wrong Item
16311,206456,2025-02-23,24627,177,34,2,18.28,Quality Issue
16312,140876,2024-10-24,22649,473,16,1,14.6,Not Needed
16313,307108,2025-09-06,13421,307,15,1,5.18,Not Needed
16314,200171,2025-02-15,6951,544,21,1,2.8,Not Needed
16315,117012,2024-09-06,14381,386,31,2,55.55,Damaged
16316,132473,2024-10-12,11703,189,8,2,14.72,Not Needed
16317,331048,2025-11-05,19233,280,15,1,86.26,Late Delivery
16318,200676,2025-02-14,12672,365,9,1,12.06,Damaged
16319,104300,2024-08-15,1443,179,33,1,3.46,Damaged
16320,337825,2025-11-13,1186,334,25,1,67.01,Late Delivery
16321,218952,2025-03-11,4799,620,28,1,19.47,Not Needed
16322,146828,2024-11-04,11870,200,17,2,5.77,Not Needed
16323,109563,2024-08-24,5342,13,21,1,6.55,Late Delivery
16324,265497,2025-06-08,14683,533,15,1,24.01,Not Needed
16325,195263,2025-01-30,20973,4,34,1,23.36,Damaged
16326,168067,2024-12-19,11917,76,34,1,5.75,Late Delivery
16327,193596,2025-01-14,18178,484,8,1,46.6,Not Needed
16328,12900,2024-02-17,4655,494,31,1,2.57,Damaged
16329,102374,2024-07-31,4312,215,22,2,6.15,Quality Issue
16330,18367,2024-02-25,18457,443,34,1,60.97,Not Needed
16331,75697,2024-06-15,4652,662,9,2,49.17,Late Delivery
16332,147423,2024-11-10,20253,302,8,1,5.84,Not Needed
16333,265653,2025-06-14,5185,476,1,1,15.5,Late Delivery
16334,233635,2025-04-24,23301,106,25,2,16.99,Not Needed
16335,128238,2024-10-09,1389,422,18,1,20.8,Not Needed
16336,350718,2025-12-02,7298,146,15,2,18.86,Not Needed
16337,200317,2025-02-05,17987,625,8,1,232.06,Not Needed
16338,124290,2024-09-14,9547,674,6,1,89.17,Not Needed
16339,5474,2024-02-01,7605,80,9,1,7.76,Not Needed
16340,280304,2025-07-11,17765,616,16,1,111.87,Not Needed
16341,356046,2025-12-10,22415,2,14,2,12.06,Damaged
16342,179505,2024-12-27,19114,327,2,1,13.2,Not Needed
16343,116409,2024-09-03,20489,131,5,1,3.08,Late Delivery
16344,38990,2024-04-02,10393,20,20,1,7.99,Quality Issue
16345,221711,2025-03-26,4127,25,1,1,24.8,Late Delivery
16346,239709,2025-05-02,19177,692,17,1,243.97,Quality Issue
16347,76948,2024-06-18,4607,106,14,2,5.98,Quality Issue
16348,117057,2024-09-12,22452,40,14,1,15.81,Not Needed
16349,237687,2025-04-25,23274,203,13,1,2.29,Late Delivery
16350,21438,2024-03-02,8132,22,1,1,17.58,Not Needed
16351,37977,2024-04-06,23024,42,10,1,2.98,Not Needed
16352,146596,2024-11-01,11999,311,34,1,18.44,Late Delivery
16353,364043,2026-01-08,13605,314,23,2,37.53,Wrong Item
16354,341221,2025-11-26,19633,557,16,1,8.0,Not Needed
16355,288493,2025-07-28,21191,514,6,1,63.82,Late Delivery
16356,69960,2024-05-30,1376,23,8,2,27.71,Wrong Item
16357,15829,2024-02-09,2218,31,15,2,4.71,Not Needed
16358,329140,2025-10-20,12822,309,18,1,18.6,Not Needed
16359,18005,2024-02-25,19587,296,33,2,21.49,Late Delivery
16360,79773,2024-06-27,21114,197,34,1,3.31,Wrong Item
16361,245360,2025-05-06,4530,86,14,2,33.02,Damaged
16362,85068,2024-07-05,23712,291,33,1,16.07,Not Needed
16363,199445,2025-02-05,8948,453,30,1,29.33,Damaged
16364,307674,2025-08-31,3659,146,29,1,3.34,Quality Issue
16365,285132,2025-07-21,9559,166,27,1,2.96,Late Delivery
16366,300349,2025-08-31,4871,196,32,2,8.02,Quality Issue
16367,52187,2024-04-30,18336,316,5,1,14.57,Quality Issue
16368,58280,2024-05-16,13238,402,34,1,24.64,Not Needed
16369,210809,2025-03-06,19530,436,18,1,12.07,Not Needed
16370,60996,2024-05-23,866,69,21,2,8.37,Damaged
16371,78431,2024-06-23,21492,10,27,2,7.3,Not Needed
16372,250876,2025-05-26,5071,315,18,1,11.02,Quality Issue
16373,158163,2024-11-19,4584,684,18,1,50.89,Not Needed
16374,156761,2024-12-02,3506,202,30,2,8.83,Late Delivery
16375,318863,2025-10-09,9402,98,4,1,2.38,Quality Issue
16376,297822,2025-08-22,14377,132,19,2,15.11,Quality Issue
16377,145633,2024-11-03,2844,63,21,1,55.63,Late Delivery
16378,225361,2025-04-05,17298,326,14,1,6.11,Quality Issue
16379,286649,2025-07-18,22515,115,32,1,1.7,Damaged
16380,227242,2025-03-24,13799,217,14,2,39.92,Late Delivery
16381,159857,2024-11-20,6497,540,32,1,32.7,Not Needed
16382,257082,2025-05-21,17748,354,25,1,16.13,Not Needed
16383,263096,2025-06-03,12318,542,22,1,3.78,Quality Issue
16384,209940,2025-02-26,15219,130,26,2,1.68,Quality Issue
16385,283921,2025-07-21,2850,240,8,1,6.92,Damaged
16386,49035,2024-04-28,8770,431,5,1,17.29,Not Needed
16387,158734,2024-12-04,16685,35,22,1,10.62,Quality Issue
16388,323504,2025-10-19,8235,618,19,1,147.91,Late Delivery
16389,109172,2024-08-31,6429,187,34,1,13.87,Wrong Item
16390,173692,2024-12-26,1112,341,31,1,48.81,Quality Issue
16391,299582,2025-08-24,23664,306,5,1,71.62,Late Delivery
16392,154274,2024-11-10,15823,467,32,2,44.79,Damaged
16393,235520,2025-04-14,23436,389,23,1,29.35,Quality Issue
16394,77671,2024-06-29,13744,200,3,1,34.37,Damaged
16395,220102,2025-03-18,10877,164,18,2,15.12,Damaged
16396,176617,2024-12-26,4466,181,33,2,5.95,Not Needed
16397,292582,2025-08-06,656,274,33,1,50.02,Not Needed
16398,95058,2024-07-23,17924,568,11,1,19.88,Not Needed
16399,74490,2024-06-15,21693,332,9,1,22.44,Damaged
16400,339647,2025-11-23,16529,459,19,1,14.06,Quality Issue
16401,222540,2025-03-31,11710,556,16,2,41.4,Quality Issue
16402,27540,2024-03-21,23709,93,10,1,10.74,Quality Issue
16403,324369,2025-10-17,10425,494,2,2,6.64,Wrong Item
16404,25308,2024-03-03,15606,414,1,1,13.33,Quality Issue
16405,155717,2024-11-27,15147,490,34,1,21.04,Not Needed
16406,62193,2024-05-14,7714,92,13,1,1.73,Not Needed
16407,337355,2025-11-17,2926,536,18,2,30.99,Not Needed
16408,83230,2024-07-03,2965,650,16,1,302.48,Not Needed
16409,361357,2025-12-20,313,281,15,1,47.38,Late Delivery
16410,53183,2024-05-12,361,234,10,1,4.29,Not Needed
16411,6385,2024-01-28,5743,573,20,1,22.72,Not Needed
16412,329692,2025-10-31,11157,65,17,1,42.27,Wrong Item
16413,222867,2025-04-02,13465,348,33,1,52.01,Damaged
16414,341465,2025-11-21,7177,660,31,1,161.97,Damaged
16415,190814,2025-01-17,11137,588,9,1,1042.59,Damaged
16416,126554,2024-09-16,22554,294,17,1,20.52,Not Needed
16417,344966,2025-12-03,18227,170,22,1,1.56,Quality Issue
